id,topic,text,timestamp,run_date,source,clean_text,sentiment_score,sent_pos,sent_neu,sent_neg,sent_confidence,sentiment_label
CBMigwJBVV95cUxPdTlvYTctVVBXaGdETDBLcDJmOHdBSlFjbWVhR2hxdmhqODYzVDFVX01qRENaY2RWRFgyUXdYVG0yNF9HVUktWTdweXV0SDNPUjZSRThBOWZ1SGJhM0JWNndaZHdhbHlxbDJZZEFfRDh5blVPeVZDY0pwUmVRbWhyMlRhX2ZqbmNJZTlUT01oSTZGMjlTejdwOEU0REdnOERZUTA4alVlaTFoaHFZZ2ZoTFBPblNLQlZoejNqOURLdUNzVnNrWGZTQjhkc253VUlFRDJGY1IxTlJ2bkl5NFpsMlA2V01HMG4zQWFDMnhFdndnYmtocmJrWDJkcVBQRExIU3hv0gGIAkFVX3lxTE1zb0VtVXltS056b3VjaUFPelR5cEU2TnhURHR6S0Y3aU5sOUd0eC1GM3l2d3p4aFpKaV9wa3Z5MHlJeFJCRVpTNUFmSXRsQUx5TVV6MU1PS3JDeGxtZWNQWC0tZ0s0VHJVaHdMaHc4N3pHR3lVczZWNnRIdEM5N2Z4WEJyTjRWN0JJTC1Xc1dQaFhwa21UQ2lrR29xRlRhN1Yzbm5wWU9RUHpzd2RfQzNNUXhhdjk4dHBpX1k3Qi02NE5Sc3lxdy15NEYwdm9kZ054RWxmRmdqdnZBSHFMZWE3RGQyODBhcHlQRUNpcDgwUFdtVU5UbDg2NjdlN2xmMXdpYkZhZzk0eQ,GenZ India,"Shark Tank India judge Anupam Mittal’s career advice for Gen Z: ‘If you’re not feeling it, move’",2026-02-03 07:19:00,2026-02-02,Times of India,shark tank india judge anupam mittals career advice for gen z if youre not feeling it move,-0.0951,0.0,0.916,0.084,0.0951,Negative
CBMi6AFBVV95cUxNQ0FmaXZ4RVE2TmtEVkpJcG8wZmc0bkxQNDNycldYUU5NMzgzU0dvSi1rT1ByMkt5Rk5waTZMYkZFdl9pWmx1STMwYVJtOUpnZ2NXWHF1QjdWUjV6WW11UncxcWpFMjh1YlVDX1BTNzFhbFhDVFA5OG54U3JSQ1RIMF9vNnEzRng1X19MY185a19LejVKTE12TXFCQnFDTVVSeHVyQV9QSXBIQlVEcnBQeUZDdlJyMEdrSGRHZUZ1Y0hOeGtvNGRCYzVTMTRkSDJseE96Q0Z1cUFiSVdxRTVCLTBlTDlBdDBG0gHoAUFVX3lxTE1DQWZpdnhFUTZOa0RWSklwbzBmZzRuTFA0M3JyV1hRTk0zODNTR29KLWtPUHIyS3lGTnBpNkxiRkV2X2labHVJMzBhUm05SmdnY1dYcXVCN1ZSNXpZbXVSdzFxakUyOHViVUNfUFM3MWFsWENUUDk4bnhTclJDVEgwX282cTNGeDVfX0xjXzlrX0t6NUpMTXZNcUJCcUNNVVJ4dXJBX1BJcEhCVURycFB5RkN2UnIwR2tIZEdlRnVjSE54a280ZEJjNVMxNGRIMmx4T3pDRnVxQWJJV3FFNUItMGVMOUF0MEY,GenZ India,Anupam Mittal's 'stop shaming Genz for switching jobs' post gets people talking,2026-02-03 05:52:17,2026-02-02,India Today,anupam mittals stop shaming genz for switching jobs post gets people talking,-0.296,0.0,0.833,0.167,0.296,Negative
CBMiqwFBVV95cUxQbnltRlkwd2xESHJOWXpmRmNBdUsyMmRiREhfdUR3M3F1c05nM3hYTUNTR2hrQlN0Nnh4QXEwVnNUcFRObkk5Q0hvY0Z2ekpTMjRGRWw1cFBQQXdpU0NrYzR5RUxQWVJBZ25uYXd5ek5OVW9kUi1ONUV1RXFnbWI4TjB6bzhpRC1ubFllbHJDNGExNi11SjVTeWdBVy1JVXFVZUUzM2VRalUxYkHSAbMBQVVfeXFMT3A0ZElmOHBMcTVOT3VyS2lrMWpBQTIzMUFZM1o3SEk3cG5Id2VrY3VRa283cDZfZFJNS1l0eVdMWWRaVm1TZGJJbkJpcnRFdERORGVPWVFocU9YZ082M2NpUGVvZEQxcUFyWDltNG1pU0k4a28tekRFLTUzN0FZVzhNQXJGQTFsT05qNGtqZjZVWGRzdGRNMWd3bUpHbGZyZTZrWmpJX2FfME85Z2ZTaXVmcEE,GenZ India,Sonam Wangchuk Tried To Instigate Nepal-Like Gen Z Protests: Centre,2026-02-02 18:47:57,2026-02-02,NDTV,sonam wangchuk tried to instigate nepallike gen z protests centre,-0.2263,0.0,0.808,0.192,0.2263,Negative
CBMiwgFBVV95cUxQVWxzTXp1TE9sWXA1Q2hjUFVLbWlQb09UaGF3T09NSUVJTEVTdTIxSDd0OTlPYTJfNzJGdC01MEd6ZkxzVzY5NzhEZDFaVThtN1gyYmFCcnpIYkg2MHNZRFFYZU9lbmhPZ3B4aEUxcTZ4blZFdHNqczdyelFKTlhoVlBkVE5sbWJNMmZEa0FZdTk4X0Z6SW1jeDFEQ0RtWjFTbDVGM3Jrd0tIWXN3Nl9yU2hzX2JpMWdlblRMT1dfdUtKQQ,GenZ India,Budget 2026: Gen Z Economy Boom & Digital India Drive,2026-02-03 02:32:01,2026-02-02,Whalesbook,budget gen z economy boom digital india drive,0.0,0.0,1.0,0.0,0.0,Neutral
CBMi0AFBVV95cUxPdEhFaDNiQzZHdlJnQUNQX1ZLWVp5NjhndFZza2xvc0hKRE5JdDVQVkN1Z3VCOXcxejAwTmdTOHhuYkVNOTUyT0pnZWdvalBhYktONlh5S1Q3cGNzdEZJQkgwU2JoUTBNN1czRzhXWjZselliY2txdEZrQmRfZzUwTnluR1E1bFlqMXdKNktQbVRwYTBOSnU3eXEtUGdZc2hoUHpzYU9mLWNXQThaNndSR25VX0dmTmItc0duZEhBbkpETExUYUhwOTBZWkZaYjhQ0gHYAUFVX3lxTFBNU01lbEJBQ05QYjUyY05OZ2VRTkJyd3BjZ1lueE1ZQWQ4X2pHcHZnVjBrR0tpTENrSmhFcFhSTWlfWHdJLUdkUWd6YXZfMFUwYjNCZG4zOU1BeXBHdXRhYUNOclZEbVNrLWFWMjZ5aHRvUDNWa3doX0RfS3ozaWpmX202V2hwNWIwQjJKUGVOS0JPMGtEZVBqaTNhYUtxd0Zla2VMajEybE5XbVlSSFFxbWJIT0t5UUx5SjBMcEFRZklacElEUHViVG5TR1JhSE96NzVMRnlmWQ,GenZ India,Anupam Mittal's Hot Take On Gen Z Switching Jobs: 'That's Exactly What Youth Should Be Doing',2026-02-03 05:29:32,2026-02-02,NDTV Profit,anupam mittals hot take on gen z switching jobs thats exactly what youth should be doing,0.0,0.0,1.0,0.0,0.0,Neutral
CBMi0wFBVV95cUxNSUI1WHdkR1E1Z3lqMkJpWFE3ckpjY1VlOEJyNElxNTFWUUVLTEFIWGNXanpzMUk1ZG1jblBveWcxUVo3WGU3UTk0TUt3T2JwM0dCYVpVM2h5OGlzX1pONEZuSmRrY0N0bnExNjVDOEJLSWhzNTJHc25aejdLN2xvSHJhQy1BUno4ZldCN2hkVE81WFFnSGdsVHVtQmZrY3d6c0hIQmE3bGZpR0Fhc1hYMFRNXzdRV1RJTVUwSnRGSUl6cVFYWl94VFVxSk5zVHo0WEk00gHaAUFVX3lxTE5kSE5zYkZHTFJSSWxOWm41T2lmVjU1N1R5THEyUWpiUExMcUh3dnVXdjRnTGtraV9fUUF6ODNOTEVhbHRlWXQxRUtjZUhRZTdYd25fYTVYY1lYUk1HaVFDREZZdWl0MVBfVFlwRktDaWJmRU5uZ0tHdzNzWG8xdzA2VFhuVmhSNVNNQ1lNdlJYcVk2TExiNVRwNmpRRmloVzlWYVRZeVVHQ1A0SXRiRFZZLTgwTFUzdV9ScVFfQ0JJOFpVOUMzUUtpSDdXd1lIQ1pZTE1jS3VDYnJB,GenZ India,Nirmala Sitharaman’s ‘orange economy’ bet: Turning gen Z hobbies into lucrative jobs,2026-02-02 23:54:00,2026-02-02,The Financial Express,nirmala sitharamans orange economy bet turning gen z hobbies into lucrative jobs,0.0,0.0,1.0,0.0,0.0,Neutral
CBMi3wFBVV95cUxON1BFN1BMMEVCWWxpTUNCVkVFOG1kT1NYZXIzcTF6a1RlUENkdk1vRC1ySnVTQjEydzlpb09iV0xzM1hlM1hSbUtsaUFlUTYyUTBZbXR6alBOOThtWjBUSC1XVUdEc1pQUzNFaUFTZ19SYzJwcGEyS0l0aUE5Nmc2UkVsYzl1YkFVZFI2Yl9ldllyejZ5eTZwNHI1WGdIWlcycl9kWGFWQmJudHRKMkdHakd3amVGOFhOUjR0WDFKNWZEdVB4bkgzanBxMWVJNzRfT1FGbWtSMjBNdkhFQUtR0gHfAUFVX3lxTE43UEU3UEwwRUJZbGlNQ0JWRUU4bWRPU1hlcjNxMXprVGVQQ2R2TW9ELXJKdVNCMTJ3OWlvT2JXTHMzWGUzWFJtS2xpQWVRNjJRMFltdHpqUE45OG1aMFRILVdVR0RzWlBTM0VpQVNnX1JjMnBwYTJLSXRpQTk2ZzZSRWxjOXViQVVkUjZiX2V2WXJ6Nnl5NnA0cjVYZ0haVzJyX2RYYVZCYm50dEoyR0dqR3dqZUY4WE5SNHRYMUo1ZkR1UHhuSDNqcHExZUk3NF9PUUZta1IyME12SEVBS1E,GenZ India,‘Don’t shame GenZ for switching jobs': Anupam Mittal's career advice sparks discussion | Trending,2026-02-02 18:25:27,2026-02-02,Hindustan Times,dont shame genz for switching jobs anupam mittals career advice sparks discussion trending,0.3724,0.175,0.825,0.0,0.3724,Positive
CBMikgFBVV95cUxNQ183MWJUcGFEZGI1YjZYZi1BVmtVOWhHZlB4cFRIamRzcVp3NFJCTEZCWW5CRnp3V21ISnkzVlUxN0lWTFJxVHJMVmVFTFJnRXJRVV9MQVB1UEd2a0JkUlhqdkk4SmlpamcxT3pXRFFJSUwyZWw2VUQzMFhrTk5xd0tJOURnWGtISTdzbjdmQ21kdw,GenZ India,Concert-driven Gen Z Travel Leaking Out Of India,2026-02-02 08:55:46,2026-02-02,Kashmir Observer,concertdriven gen z travel leaking out of india,0.0,0.0,1.0,0.0,0.0,Neutral
CBMiuAFBVV95cUxQT1ExUTJvZVphZDlzWjViNXo3Z2FSbnFzWko3QmJxaFNKY3FQRlRYbjB6My1MU0FtV1JISlQyd1RReUk4RklQMHhVcDJZVXJhREU1bDBLOG4tRzVjWmNiUTZXOG5ycjdDbU1vZHlqXzFHUFYzOGRXSHV5QklrZWlZODROS0NiMzBadkV4WWJJR3RHajVvVjY0LXotUFN2WjlNVWFTMlFVczQ5MmxkRExxNlhfWThWb255,GenZ India,"Wangchuk tried to instigate Nepal-type Gen-Z protest in Ladakh, Indian SC told",2026-02-03 06:45:30,2026-02-02,Kashmir Media Service,wangchuk tried to instigate nepaltype genz protest in ladakh indian sc told,-0.25,0.0,0.846,0.154,0.25,Negative
CBMi8gFBVV95cUxOUkJNMDF1WjVrNDJTMXo3R1V5ZTdwRHlPU2hmS3Q1d3RvbGdmM09pOTdJQzdnR0VPRDgxYWlFV2NNa0ZiR29NeUNKd2dheVg3X080eU10X00ybERiVjhUTC1zT2tBZTZwSGQ0VW1MMnU0clNYUXBjWTdYTmVPUFFlaUxVUmtlVUc3em9tZ0pYNk5JaG8xS0FReDExb3J6cnlsQ292VGlGVjJDbWd2cjRaektyMEtuSEhoSmpZMlFrSEZnNXhCN0ZySkN0SW54cWdHSmF3TDU2aG1jWEpvakN1MzVxXzlUVjlDZFlQQmwtVHh4QdIB9wFBVV95cUxQWlRaekZBOXZ6RkY1LXlLbWVSRGhQMV8zOUp3V01lMzhWN2d3Q2JQdFRfYXNmOC1YUHYtYXpQcXZjcEZ5OElxMHktNDJISmFlWlZXbkw2bk9XZHoxcUtQbXdUb1BYazBWTWRUTzVRaV9ya18zcVNZZm9JZnMtbFFyX3NhdHhFVmR2YkZ5a25fN3ZtazdoMUdlMkZUdlJmOXNmVFc0bF9jRG9hTlJ2Nm1QVVhUajZvMWxzbUpKaWcxV0s4MGxaNFdoclJEaG94WVZ1bkw0MmVmS0xmNDRTamFibmp5NmxITXhuYVdHaUh5NkdwTWZDS2VN,GenZ India,"Sonam Wangchuk tried to instigate Gen Z for protests like in Nepal, Bangladesh: Centre tells SC",2026-02-02 15:16:07,2026-02-02,Mint,sonam wangchuk tried to instigate gen z for protests like in nepal bangladesh centre tells sc,0.1531,0.144,0.747,0.109,0.1531,Positive
CBMiogFBVV95cUxOZl8tNjRpZ3NPWV9fa29DVFZyclJGeVVDbldHa3p1cE5ONktjcVdnSkdnOXZJWUw0R2RWMWJFdXk1dHBkSm9CM0tVSnotSDJuZ2dYYlRNN2FCVC12Y2EyTkY0U3ZPZlVuaUZObTlBYzkwY0NtVVVaVW42SENPSmpVQjEzRXYxNWp6c3o1UkZKWURiUVZDVVp6NGFsUTRTT2tVZkHSAaIBQVVfeXFMTmZfLTY0aWdzT1lfX2tvQ1RWcnJSRnlVQ25XR2t6dXBOTjZLY3FXZ0pHZzl2SVlMNEdkVjFiRXV5NXRwZEpvQjNLVUp6LUgybmdnWGJUTTdhQlQtdmNhMk5GNFN2T2ZVbmlGTm05QWM5MGNDbVVVWlVuNkhDT0pqVUIxM0V2MTVqenN6NVJGSllEYlFWQ1VaejRhbFE0U09rVWZB,GenZ India,"India’s Gen Z is raving to bhajan clubbing, where kirtans give a ‘clean high’",2026-02-02 11:09:17,2026-02-02,Firstpost,indias gen z is raving to bhajan clubbing where kirtans give a clean high,0.4019,0.197,0.803,0.0,0.4019,Positive
CBMi1wFBVV95cUxQWGp1TnBqa0JXRXVJMXlGSjFwSDhxQ2EzTHNFbEtGcTV5YkpXR2JCdnN3WkNCM0NKdjkxS3NvSklONEItVHdvQ3N0SGV6a29LTkgzZkNfbzNwWmhfMHE3WUh1cGlyWVRwVTJ6ZEZuSzkxZjAzOFNrUjVqQkdBeUZKWmVIZXI4alV0QlZlWnFqelJVY3RwX09iaFB4eEJiVlBWUXZjMGxkTDRzdE1za2p1eHJvWGJNYkNOVGJNajNDTzRVaVV3NWlNdTZxV0dJUkVzZjZjdWlHVQ,GenZ India,"From Pilgrimage to Pyre: Widower seeks justice for Indian woman killed in Nepal Gen Z protest, moves Delhi HC",2026-02-02 08:30:30,2026-02-02,The News Mill,from pilgrimage to pyre widower seeks justice for indian woman killed in nepal gen z protest moves delhi hc,-0.4767,0.137,0.602,0.261,0.4767,Negative
CBMigAJBVV95cUxOVktkS2EyUGs4aGlPV05XaUxDbzdwTU5wWE00WDRpRUQ4Yk9RMFJ2UEJCTHlTTmRoUWxFSmU5VEhZS196X2llYmphUXJfOGczc2g1VDZWMzlZeTBsdU9tWU9idWFpRVRTVV9IaV9UbnB5TzBKc3NQa2lQYVZ3clUxS0tXeFJxZDFpelJEUWE5bFVXLVpvS2FScEZWOWY1Ry1EM2hxWDl6VHowRU5FaVRuWUpZWGxBdUNNWWxJT20ydDJiOVVnTjNWaWVkRFUwVmlid08yM2VPSWprMDJHNnVfVFN2MVVYdF9YdWZmVlE4YkZ5T0lEN21UaWcxbnB4SGtS,GenZ India,"India's Gen Z is travelling for music-but infrastructure gaps are pushing billions abroad, finds a study by Bhavan's College MSEED",2026-02-02 20:01:50,2026-02-02,The Malaysian Reserve,indias gen z is travelling for musicbut infrastructure gaps are pushing billions abroad finds a study by bhavans college mseed,0.0,0.0,1.0,0.0,0.0,Neutral
CBMi4AFBVV95cUxOSkhpY2xLaGUyNTI2QWFyRlNBTlB5RDJ4bW5KMFduRzZTNnpWUXVKWlJmUGNxUjRDTllvUFdfVElWZnVhbkZvNnN4d1o3RkVkc0R3NzhoaFdEYl9CLUxUeW1LRk15UzFfUmF3Vl9WWEpySUh6RkQtTkZmcHlZUEtmcGt1WmI0OGtZNkwwaWc3RUoxdzY4aFBnMVBvWmNkcE9Iamhkb21pT3l1N3lVM29mQm5OYzNXMzBFM1NMdTE4MVVSN0VTMTVjUkNFUDhLSnZZS21Ucy1NS1Q4Mm4yZV9ZTdIB5gFBVV95cUxOZngxN1RlVnh2MTZOZTktSWVqcy1HMko3MEM2ckFwWGdGSkFneE53SFZOSWpXb1Yxd19Rby1zR010Vm0zWTF4TERjeHl2bHBHLWJRYlRVMDJiRjBmSDlVWGYwbnNHbXVYMFQtajBVZzdjMVNnOXFyOUxHMUpUV1lhelA5alAtMkNkS2lYXzFadVctd2NhOEViS2lzUEJQLUE3SjFOMUZ4MXhJWWNvSzdwbklWSDgtMGRnZUFpWmxuc00wSXVBSGp2TUJFUENIbEdPZDNxYnpmWVV3M0dLWG9zZjE4N2NZdw,GenZ India,"Boss asks Gen Z employee to come to office for online meeting, reply goes viral",2026-02-03 06:34:13,2026-02-02,India Today,boss asks gen z employee to come to office for online meeting reply goes viral,0.0,0.0,1.0,0.0,0.0,Neutral
CBMi4AFBVV95cUxQZUNSU0l6UlBCUEtLZzgxZFU1ZXlaZ05wOVNaMjVNakZuby1tWHVUZ1k5S05kTjJNQVl6MGFYdWhYams1Vl9iN09iT3VPQ2RJRVVCWEkwU1FmS2NiSkdLQXpFM3pZX1UyeEtiRjg1TDRReENtMmFyNVI0Nld5V2E4R2hKLXdma1JPU3h6eWZlZ3BxLWRzM2VRbkpOeXRqeW40dWVaSnN6Z0dqN2xLaUV0ekJZOVFsVUQ3YkJKeFVpd0JveFAyMUhDdWRUTGhVTFFaaEQ1eThGZmlUUGlRRGZZatIB5gFBVV95cUxQa251OGRtN2NFS1o3ZWtuQ0hSRGtJLXBjbmUySW9Ya2s3bVlwbUFhWUx1a283RVRmMVRzYWtyNjNmZnY2X3pZdXUxOW1SMFkzUGs5V3FWendiZk9nYUdQaDJ1WnJNR1M1cTVzYXFleTNZWXRNVDJJb2pVYWt4NXZtVkRsb01vb2s0RmN3YjRyTWVLUkpCRlNaSE1scmpZMHhiSVM5d19zX2xwbV9SQVpmVG1wVmxxbnRxOTlva0lxcjhIMWJ5VDBtTFB6a29iVmRCa0w1bEZRM25pTDkxTWNsWEJEa0Judw,GenZ India,"Centre accuses Sonam Wangchuk of inciting Bangladesh, Nepal-like Gen-Z stir in Ladakh | India News",2026-02-02 12:00:36,2026-02-02,Hindustan Times,centre accuses sonam wangchuk of inciting bangladesh nepallike genz stir in ladakh india news,-0.34,0.0,0.844,0.156,0.34,Negative
CBMi-wFBVV95cUxPS3kxMU9lalpmZmJCSDYtaENueDBCVGR5UWFkMGRxYjI0Sl9ETkw4Z056UmctNmRjdWdWemFDS0NxZG4yQWFwaE9MNFVORk56Y3BJT1N6QXR3RzZWY1A3dGZ1UDlYRmF1SnVhWm5SSU9fNEtFTlRHWlF2SnZEanVJTFBfRjkxQzAwc1hyeTJfMTdvWXY4aUsyQ3F3NFVQak9xaTZoalpMUkROc1lmQ1ZTZ2h4bUZZQ1NmZ1FhR2VTRzdRX1FfbVI2N1ZLZWhWNlR1RENPSmFuZkZlNHJPU2NNakQtMmEydTd4T2w5WGs3aHFFcTZUNkszdUFXY9IBgAJBVV95cUxOMkViWktURzRzQlZwbVN0WmZMN1F1RHdhVVJLY0ZDTTRPVU8zREhnOWVoTkRWTndXRjBpU2ZBcG4yRVRyYkdJdUtkX0NrQk1RRE15MVRIWnM3dEhLSlMtOVdSbFF4eHdwN1IxQUdpOEVDWlYxVllkUjBVS3ZxTEZSdWViYTc2VWJMWDVaTngtdUlLSFVMbFN1US1UellQaU1TNHVnTXRYcXVaZWVLamJ4VUJOcTc3Uk1KOEo0b1NSR21vNmtvakdiUDJYWmU1cU44SUQ4YTEzQWJLX2tjaExuTUwzZFBDMi1xUWFuVGNWMmRoYmd4SkN1YjdGRkNBd1JM,GenZ India,'Sonam Wangchuk tried to provoke Gen Z': Centre's massive 'Nepal-Bangladesh' charge in Supreme Court,2026-02-02 14:11:00,2026-02-02,Times of India,sonam wangchuk tried to provoke gen z centres massive nepalbangladesh charge in supreme court,0.2263,0.208,0.636,0.156,0.2263,Positive
CBMi3AFBVV95cUxNMElpT0FwdGhnXzhJbW51R0E5MFJtOGNUdUh1TnZMekktZ0xocFJTb3NKN0QwMklzTXhNUGpOTGM1SHBmUHloTVJTVUI0UEg5dHhqU2ZHVlpKTkp4aF9RSUQ1UVJvTjFyRlFUcTR0SFFOZmlIdmNtM2JXbzR6d0d0OVRSRjlUNDBZTFlTbnVySU8tMzdvN2RNbG1KcUFJRlBhSWItdHBkTHNiS3pQUWFVVU9UekttUVA0N21oVTJrS0xfOHNoMzc5eWxGRVV1WWZGcUFpZVVqNWFzUWkw0gHcAUFVX3lxTE0wSWlPQXB0aGdfOEltbnVHQTkwUm04Y1R1SHVOdkx6SS1nTGhwUlNvc0o3RDAySXNNeE1Qak5MYzVIcGZQeWhNUlNVQjRQSDl0eGpTZkdWWkpOSnhoX1FJRDVRUm9OMXJGUVRxNHRIUU5maUh2Y20zYldvNHp3R3Q5VFJGOVQ0MFlMWVNudXJJTy0zN283ZE1sbUpxQUlGUGFJYi10cGRMc2JLelBRYVVVT1R6S21RUDQ3bWhVMmtLTF84c2gzNzl5bEZFVXVZZkZxQWllVWo1YXNRaTA,GenZ India,"Anupam Mittal urges end to Gen Z job-hopping shaming, flags need for long-term commitment",2026-02-03 04:12:53,2026-02-02,Storyboard18,anupam mittal urges end to gen z jobhopping shaming flags need for longterm commitment,0.3818,0.178,0.822,0.0,0.3818,Positive
CBMi7wFBVV95cUxOQzVyMFVSekV6a2dlWVBPMWphblMyemdDSG9xNjk4b0NwNE5wekt6M3EtMU9rNXZXMHFSU3ZCVzQyTUVsSTg1OG1aRndIREtuT0FNUDBQbksyWlNpbU04TTNHV1NnX1BUM3p3bVZ2YU10dnBFOGlwdVBhSHphSnhzeTFhUjM1MHBQdVRYUmpreE1nX2NJMDd6QzluWjlFTXVFOWV5MkdNUTNhNGFVRTluc1VPQXhVeVRLNGtqREFrVHpKemdpUm9SQWo0QmJmNS0zWmpOV1BlYW9rT1B0U2FRLXJKZlRVUGZYNUpleEtmTdIB7wFBVV95cUxOQzVyMFVSekV6a2dlWVBPMWphblMyemdDSG9xNjk4b0NwNE5wekt6M3EtMU9rNXZXMHFSU3ZCVzQyTUVsSTg1OG1aRndIREtuT0FNUDBQbksyWlNpbU04TTNHV1NnX1BUM3p3bVZ2YU10dnBFOGlwdVBhSHphSnhzeTFhUjM1MHBQdVRYUmpreE1nX2NJMDd6QzluWjlFTXVFOWV5MkdNUTNhNGFVRTluc1VPQXhVeVRLNGtqREFrVHpKemdpUm9SQWo0QmJmNS0zWmpOV1BlYW9rT1B0U2FRLXJKZlRVUGZYNUpleEtmTQ,GenZ India,"Referred to Central government as ""them"", tried to instigate GenZ: Centre to Supreme Court on Sonam Wangchuk's detention",2026-02-02 11:22:44,2026-02-02,Bar and Bench,referred to central government as them tried to instigate genz centre to supreme court on sonam wangchuks detention,0.2732,0.163,0.724,0.113,0.2732,Positive
CBMiywFBVV95cUxOTVNNRmt5WEFaSGZyaHZHWVNMV2w4bElwSE9yT1pBazExQjRnSGZ6N0NGdzFUVnAwMXpPVE1YTVgxYTRhelJKcDBzWFJNYnVqUVN4c3ZTSVlVbWNFdm5ET01aeDBNUGlnU2haWkF1YlRIUHJJdXhKS2xQQUo4Z1Q0UjYtSHM3d1BxUHotSktUVnJVZmw0Q1RYUjlOQjJBc2tXR2hLRVhvR3hpTS1oaUV5dmVjUXJuQXBUUmQ0NnE0NXNkdmVpMzVTUFhRa9IB0AFBVV95cUxOeTZ1RVBHTEFraDlFMDFwZXpPbXI2ZDJKZjRzSF85aWwwTTB2cW9PRTNKSFhHWEhyLVVibDRVLUhucl9GVjVBODc0b0xCek5BMFl2blU3REw5MHN4SzBTMzJXY1ZVaHI5UkVGejg0V2M0UTF1UDFDSFNiampjWVpfaXZwLU5ZbWtFMnNnMGlyWWRfbTZnUE1WN0ZIX2piTUt2UmR5UHVqcWVwMXJ0R2wyZFg4bWN6UzMtN1daWlB4M3NyYV9pdUVEYmYyTFY4RWNS,GenZ India,How Gen Z is questioning age-old practices in the workplace,2026-02-02 09:21:54,2026-02-02,Business Today,how gen z is questioning ageold practices in the workplace,-0.1027,0.0,0.851,0.149,0.1027,Negative
CBMi9wFBVV95cUxQY0JVRkZhSkQxSFFsd1BTc3JEMkprQjAtTDZQMTdFVTNEZERvRHdIdl9HQVZhcnBMU0V2eVRQMG44UGp5Zld5NlViRjBhQ1Y1bEZXVS1Gckp6bHgxc29ERW9hdy1OSzhRd09MSTNiQk82QUR1M0RvYy1ua09qWnJuUkloOWVTaHlKUFhqVEM4V002OVNYeDJSdjYwRFNocjh6RUlsNDFuTjBEb1Z2RGpiUkg5VEppTTVwUnE4a2FiTFAxdHRSQy0yV1RRRTNpLW51TXpWZEtuTlFTMFZ6ckhiTzJ3WldTMVdkbld1eERGa25rQ2IyQ09n0gH8AUFVX3lxTE9oaHVSbl9DRThiNFFIWlBteXlRdktFbmFycUZyaDN3aVJVOXYtVDIwTDlQNTZXd3FCRzhaNmFZc0Fzc0RYNDhDZVlfemtUWlVKYVR6cUo1WW93Q29KTFJXZGNqYk9veE00SGVyR01UT1lxX2NsOWJBbEM5WlhCZ1JHLXlFYVR1WTVwSWk4M1hJb2sxT0EtSEUtRjNVOFpTanNNN3RwSllhYjVmV1FGY3Y5OTFub2pLcmR5YlR3LVljU0ZkWDJUanhnTWtPbUdIUmVqYkdyY05XZWd0RUIzSUJSaHlUUlAwSVJzUEpFTFhZaXpQY1hqeE1lTktLdw,GenZ India,"'Separating Ladakh Between Us and Them', Sonam Wangchuk Was Instigating Nepal-Like Gen-Z Protest: Centre Tells",2026-02-03 02:16:42,2026-02-02,Times Now,separating ladakh between us and them sonam wangchuk was instigating nepallike genz protest centre tells,-0.25,0.0,0.875,0.125,0.25,Negative
CBMi3gFBVV95cUxObmhkWm93Y3FMaDdqM256Q1ItN0hfNmtJVGkyT3dMLWNScHJRYnROeFh6bFd0WTV2ZFdoVVRnNmxsNWMzNWFaS0syXzVHUXFSWXhpSkhvZ2RNSVRSdUk2Q3pXVTVBU0lfdVBJY1lOQ2ZxVXc5aDB2Z2F3QmtUYmxjS2pyemNMZS1XZHlWcDFvNFNfR1ZEZWotOWJON3Z1YVctdVBzQy1QRXlramJ6anB4bHRTRm9icFptWUl6NExDV3gwc0FFVXpPOXNTdUliN3BLbW1LVnNxTUkwUjZhNkE,GenZ India,NIVEA Soft Fresh Batch 5.0 Delivers Strong Gen Z Impact Through AI Led Personalisation and Self-Expression,2026-02-02 09:50:27,2026-02-02,Passionate In Marketing,nivea soft fresh batch delivers strong gen z impact through ai led personalisation and selfexpression,0.6808,0.318,0.682,0.0,0.6808,Positive
CBMi1wJBVV95cUxQOGYwOVF6UkpvOXRzUm9HRjU3U2FCWFgzbktRTk1kdW5EOHNiYThHX2hPNTJ6cU1ZVE91UkFVczZaYWRuZ2N3aWZnaUxKMUF2WGg4enh1S2ZxdlhjcHd4VWVucm9HUjRvV3RFT3I1THJxSWVXTXZsMDdOTlhHV04wSFU3V3ZsOUlERmlFOEYzbWdmcGoyUklucmpoYlh5djhFdnY2NHg3cXhXZU04RVlqZkVmN2otODY4NWUzNmZ5NWlGdV91X0VJT203VC1qTnZsV1hpYnVpTjg2cWZtbHYyWnU0Y0Y3bW5fZHBpT3ZXQnN2cHpCRk9xemUtRXQwMWVpMGUzaDY0X3UyWWV2YWtCUG9RNWNXZTBMUWZJcjlSNWwxQ2dhUmQ1NldOa2tES0hhMGFQN3RFOEtKeW5XT01zZS1pSkZVZEF2V0hlVEVpQWVkNldaUjVZ,GenZ India,How Gen Z is redefining work culture: They want growth over cash and praise!,2026-02-03 00:59:05,2026-02-02,MSN,how gen z is redefining work culture they want growth over cash and praise,0.7579,0.429,0.571,0.0,0.7579,Positive
CBMi2wFBVV95cUxQZnpqN1RIa0g4TTkzd01FS0FQWkpqa0FUZDFnWUNqd0xxSzNtTzZMNDZqZVJ1LTlnTVRxUF9TbVg2bkw5NHNZUjdEWDQxQWhtQXUtTEZTcm1NM2h1azRkZXJuQ3JmTGplWGE1c3Z0VGtCVDRwRGZYSjRSQkxyeUtXWEFzUG9vemlUZ2xVXzV5Rkh1cGVGdDk2SU9JNU1uak5heXpJeHN5YTlFUHRfa05ZZXZKTmtPRGU0WTl2NDgyb3BHR2VXMVRKRU9USUY0V3hSMDgtY01FRTNfQ0XSAdsBQVVfeXFMUGZ6ajdUSGtIOE05M3dNRUtBUFpKamtBVGQxZ1lDandMcUszbU82TDQ2amVSdS05Z01UcVBfU21YNm5MOTRzWVI3RFg0MUFobUF1LUxGU3JtTTNodWs0ZGVybkNyZkxqZVhhNXN2dFRrQlQ0cERmWEo0UkJMcnlLV1hBc1Bvb3ppVGdsVV81eUZIdXBlRnQ5NklPSTVNbmpOYXl6SXhzeWE5RVB0X2tOWWV2Sk5rT0RlNFk5djQ4Mm9wR0dlVzFUSkVPVElGNFd4UjA4LWNNRUUzX0NF,GenZ India,"Wangchuk tried to instigate Nepal-type Gen-Z protest in Ladakh, Centre tells SC",2026-02-02 16:12:47,2026-02-02,Tribune India,wangchuk tried to instigate nepaltype genz protest in ladakh centre tells sc,-0.25,0.0,0.846,0.154,0.25,Negative
CBMi4AFBVV95cUxQZjJqTUxLMTBHRDN3aldPS0RPYW5YcHZIRDVIZEJrN0VHQ29OemhrdUIza25ERDBta1l2UkdybDV1MnRnNHlvSWtnWXI5am5lQ0FkSjJmLU8xUkNBZ040djktOTdIV2NOd1Bac1ZwaXJRNmdHV0diMzVxZHlnNlp0VW9xV29IaS1rcWItQk4xZFFtVlFRWUtnYUtzTDVyN2RsWTVoWXNIWS1yN1RNMVg3Nm1yTUVTZU9KeGVibjd5N3pMUFJpN2t5N2hIYmMySHRqX1hoN2M2YkFNNVNqRTk1MdIB5gFBVV95cUxNVEIxd0pzcXlWM2ZkQUs3cVQ4R0dCdE55TzhZYUJhTkYxTy1zREdxN3dNeW1NenpaRGNVX0NkVjliQlcydGV2M2E0TE42dzVOVHVRblkxVnhaMW5PSzhTVnd3TWx5dUpEcVhiSlRWOXNmRnNkZ1h1c0J0dmlSLTROOFRMTEtzVkhSRnowdURSUVpoZ000S0RTRXZ3UEswdXZTMFBjRVB6UFFuZk1tMjc4OEtOR0FiMnAydjl3RlJaZ0llZTlYNklfdHNhYWtpOTlQdkFGTWU1TDU4RGxSTVdzaGl0bnhSQQ,GenZ India,From Pilgrimage To Pyre: Widower Moves Delhi HC Seeking Justice After Indian Woman Killed In Nepal Gen-Z Protest,2026-02-02 09:00:00,2026-02-02,NewsX,from pilgrimage to pyre widower moves delhi hc seeking justice after indian woman killed in nepal genz protest,-0.4767,0.137,0.602,0.261,0.4767,Negative
CBMi4wFBVV95cUxQSk1PaERwcEUyN0pRTTBXcHdsR0x3REVPaVdPbldISHFTRTlTTDVTbzhpVU9RZGRGT2VQbUN6Q29idG5NWEJiR0lCSUc5YnpaaVRJT1JfU0txWGZtakFZNEFsOC1HWERmbWxPdzNIX0FUNmwwSlBNWlVyU0lQYXlkZVF1ajN4dnpyQzdkMmRnWklUV1RBbkNrRXZwbGVScFppcG4wSzByVFRGYTJHdDRVaDQtUy1TdDB0RnIzTVJKRmhCT2pkV2F0ZGZreGVURmp2ckJRRW5qbFpGNHA5anRrM1lQdw,GenZ India,Gen-Z leaders exerted pressure for appointment of specific individuals as ministers: Nepal Interim PM Karki,2026-02-02 15:28:00,2026-02-02,malaysiasun.com,genz leaders exerted pressure for appointment of specific individuals as ministers nepal interim pm karki,-0.296,0.0,0.864,0.136,0.296,Negative
CBMiRkFVX3lxTFBTTkE3NGpxa0Y0eWdJa01WV054SmZSWVBjVGVEejdJWFBYM1VaRS1XRzdkbkh5MTZDOEFrcDJndmY1Y1pZNUE,GenZ India,Shark Tank India’s Anupam Mittal Offers Career Advice to Gen Z: “Move If Uninspired”,2026-02-03 07:45:06,2026-02-02,FilmoGaz,shark tank indias anupam mittal offers career advice to gen z move if uninspired,0.0,0.0,1.0,0.0,0.0,Neutral
CBMic0FVX3lxTE1rbmdPdHlhNm85Ml9qemVqOHVUaGVYQlpLMWFxQXNkY0RrLXU4MTFNNmE4Q3AwMDhUT3U5T21uZXBBUFdwZDBQNTFGMFVmLUE5TWtRUmFhYmFnWTZ5RVptbXo4dko1UDRvQ0pUSE9ab04wMHM,GenZ India,India vs Netherlands T20 WC 2026 Tickets: Prices & Booking Info,2026-02-02 11:43:02,2026-02-02,GenZ Cricket,india vs netherlands t wc tickets prices booking info,0.0,0.0,1.0,0.0,0.0,Neutral
CBMia0FVX3lxTE43VGFVTm12SXFEenhXMkY5blpkTEl2bDVDLW1BcUxzZ0NjNzhneUVKNkJqOU1uTHVTYURqdTg3WXMtNFFRWFQ2TXNoOEpFamJqUHItck0tVDdfeVZEaFNLYjhYdlNrbHFxbGNB,GenZ India,"India Women Tour of Australia 2026: Squad, Schedule & Streaming",2026-02-02 08:38:01,2026-02-02,GenZ Cricket,india women tour of australia squad schedule streaming,0.0,0.0,1.0,0.0,0.0,Neutral
CBMi-gFBVV95cUxQR3dERUhzUnBtVWxUaG4tUXk2SnEtQ1o1bGFQNHRDQndaV2RNWFAwbkltS3R4a1JkT0k1YjA2aXhfWUNzRVB2SGRCdldMeWR6S0YxWndMTjVqNk91MHVoQWVWeG9ZQWQ3RVNfdThIMk1BazFBWWdtWXJwV2pwaVBBQkhrNVRGeVJlZExaVjJ6UzZZWVFrMF94QXhLSW5fR0lpNXFjWm10MEo1YUFlRDR3VGZoT3FkTV9EZjBlc0xvbUw0dlAtUFFkQ2M1aHFVcmNYUzh0cnk5REFua1R4UkxSTGtTRWU1R0pmTWpMZVo5QklwMzhYRFdudi13,GenZ India,"'Wanted Ladakh To Become Like Nepal, Bangladesh': Centre Defends Sonam Wangchuk's Detention Under NSA",2026-02-02 11:17:00,2026-02-02,The Daily Jagran,wanted ladakh to become like nepal bangladesh centre defends sonam wangchuks detention under nsa,0.0,0.147,0.706,0.147,0.0,Neutral
CBMiqAFBVV95cUxPN1NMY2xrQ3NOQzlZYW5kejRFNEE1Y2ZXekVlUXNrY2FFMU03dk1aT2JpUjB3UnN4TlhHallRU3ppalpMOThNZ29MUGtaQnY0SHh4OVpFanAteG8yUTROaWRaMlRiblE2bkZqUFk3aVgydTFWaUVoQkRZNmZtZHdTbFNNV1BCV0pZMXR2YmdQSjNOenJGekNHaHRxTFF6MGY2RC12T3hzYXbSAagBQVVfeXFMTzdTTGNsa0NzTkM5WWFuZHo0RTRBNWNmV3pFZVFza2NhRTFNN3ZNWk9iaVIwd1JzeE5YR2pZUVN6aWpaTDk4TWdvTFBrWkJ2NEh4eDlaRWpwLXhvMlE0TmlkWjJUYm5RNm5GalBZN2lYMnUxVmlFaEJEWTZmbWR3U2xTTVdQQldKWTF0dmJnUEozTnpyRnpDR2h0cUxRejBmNkQtdk94c2F2,Indian Youth,"What Is the 'Orange Economy' & Why Budget 2026 Matters to Creators, Gamers & Designers",2026-02-03 07:31:33,2026-02-02,The Better India,what is the orange economy why budget matters to creators gamers designers,0.0258,0.091,0.909,0.0,0.0258,Neutral
CBMi2gFBVV95cUxPano5YzdGQ2EzTXpKRW0xcjQ2S3JqM3VGX0NPYjF0U0xZRDVOcHN0NThmV0ZNdGh2NWY0SjZ4NnBQcmZrb2h0eWtxMGNTcGQyRUpXRjNRSFA2TXBScmV0Znd0VTQ0ZFJRZE1TZVdXNnVrbEpLQnBQQ3FuVzYxc0kxd3VsYW1VYVBXNDV3dF9zWWVFZXN6WWlPVWp0ZFUxZV9nd3ZUcWsyc3ZJSGMxdGdBRGJiS05VZlhpeGUtLUFxQ1dEbUZLSmFnb3NQOHI2NkNVZWhUNlJ0QUlkUdIB3wFBVV95cUxQSlJ0Rm9WNUZhN3F3RThiVnlObTY0UWN2RGg4MmkyS3RfTm9uZkY4RnBZZE85OTZVMXNROVpJYXpWT2Z0RzNWQmpDS2FNTVZmNk9kczBNRllHUlJEMF9aTWFLM2YzSlJPSzZaWnNDMS1wTXJUYXhkS19hd1lvR2czeGN4WUI4cnE1NVZQS3RWcmxyTVd5cU5BdUluZWZ1VGxqUzM3eTFiQjdLUG1xSFdYRlhKdGs3d0hzSjdpQzJBZ0FmQVUyMWo0WWo2SV9FM1ZvdVd6MERoY1NDa2RXWmE4,Indian Youth,"Youth Will Be Actors, Directors and Audience In The Making Of Developed India: Navy Chief",2026-02-03 07:04:22,2026-02-02,ETV Bharat,youth will be actors directors and audience in the making of developed india navy chief,0.0,0.0,1.0,0.0,0.0,Neutral
CBMitAFBVV95cUxPckFRWWJ3ODFMZmlYcUhUYmJfekpCRTZkMWFhdndROEV1VFF0T3Y1ck9sUC1haUJzR0Z1Y09hck9YZGFwblVzbXBTank1Y2FrLS15dmk4bF9ZRGN5YnU2QUdRdFNDUzNVS01WOUIwUzVMSV9qQ19FbG1LZzJZOXV3Q2xDWU9LZ3hNamtQNXFCbG15VWFGSUQzTWM5RG9YZjhQYWVaWHBNYkg0N3FJX0JKZDJaZEs,Indian Youth,"CMs Welcome Trade Deal With US, Hail Boost To Make In India, Global Market Access",2026-02-03 04:51:00,2026-02-02,Ommcom News,cms welcome trade deal with us hail boost to make in india global market access,0.7184,0.368,0.632,0.0,0.7184,Positive
CBMiogFBVV95cUxPN05tbFFuaDAxNFhscFRPcUlxMWFpNnR5NXZDMmtDeWswNmdpTGpnZGV6VmpXSzM3d1Q2dFVwREd1cGJiN3h6cGU5MzVLMXlEbko3TUUtQXZTRjVJdjZIMWthZXdWbjFILTRkWlBSRTRzRURLcllNSHNIVDdpQUNGd3Bzc0dJZk0zQjNTQ2VPbkp2VnJlc0pyN0QxWm5RRGJlZ1E,Indian Youth,World Bank $830 Million Loan To Skill Indian Youth for Job Market,2026-02-02 12:32:39,2026-02-02,Hill Post,world bank million loan to skill indian youth for job market,0.0,0.0,1.0,0.0,0.0,Neutral
CBMiqwFBVV95cUxQbEV6cUlydW5kM3ptdXRTQ1pDVS1udFFFeTNMTzB4SG9kS0dMdjBNbk9RZFFoVDBkbHpuQklwNmNDRGN1bXdTR0wzQlJrcFFmYzZ4bjVMNVJMb0R6bU5XenNiYXphUnY4M25kRno4S04yWXdXc0lyUG9zT1plSnh3MEdBbGlnYmFmM2NkQ1BiemhPbllCaTBpNzdmYXoyUUFITHQ0ZWdnZnROaUnSAasBQVVfeXFMUGxFenFJcnVuZDN6bXV0U0NaQ1UtbnRRRXkzTE8weEhvZEtHTHYwTW5PUWRRaFQwZGx6bkJJcDZjQ0RjdW13U0dMM0JSa3BRZmM2eG41TDVSTG9Eem1OV3pzYmF6YVJ2ODNuZEZ6OEtOMll3V3NJclBvc09aZUp4dzBHQWxpZ2JhZjNjZENQYnpoT25ZQmkwaTc3ZmF6MlFBSEx0NGVnZ2Z0TmlJ,Indian Youth,Youth Congress leader resigns over ticket allocation row,2026-02-03 02:51:16,2026-02-02,The Hans India,youth congress leader resigns over ticket allocation row,-0.3182,0.0,0.753,0.247,0.3182,Negative
CBMi4gFBVV95cUxQT0toUkFTU2M0TXhXeV93aFNWcGNkZm1FbnJBTTkzSmdsLUNIbEgwTGVfT24tTE1LVHdwOGVmWTdTd1hMblNyenA2cmtuLUtTTkNobEo3YWktQ1BKOGZtWFBGSWl5T2Z5RnFrR3RLd0tmYklFWHo5WC03WHlXS0xTU2d3N3ZtaldNejhZN2ROdHJlR2ctVFhIVEJ5T3A4MEdDcjBNT3Q1dnNqTVV2X1lzUjZiaWtDdkRVeFl1cUxZa2ktNzJoSnlCdVdPTFNTWGFNVTJsRlF5Y21LNmZUNk45NnV30gHiAUFVX3lxTFBPS2hSQVNTYzRNeFd5X3doU1ZwY2RmbUVuckFNOTNKZ2wtQ0hsSDBMZV9Pbi1MTUtUd3A4ZWZZN1N3WExuU3J6cDZya24tS1NOQ2hsSjdhaS1DUEo4Zm1YUEZJaXlPZnlGcWtHdEt3S2ZiSUVYejlYLTdYeVdLTFNTZ3c3dm1qV016OFk3ZE50cmVHZy1UWEhUQnlPcDgwR0NyME1PdDV2c2pNVXZfWXNSNmJpa0N2RFV4WXVxTFlraS03MmhKeUJ1V09MU1NYYU1VMmxGUXljbUs2ZlQ2Tjk2dXc,Indian Youth,India-US trade deal opens door to major investments in Maharashtra: CM Fadnavis,2026-02-02 22:58:00,2026-02-02,ANI News,indiaus trade deal opens door to major investments in maharashtra cm fadnavis,0.0,0.0,1.0,0.0,0.0,Neutral
CBMipgFBVV95cUxQS2JTRHZmb2xNQXJlNXJ0dnlJZktGZ0JlSHAyQXNrTnBXQVdpMGFzNEstLVFGUjVNVlZ6bFpOak1JOUQydWhyaVdRY1h5dWxoeXJNWU1vbWdBbGJsTnNIMWZEZGRaaUR0WlJzLUUtZ0xJYU02VVlILWk2M0pheEZMbVpmUEpVZThKRGhxVmxNTmVWZ2YwLTdYUmdaNk5zNVNKeW5mS2l3,Indian Youth,Youth Leaders Question Authorities on Chimbel Protest Restrictions – 2 February 2026,2026-02-02 11:42:51,2026-02-02,Herald Goa,youth leaders question authorities on chimbel protest restrictions february,-0.25,0.0,0.8,0.2,0.25,Negative
CBMisgFBVV95cUxOYVI1MFVqUWU0a0Niek92TURuRHk3cXAzanF1Q3NWMTBOTGEyOFg0N2NrdmtkTUc5RS04amhpSVBQcy1WakdYbVR6aWtNVmdCRFRrMU9HZzR5Z3dmbGhWZ09BaGNjNmJUNlM5a2c1YWNVbUZtdWJEM05DRGstUXF5dlBES0Zqb0p1YjRBY01qcHlnTTNVSTk5RnpncGZLX0FOWVRuZDFjR3gxN3h5clhtVktB,Indian Youth,Offbeet Media names Rohit Tugnait as Chief Executive Officer of 101 India,2026-02-02 15:15:55,2026-02-02,Passionate In Marketing,offbeet media names rohit tugnait as chief executive officer of india,0.0,0.0,1.0,0.0,0.0,Neutral
CBMiZkFVX3lxTFBNbXNCcy1ubENNY1E5eFdQNmNRWnN2bkplenVqcV9CZlgwQTg4eUxKUjhxcmhpVks1bmNMUE5fRHhrazBJclNyU2hUcC1wZ1JEM0tzYWptYWpRZ2FGTEVKRUppeVAzQQ,Indian Youth,"Nike Launches AF1 ‘Unmistakable’ In India Celebrating Youth, Resilience, And Style",2026-02-02 08:28:40,2026-02-02,IFAB MEDIA,nike launches af unmistakable in india celebrating youth resilience and style,0.5719,0.27,0.73,0.0,0.5719,Positive
CBMiigFBVV95cUxQMU45cy1UVGV0VHM0NG1qOFhsR0E2NVRteEtuRldNYk5vek5ybGtjY21fVXEzMHVLOTV4eGt6aHBXRUNhaEdtbENFTFRjUUpiZFlucTZBaWxFUjhBRjlDaW9hX2N1dGpsdzdPVDNXZUlpQnJkbUxxTUk1SnpBM3ZWZ3FRY3ZjMDgyWmfSAY8BQVVfeXFMUGhiX2JFWjFTdWI2ZUFHWHM1bEhfM2ZjNFRQQ2VKTVVheTBQWTE4ZEUtT0toZW5SalIxSG5DWlZ4TXhSRTlsQ0ZtWTRyOUUtelJkWjVSQVNCMkpuTjFLSzZ3NDdnMk9aWjlmWVlmZ2plSk5kSWN5NTJ5b0N0X2lmTlVYcGx3Z01tUVh4QjBSMFE,Indian Youth,How Budget 2026 Will Help More Young Indians Make a Living Through Content Creation,2026-02-02 12:56:07,2026-02-02,The Better India,how budget will help more young indians make a living through content creation,0.5859,0.324,0.676,0.0,0.5859,Positive
CBMi1AFBVV95cUxOdEE0XzVHNU9BYmRvelhmc2J2VjNVYWg4eTJSQXpKY3d1V3pqYkVDVDRPY2ZMWUFxVTQwSUd1d2ZGQlRBOVZtcjVhVndkbXQxVmJSSmNrZE8yVVpURTRNNUJUUWtxUklSVWx1dmh4b0p2bHZPTWJ0Vi1iZ1VjeHYtcG1EVVNNNnphamZsX2FBWGNtclhkTW9mSjlkX2pNLVZtSHJOMnQ1ckdQcnJmZUl5YThEbTU5ZHlUaVlrOVBQMng2aGlvWEMyVnJFQWd6ODA1aWV2ddIB4AFBVV95cUxPNl9YaXd3ZVhzSDJJNVFzUS12djRXOXp6RFBCT2cweUtzSkE3aXZKckdoOVhuYzhMekZVTC0ybTR0SXJXTGpCSkhsWTI5MHJ3ZVQ0Q24wRW15Sl9BNjhKWlA3VTEyV2pLMk45TWxacGllXzdDREIyX2lNQ1IyeEx2V1BzclRqTzBCa052TDVCWEZweklZZDN4eE9pRWljY0NkaFdsWGJWTnVJNDhuVE1CUVNxTzJUS3hBV2x1YVRwbEhVYm55SW5rS1dDVFoyN1ZDZll2cWFia2pPRzA0TGhNUg,Indian Youth,Justice D.Y. Chandrachud Joins I.I.M.U.N.'s Advisory Board as the Organisation Marks Its 15th Year,2026-02-02 10:11:00,2026-02-02,ANI News,justice dy chandrachud joins iimuns advisory board as the organisation marks its th year,0.5267,0.207,0.793,0.0,0.5267,Positive
CBMi3AFBVV95cUxOdlRyNTg1MWZLQVR5Q0l5akFuLV9jdVRJRjJGYVp1RDlfM3FiWExXbmtYTHJNa0ZhczBQX2JXaUZVdzVlbGlTdkxwaVVIeFdmYllwdkpPSXJwbnZ0d3JkM1ZTZm9KLU56Slk5V01TR0NpeWVvWHFiNFdIdi12SHBSakJxV2trNjdzd3E5cUZydjFZd1N2NXBtSDVIbHVmZk9MdHIwbVFPWjlrd3I3aV96TkJLZTEyNEh4MWRES0s3UXA1S0lMV1J6T1NBOGtZNC1BeDN2eHFwdEdHNWVt,Indian Youth,Youth golf training center planned for Florida county,2026-02-02 10:07:00,2026-02-02,Treasure Coast News,youth golf training center planned for florida county,0.0,0.0,1.0,0.0,0.0,Neutral
CBMiuAFBVV95cUxQa1JVQlRIUDJuV0NyX1hfVU81dE1JQjlOVzVjam9feWVSNVFIRHNwem9oZnNyOGtaU2RnQ21Uems3MllsVmhFZVNxVWhmU3NXeUdmQlJleU9KMi1tMnFwbVFMOU1kOFB0MEN5NjN1U2FzbEl6dHp5bkdtMnVpLU1SU2xueTBiZzZzeVoyQllmUmFjcnJmbThsTHVVaEhEYmtveXUxNTJvbXY3M01CUEFmOVdZeG53N3Rx,Indian Youth,"Chief Ministers welcome trade deal with US, hail boost to Make in India, global market access",2026-02-03 05:03:06,2026-02-02,ddnews.gov.in,chief ministers welcome trade deal with us hail boost to make in india global market access,0.7184,0.35,0.65,0.0,0.7184,Positive
CBMiuAFBVV95cUxQOEtEWUJrcFlkTlpZa2ZYVVNiNjZkU2FnTGM2eE56NUdLcDkzeGxsWjRXWnlZR3Aybk16dnhFZE5keTdCeVRUTk1SUGprRG9rbFNfU1hfUV9VclRMamh1TlNPYVRxVXZUQWFKZHdIaEVsN1ZFQmoyc3FsTUt5TW00bDlKTjVLekZQNG9wNVR6bXpvVU5lMXhjUWtRVDRhT283SGhWeXhaVDVLdkREWklpcFNJMmJ1LXpp,Indian Youth,Assam CM Himanta Biswa Sarma Praises PM Modi Over India–US Trade Agreement,2026-02-03 04:50:18,2026-02-02,Northeast Today,assam cm himanta biswa sarma praises pm modi over indiaus trade agreement,0.765,0.398,0.602,0.0,0.765,Positive
CBMitAFBVV95cUxOVGR3bWlNY2UzS1UwLWlBWHRhMFZQSEZRVU9iZUNrMEdjcHNhXzNXZ0pRV3RjaVdBRE1tdVJxQ3VFSDlsUHMyVUhWTFl5UGUxbm9yeHl3NHdOY3dPaDhfLW1NWTA5bUNKRlpWT2MtWHlzdDBCMGFvMENaMVN3dzFCYlB3TXd1STFVM0QwVDRCVVR5STNRRTZCUlJUajB1UnBTNkVaT1U3eGNRMUl5bXRsd2xtcE_SAbQBQVVfeXFMTlRkd21pTWNlM0tVMC1pQVh0YTBWUEhGUVVPYmVDazBHY3BzYV8zV2dKUVd0Y2lXQURNbXVScUN1RUg5bFBzMlVIVkxZeVBlMW5vcnh5dzR3TmN3T2g4Xy1tTVkwOW1DSkZaVk9jLVh5c3QwQjBhbzBDWjFTd3cxQmJQd013dUkxVTNEMFQ0QlVUeUkzUUU2QlJSVGowdVJwUzZFWk9VN3hjUTFJeW10bHdsbXBP,Indian Youth,"WTT Star Contender Chennai: Anusha, Priyanuj lead Indian wild card entry",2026-02-03 06:33:39,2026-02-02,thebridge.in,wtt star contender chennai anusha priyanuj lead indian wild card entry,0.128,0.13,0.87,0.0,0.128,Positive
CBMi7gFBVV95cUxObkJDZG5TZFEwOGhzb3dDWDFFVldFSWptamJsb3JUU0E4R25SM2cxb1JtMk9MYU5NWi1PbjNxWFN4bTh6QUt1b3E5UDdOYktJVkY4U2JjLUJpanlpVUxaNFNRZGRvWXNSZVNGRk9pMVQzZjk2M1VzMXpoS3lWVUVma2l6elVqdXA2ZWlhZUZRR21sUWNzQWlNRDhkdG56NGR0SHFVaXgtblo0YmNpTk5rb3F4N29iR1dEOFQzZkg0Y2ZORUl6RUxkNXlDVWNOamlRNERfN2ZhdjlOSWFSQjloQi1mYmE3dlIzTExFakdn0gHuAUFVX3lxTE5uQkNkblNkUTA4aHNvd0NYMUVWV0VJam1qYmxvclRTQThHblIzZzFvUm0yT0xhTk1aLU9uM3FYU3htOHpBS3VvcTlQN05iS0lWRjhTYmMtQmlqeWlVTFo0U1FkZG9Zc1JlU0ZGT2kxVDNmOTYzVXMxemhLeVZVRWZraXp6VWp1cDZlaWFlRlFHbWxRY3NBaU1EOGR0bno0ZHRIcVVpeC1uWjRiY2lOTmtvcXg3b2JHV0Q4VDNmSDRjZk5FSXpFTGQ1eUNVY05qaVE0RF83ZmF2OU5JYVJCOWhCLWZiYTd2UjNMTEVqR2c,Indian Youth,India and US are natural partners: Union Minister Kiren Rijiju hails India-US trade deal,2026-02-02 21:06:00,2026-02-02,ANI News,india and us are natural partners union minister kiren rijiju hails indiaus trade deal,0.3612,0.161,0.839,0.0,0.3612,Positive
CBMiyAFBVV95cUxPZWNEaVE1Y3lDMjRzSUtOM0FDYjNwek9qUlUxS2FkLTZhRkJXa25Yc0taZk9paFAxWDdvVmZfanN5NkJIRVlNV2pFWHZUVDZGc0RqN1N5cmpDU2IzNWJ6SzV6T2Z5a3FOaHhYSkJWNERITnZnRjVqNjVaUDVyazNWS2N2NDhwV0RtNVZNcE9sNWU3OWlvQ29uTHJQOUhOaXhpTDlKNW1TdEJsSTJndXUwbnhkUjU5Mmw4c2JVWXZPZUdZUDVxYzE0SdIBzgFBVV95cUxNdWUwcXJYLUJ3NUFzUkdSR1BSLU9CYV92VFdyNHgyS1N5UnNoQVpUYUNINnVsQzZwM3dtakJIVkxfc2hZb3hndTJWQ1JVbDNxYklicnNFOW1QVWJXY0c5aEQwM0xITjh1QzlWbE9ZZmRyb2xFcG1FdzEyeFo1OTBxY25QSTNnZTJ6aWpYeHhQVk5SV1oyaFZVZkdMc2Y0U1NSNXQtcllmMWtyenNrSlBKbHB6ekpJcmxTZ1RsenhzakZ5dmhhd1BaNDBrS1ptZw,Indian Youth,Beyond Degrees: Preparing India’s Youth to Power India’s Viksit Bharat Vision,2026-02-02 10:38:20,2026-02-02,Telegraph India,beyond degrees preparing indias youth to power indias viksit bharat vision,0.25,0.167,0.833,0.0,0.25,Positive
CBMi3wFBVV95cUxPS01wbXlpTW9fbUJxM3hodlg0aFZmSE1BTGFodXVQQnpZbk93M3RwNy00Z19DSnBtZDBMNjJKc1kyVXRjMy1YQy1UVVRWUjFSS1huNHF1bjBjNVRxNmdfZFVNRkd3LXFRRzJwVzIwM19ONXJxT1N5Ti1talF3WjlZVUoxYU00Wmo1S0dpakc2SlRuZXRVSEFKWHYzRVk3Q05FU1BLSDVSakE4YzViVU5SMUg0OHVwcXIzQldsZDRmck5TdXcxZFUzOTdONG16Wnl4Wl9MX1ZaTTBVOXpDRElz,Indian Youth,Offbeet Media appoints Rohit Tugnait to lead youth platform 101 India,2026-02-02 09:35:09,2026-02-02,Indian Television Dot Com,offbeet media appoints rohit tugnait to lead youth platform india,0.0,0.0,1.0,0.0,0.0,Neutral
CBMi0wJBVV95cUxNc2xXNm5LV1JfenZ6M0hvLWRCd0xqUjdZQXdVYUVodTdmR1MtbWxidGlOakFhVnRINnFZSm1lNGEtbm5hTHByQ3A2OXNRcG9yRFJYeGc5ajM5UFNhZHpkMk1VMDR2bWZzVDl4UlpDekJrcFRxMXhZcjRJV1B3OU1CMm5yV3oxTGRxcnhlSTFqdVVnLWJZMVN4T3ZNcE5qOV9hUFZlQzlBNkZUeXhvUTh6ank2QVhCaHZYYmxIajllOUpPdEtwbnZqT1A5bFVRMWZZQTN1dXB0T2xWYWhRRERPMGpoeS1nT09VdGt5YllPWnBYTHl4N3F4Ukl6U0o0ZlQ5YzFtZzFCXzR1VWRqa2g3a0M1UFRPS1djY1dZOUxWMkFaWDVBSzdrR3RwbUtsZWxrWEd5SHpvV1VNTkh6YnVVOG0zTHdLblYwbzR6QjJ2SEE5Ykk,Indian Youth,"India on reform express: PM Modi hands over 61,000 government job letters",2026-02-02 11:22:47,2026-02-02,MSN,india on reform express pm modi hands over government job letters,0.0,0.0,1.0,0.0,0.0,Neutral
CBMiuwFBVV95cUxOOEg3TWF5aDdCN1RuT2NSbExSQXlFcS1Wc0QwX1RJSExPbURTQXVvVkRfMHllT1BTWmQ4NDA0SFo1NXdtVlNnWFhSZldhRElaREdFNV8yZFdIQjNMaVlBSUo2LUFGbUxkdU9JaVRNSGVQWFdhOXBPWlduYktRLVhsOHJVbXI1S2E5N254NTFSTjVQa2tJdDlfNWJBYzJyUU8tcXZodWhvaC1WTnB4MUJYUExDQWI3VENrbTVJ0gG7AUFVX3lxTE44SDdNYXloN0I3VG5PY1JsTFJBeUVxLVZzRDBfVElITE9tRFNBdW9WRF8weWVPUFNaZDg0MDRIWjU1d21WU2dYWFJmV2FESVpER0U1XzJkV0hCM0xpWUFJSjYtQUZtTGR1T0lpVE1IZVBYV2E5cE9aV25iS1EtWGw4clVtcjVLYTk3bng1MVJONVBra0l0OV81YkFjMnJRTy1xdmh1aG9oLVZOcHgxQlhQTENBYjdUQ2ttNUk,Indian Youth,Historic US-India Trade Deal Boosts Global Economic Stability,2026-02-03 06:20:56,2026-02-02,Devdiscourse,historic usindia trade deal boosts global economic stability,0.3182,0.247,0.753,0.0,0.3182,Positive
CBMioAFBVV95cUxPU3U2QWc3WVppTkRiRlRKMVFqRmFkelFGYmRmRWplRks3R2VMLVdOZHI5WXFzamU1NXFuVWVVMmFRNGJ1QXFRVXVqaHBkYmVQYU5LbnpjQi10VGNKeTVweHRZOWJQYWRrLTdadmp5NkxiRS1PV29GZ2RXRWZwSEtNOUxXZ082anRmQ3pXWEIxTlVNMUh2X0NiTk1pMjNMZktJ,Indian Youth,Uttar Pradesh CM Yogi Lauds Union Budget 2026-27 for Youth Empowerment and Inclusive Development,2026-02-02 13:52:36,2026-02-02,Indian Masterminds,uttar pradesh cm yogi lauds union budget for youth empowerment and inclusive development,0.0,0.0,1.0,0.0,0.0,Neutral
CBMioAFBVV95cUxPblNrMTlYT0hleWVocHhGbV9mbTNKT3RPU0R4ZHN6RjBVQy1HZ3h3M2lHdWJKWHlBZ2FYb2I5bTBfeE0wTjJwOEdkcXo3MGFUd0Eta3dKWVBESE1vUXBOQks2VEIyb096V1psWnhwT2V2T2M3eHFWd0NpQ2JObkI0WGtDeExKOVA3YkdFZHkwMGFLbG5wZDBpVVhpMlRTdFlv0gGgAUFVX3lxTE9uU2sxOVhPSGV5ZWhweEZtX2ZtM0pPdE9TRHhkc3pGMFVDLUdneHczaUd1YkpYeUFnYVhvYjltMF94TTBOMnA4R2RxejcwYVR3QS1rd0pZUERITW9RcE5CSzZUQjJvT3pXWmxaeHBPZXZPYzd4cVZ3Q2lDYk5uQjRYa0N4TEo5UDdiR0VkeTAwYUtsbnBkMGlVWGkyVFN0WW8,Indian Youth,Mountaineering Gets A New Boost In Uttarakhand,2026-02-03 05:35:02,2026-02-02,Outlook India,mountaineering gets a new boost in uttarakhand,0.4019,0.351,0.649,0.0,0.4019,Positive
CBMivwFBVV95cUxOV3hCaGFEQlFpZmhMVWtxUVFwUlhxdThEUVNlSWpwZDNHMTZkVFRuS2FRV1dkZE52Q0JVQldMM2JrZUNOZ3RIamJmRmIwRjJSNXNvU3FxbG1rdzlaenBOTnpScncwZjhkUHVLbDVRR3VoMklFN01LaGVYa1RkVDF0b3k2NjdjN0pyRzk3LUZSRnRVWEdVYldBQmNPOEFILUtBY3FwdVBSSVZuLUZzaEVsclY2cjRrbENuUlgxY2tLVdIBvwFBVV95cUxOV3hCaGFEQlFpZmhMVWtxUVFwUlhxdThEUVNlSWpwZDNHMTZkVFRuS2FRV1dkZE52Q0JVQldMM2JrZUNOZ3RIamJmRmIwRjJSNXNvU3FxbG1rdzlaenBOTnpScncwZjhkUHVLbDVRR3VoMklFN01LaGVYa1RkVDF0b3k2NjdjN0pyRzk3LUZSRnRVWEdVYldBQmNPOEFILUtBY3FwdVBSSVZuLUZzaEVsclY2cjRrbENuUlgxY2tLVQ,Indian Youth,Government Prioritizes Job Creation Amidst Unemployment Concerns,2026-02-02 14:34:40,2026-02-02,Devdiscourse,government prioritizes job creation amidst unemployment concerns,-0.2023,0.21,0.5,0.29,0.2023,Negative
CBMiqwFBVV95cUxQNVJaXzhQVHFrSGh5ZXRuWmd6UUNYcWVCQnRXTDhWeHJNeWVVTl9jOFJxVHJ4RTFuODZtLWE0eWp0YnZjbmViUW56MGkxd1QzVl92WHhldVhmZm9YYVl0cDIzbTJfZHlabW1DUWxkQzY2SEMwYlZYajZUREhHajlBQmlBVHlCOHAtRndNVVNlSFhEaV9BZWJhem5iVF9KY0s4bDdQVUR1d0dMdWvSAbABQVVfeXFMT3IzSWF1Y3g2T0gwZzMxbUxtYWI3MGp0Ump0b1lyVHg4NmU0dXRob1kyaUk3SFg4YXgzVzVIVDNNQlQzYTE1ZFZ5UTZpVzNBZWJLWEtGSEVqSGpPQk0xMk55S25GeFFTVVRzTDE1eW1ENXRGenk0dDFBRWRzR1FLeUF1TUxZUXc0MV9hY3k1aTluWnlTUFMyOWZFWDM1Q3NrRlpmQnN5aDVSS3QzUU0tdlU,Indian Youth,Uproar in LS after Rahul seeks to quote from ex-army chief Naravane’s ‘memoir’,2026-02-02 09:22:30,2026-02-02,Siasat.com,uproar in ls after rahul seeks to quote from exarmy chief naravanes memoir,0.0,0.0,1.0,0.0,0.0,Neutral
CBMiugFBVV95cUxNbkdrd1NESHVxcWVHZm9ZbUtIUklOQ09TR2g4WEZZUUViRnhuR2s0cGU5QXRtWS00YzZ6Tk1ydUxLWEd1LUMzUTU5SlJTZWhKQmNxazlvVUxxb2FyZUlCa0cxQjZNUThEVDRXRl95X3VrU0ZjdGpQcnJrWE1VY1JVVWlQODUwZFdUVzVTYVdNSjk1R09vOFN3R19XOC16SGRzQkk1VjdVVDRqY2ZEQUlSLUZVTndydFpvUXc,Indian Youth,"Uttarakhand Waives Fees, Opens Over 80 Peaks To Indian Mountaineers",2026-02-03 06:52:00,2026-02-02,The Daily Jagran,uttarakhand waives fees opens over peaks to indian mountaineers,0.0,0.0,1.0,0.0,0.0,Neutral
CBMi5gFBVV95cUxNSmZpTzdBWTd3OHJKd3hyeWJ0V3ppVDZnU3FldE9mMlc1ekZ3X1NKS1lTbzJBa0lMc2VBS3Z5cmZxVEhybEhKZ2ZNZTJPb3liQ2xBbDY3dTd5dGhRQTg1YjFLajdWX2FLSDZ6bVpUMnAzLWFzZENhSmNzMWVmLU5HaGRfZExqSnJBWlFxdzdYZmljUEk4M3FDQmsxVC1BSlVrX1VaMno1amh5ZXg0YVpqUEVERm4td3liY09Ja0VrdFdzNDRnYkQyWndnQXJaQkVXMnlpYWJCZTE4dkFNaFVTcDU2bk5aZ9IB6wFBVV95cUxQWkdsbDd5QS1aTFk2UmEya1lyMFRKMkh1ZzBHUUlROFY2blJSMnV2OFpmNmhiSEhPOFdic3k5b3JCTkVwbmo1YmQwaTVvRC1XQ084MmFCdi1nMWtTZkkwOUR1ek4xaDh3YW5iZkpVNVBtdkE5Rm0tQmszaHRDT0hVN2c1X0hoS3Q0amE5VXZJdFRyajloN1dBTFZzUm9DQlNEdjBocHlSYk8wUU4tLXBmMFdaYVVBbkNhdWRkbjRQRDZxZllJMnZkSVJ0a1dUVTJfLUNZRnZtbEowMExGNkVLYmUwcWdzQk15ZUlr,Indian Youth,"Sikh Regiment, Veterans praise enthusiasm of Sikh youth of Punjab who overcame multiple odds to join Indian Army",2026-02-03 03:07:50,2026-02-02,News9live,sikh regiment veterans praise enthusiasm of sikh youth of punjab who overcame multiple odds to join indian army,0.8271,0.367,0.633,0.0,0.8271,Positive
CBMi0wFBVV95cUxNcGlRc3Q4b2NyTUI2ZzdWVU9ZWEV1TjdIR2Z1VU9wc3NQand1S0l6N2kyYjJRbnphdGZiZElwbHVtUXhUbFNaLTh5X0Z1QS1DMkdqVFc2U3hUWXZYTjF6SEV2aEZXZWo1d2lXd2c0M2g2bktKZ1h6UXE1am1LdG1pME1QbHJlVDdGNVU0aTJmSEl6N2RTRUpUd2daMi1CX0w1V0t3V2dpTTRseEM3SXVjVW5CRWNmcDlYcEQxOVlNVnZFd3p6UlVsUVVMd0E1RXJOdmVB0gHYAUFVX3lxTFBTbENtbXR1dS1iVUFDLTVqYXlzU0RBTzVyaEtfSzRobXplZmItZXhMSVZGYk82NWV6ZDNaSGVzZGdBWkgtOFl2dXlUMFlBUWJYaHBEcUdHakpPaTJjR2N0ZFhTU3R5bk9VUWtyV2FJVmNyeE5QNC1NeVJ4UjhEZXYzclY5dFZHVndwNHdjRDdsWVQxRHpVWDRFVW1VSm10ZFRVN0MweDNQWkNKY2h6Vm9XVkNPYnI3VXd2aXhwd2JzZWxrd2IwOHNWVHA3RVBxd1o2SHhEVXczZQ,Student Life India,"Provide life, accident insurances to students: Karnataka panel",2026-02-02 18:01:00,2026-02-02,Times of India,provide life accident insurances to students karnataka panel,-0.4767,0.0,0.693,0.307,0.4767,Negative
CBMiqAFBVV95cUxQdjIybnB2MVlaVUdkdTlTY0hHX1N5NzBBNVdsYkZMdUlFNnBpNG1MTEozSTc1ZVdUUDFhczBxdktjd3FUTVFkS25fZHNXTFg2amlrb0prb2doQ2VnUjk2eGRtNVNubVpzUklaclljU0lmeFViQUdvN0liZmpXeU5zeXdOeDNEZnE5bTNiVU9xZVp0NUxwOXNfdmpRcVk3aktRLXF4MTVTQ0zSAagBQVVfeXFMUHYyMm5wdjFZWlVHZHU5U2NIR19TeTcwQTVXbGJGTHVJRTZwaTRtTExKM0k3NWVXVFAxYXMwcXZLY3dxVE1RZEtuX2RzV0xYNmppa29Ka29naENlZ1I5NnhkbTVTbm1ac1JJWnJZY1NJZnhVYkFHbzdJYmZqV3lOc3l3TngzRGZxOW0zYlVPcWVadDVMcDlzX3ZqUXFZN2pLUS1xeDE1U0NM,Student Life India,"Facing ‘academic stress’, first year MBBS student ends life in Indore",2026-02-02 17:46:25,2026-02-02,ThePrint,facing academic stress first year mbbs student ends life in indore,-0.4215,0.0,0.781,0.219,0.4215,Negative
CBMi9AFBVV95cUxNSDB0MUFPWXQzeGhpeXVIc1VXZ0cyZGxrS2VSS0ZiaU8zczd0WTJNZHdpQW9YbnlkT1l6X1ljSjVWbGZZVFhRUlE0anl1V0duQndwWTFXUTFEdlR5OTVib1hlRE1FVXVyd3VrUm90QkdncVZETFkxOW1ZZTdOUURkaEtTaHlDUENwN3FCMUMtU19aX3BicVVWMVV1YnZLSEI2LXJndzdpX2ozMWNTbFBvbE00UDBQYVJ0aU9oalc1LU5LN09XN0FfZDl0Ti1tU2FCSkVNa2xuQWxWY1JucnZLV2xfck1sbXVUTXA5bkliS3pQU0Mx,Student Life India,Big 4 To Big 14: India emerges as world’s fastest-growing source of international students,2026-02-02 11:26:15,2026-02-02,Education Times,big to big india emerges as worlds fastestgrowing source of international students,0.0,0.0,1.0,0.0,0.0,Neutral
CBMi2AFBVV95cUxQenBnLWQ1c2FIZy0zVlREbHJ6TnFnOWlZX04wS1F4aVdUaFdFQjdkYlg1QmlteEhZY0kwckNPNTcydW1rb3JHallBbHlVUE1ycXRnVE8wMGxLWHRNblpDUG5xQnpQYXh0MTUtdllVRjZPNmI3NlJWbXlOTXpkc0lsWVZuME1lZkRwVXhoMGMxOWhlT0Q2ckxIQ25jclNsVU51aURBQ1ZjZm5CUlN4OHE5MF85RlRJNTBNaVRHOWFsWkR2dGJlVm5kRTVUSUdtOGZUcVVMbGhlM1fSAdgBQVVfeXFMUHpwZy1kNXNhSGctM1ZURGxyek5xZzlpWV9OMEtReGlXVGhXRUI3ZGJYNUJpbXhIWWNJMHJDTzU3MnVta29yR2pZQWx5VVBNcnF0Z1RPMDBsS1h0TW5aQ1BucUJ6UGF4dDE1LXZZVUY2TzZiNzZSVm15Tk16ZHNJbFlWbjBNZWZEcFV4aDBjMTloZU9ENnJMSENuY3JTbFVOdWlEQUNWY2ZuQlJTeDhxOTBfOUZUSTUwTWlURzlhbFpEdnRiZVZuZEU1VElHbThmVHFVTGxoZTNX,Student Life India,"Cyril Shroff calls for innovation, ethics, and access to justice in public lecture at JGU",2026-02-03 04:40:55,2026-02-02,Bar and Bench,cyril shroff calls for innovation ethics and access to justice in public lecture at jgu,0.7184,0.316,0.684,0.0,0.7184,Positive
CBMizAFBVV95cUxONUpnU2dYUEk1dDdSUGFQVzZvV2VkeU0zUHdVdHNUcVk1SUlIN3FnUkxNTVZiTmpLZVN6YzhyOG9QMHBnNW1XQlRCRVJHV25mcm5CRU9IRXdiUExORzNqNjZlenpteVByU05RTkdzdnExdkZGd25jek1nMjdQbFhna0l0ai1FSjVuQ2pRSzVjUllxQTBzZmtSQmRPc1dTcWZfa3BCVC0xM1lSb3JpQUhLSW9ZSGV2WUV1c2J6SUZVR01ick9OVm0zZDNpaEXSAdIBQVVfeXFMTXNvTE1RbU43WEs5RlhTZzdhb3ZtelRHYVF6eldhMjBTLUc2RVg0WTRfaU41am5VQmNfdC16NmlKbGc0d081VnUzNGlhendOM1JBTGIyRkpTNF94U09MM1lZN01vVW4wMU1lbU15UGYtWlV3SEFnMmx4bTE4eGZzQ2wwTngtWnc1U2J2V3I3RDk3WXQxSHMxOW0ycjlIcHUycE5ROTdwdERKYllZSGhwd3AyZ2FnczF1WXhnTFNudGVKOFV3QU03RC11WU4xMEZvcWZR,Student Life India,Jharkhand: Financial Stress Pushes Family To Suicide Attempt; CA Student Loses Life,2026-02-03 07:06:15,2026-02-02,The Hans India,jharkhand financial stress pushes family to suicide attempt ca student loses life,-0.8625,0.0,0.484,0.516,0.8625,Negative
CBMi0AFBVV95cUxNbkxHYU94bEhPWTdsREZMNUJBOXVkMTY4bW43RG5sY3NfdUZDR2xqU3RlX2JVTEdaYTB6bDN2THMwWXhySmtGU2lUSUdYanN2Y0dJY1ktWlpSRy15ZDhBZmhtcmlTNkdmSEFURWJTWFBxNDRzbHpGaGJDdVE4ZExHWjFGRVljeWlCbEk0VjBRT2JEUlhlSnc5UkxGRFJYMHFKT2dJTWJrRUZYa2lCQkRIX1AtTXpDZ3Z6WTJCaWo1bUtOdkRfNmQxTmtreXBIZUt10gHWAUFVX3lxTE5zYWFOX1F4ckUyS2JqSXU2aFQ0SHltdlBlNGcxakpTcXNlX0RwMGlERTEwZ09fX0E4azMzbXdjUVZDVmhNaDhWelJaYVlGdFZ4UzgzaVhIZC04a21TWWpLelY5X2EycHlSZUg4RkZ0dDBVU1psVl9uLXFrSGxrdktva1R3Um83ODl3bENicGYxai00QmhqVDJQLTZZbkRkNFM3dFVhclJaNllTem5rejNETzA5VU0wY1JIbVV0UGlqcnFxc0RyaTVEWVR3S2psUkhSQndwWFE,Student Life India,"When Retirement Felt Lonely, This 60-YO Found Belonging in a College Hostel",2026-02-02 14:31:07,2026-02-02,The Better India,when retirement felt lonely this yo found belonging in a college hostel,-0.3612,0.0,0.8,0.2,0.3612,Negative
CBMixgFBVV95cUxPczJxSU9rUnlWeVF5VXctaTl4dE80UzdPN1NTZ3Vvcng0bFpzeE55enVaMDN6YVpZc2h5WWRkWlQtTGREVGEyaG5Lb0RPSzgzMkJWZjROcmt3cGcyUkI2OEtOdHE4RHdFeWlqUmEzamhFOWZDZDg2R0ZkNWc5WnNxTzdVUHR0MUJnM0ZwUXB2a2lNTDhKbTRUb2JKYzVqS0hnLVliQ1c0bUEyd0JKbUdMY1djNFM0NWZXTWtTejFPb09qVGw4R2c,Student Life India,"Taiwan–India Student Exchange Brings Culture, Service and Friendship to Life at Delhi School",2026-02-02 08:15:55,2026-02-02,Asian Community News,taiwanindia student exchange brings culture service and friendship to life at delhi school,0.4404,0.195,0.805,0.0,0.4404,Positive
CBMingFBVV95cUxOajZvR01ZNEswTFppX3pTb2d1bTdOTk4zUThqSGhIYzVSVFh1SnlGLXU5THZSSEREOXc5ZHNHNHJiYTE0dGZkbUdxUEt3LTJtcjhJYVhwZWRPWnctTXQ0SF9QdWdObktWUGVJVzFocTFnZUJUMkpZRzFRX3FUQzh3dWl4c1BiV1hDYWVIOUFmdTNoWGxpMDdDeDJJa2ZIdw,Student Life India,Stellar student finds friendship is the best algorithm,2026-02-02 19:09:20,2026-02-02,ASU News,stellar student finds friendship is the best algorithm,0.7964,0.542,0.458,0.0,0.7964,Positive
CBMipgFBVV95cUxPUm5GbFFiSE8xdVpqVjlIbUdBQUx0SENNVTM1WmdrT2xkU0hzaXctbUtEUUJvZlRTZ1lKS3BYdVJWMlNXcnVtR3JudGZZMmtOU3BjSFM2NmFjVmhiazZFUmhZWGpsZ0R2TkNQdkE0dG5oeUM4bFNjamJ3SnlNZUROZVlKRWFnUVVyZEJWdWt2djJnaU5MdWJ4WkVyYkd6bGFoT2VWeXN3,Student Life India,"Period Dignity Is A Fundamental Right Now, Kashmir Must Deliver It",2026-02-02 16:51:21,2026-02-02,Youth Ki Awaaz,period dignity is a fundamental right now kashmir must deliver it,0.4019,0.231,0.769,0.0,0.4019,Positive
CBMizwFBVV95cUxNNWZzWlQ3U0xMTlE2SWJ5TkprcURYeTlYN3NtcjFNdHA0ZW5wMnhUMkZZMVozbzVVZnJJLU1tNFFNQzRiWEpxQ1drN1FDS1dHc0RjU3dxbVdtRVFHSXpGallab0lRaGoyTXYwRzBqY2RycWlobWFZWGNDV0c0WUFYYkpoWFVLeGlFQjdvV2Y4M0oxLVlYbzhJdkJQOGUycUJvZ0dvSjh5LTA1VUt1NEpORm1hbTk3M3RmalpZbi1VSkJQQ2NfUlZ2MXdvdDFEQWPSAc8BQVVfeXFMTTVmc1pUN1NMTE5RNklieU5Ka3FEWHk5WDdzbXIxTXRwNGVucDJ4VDJGWTFaM281VWZySS1NbTRRTUM0YlhKcUNXazdRQ0tXR3NEY1N3cW1XbUVRR0l6RmpZWm9JUWhqMk12MEcwamNkcnFpaG1hWVhjQ1dHNFlBWGJKaFhVS3hpRUI3b1dmODNKMS1ZWG84SXZCUDhlMnFCb2dHb0o4eS0wNVVLdTRKTkZtYW05NzN0ZmpaWW4tVUpCUENjX1JWdjF3b3QxREFj,Student Life India,"BITS Pilani Goa Student Dies by Suicide, Sixth Campus Death in Two Years",2026-02-03 05:21:39,2026-02-02,Asianet Newsable,bits pilani goa student dies by suicide sixth campus death in two years,-0.8555,0.0,0.567,0.433,0.8555,Negative
CBMi-wFBVV95cUxNQWVZbjFEQ0gxTFgzNjk0a2xjdXBnemtmN3pGU054M2Yzd2RLYU5wLWcyeGotTEszOS1nWkRRWGF5aVgxMkowWlpqaGFjSGltSXVaNzJ3UGk2enR1S3RjUzloSHRkeDBNaVh0amVhREJHM1BnRE81ZlY2Q1plMjJLa2xyMTZiQ05rWS01ZzVocDlnbDVBc2JHSGtfQWt5b2tSQVUwajlQNFFISTRENl84RnpUaFhnYVRPc0ExSjQ2aWYzZlQ2VDBmd1Ytb3JnSVNxeURIVUQ2QUladHVmRmZYU2pEbDVMb0NJMVZVQUE3UWxvNTFKeUcxYlVkY9IBgAJBVV95cUxNUndQcE9IckhXSXpEa1lFRXhUTXZOWUtPV09xenFUUEVtYmxVRXZTZkhLQUg4S29lSnB3MG5MWjNRakNVZl90N1ktYzdPRk5Nb1JLLTdSeWFld2p1dWYtVzA4TWR6U1NiOVVjUEVxTklrTmk5WlVMWHNjUlhzbkY1RUhVX0tQUUNzdVdpdG5sd3ptdmdfNVJ3d2dqUmkta0NFMHEyTWNha0s0eENoNVBMcjQ2dkdPUGlRVXJETGhaZTJZOEtZd2J0TW5wUlcyZllnNzNFcmlMWVdVbWdxNy1EdWRpOUQ0T3NCeVNIRUlYZU9tM2JPaHFyMGpueDVkT2lr,Student Life India,Why studying well is not enough for CBSE competency based questions,2026-02-02 09:41:00,2026-02-02,India Today,why studying well is not enough for cbse competency based questions,0.2732,0.174,0.826,0.0,0.2732,Positive
CBMinwFBVV95cUxQd1AwTkJxTlMwVEEybUgtVkluWWlZS29rbklVRTBWYXRkSU9rQjloWFpzQUhOVC1NQUV3SHYxZFBNYWwzUmZHWVozR2JmXzRkUTY2SU16czZTMUw0U20yU1ZSZ3V4ZmRYN2VxNDEwNVhXYWd0VEhaNTVPaC1HVTFHS01JUi1IMjdwUThvSEc1UEdBRlZITDBvN2pSaktPZk0,Student Life India,Which IIM is Called the ‘Campus in the Clouds’?,2026-02-02 10:46:17,2026-02-02,Jagran Josh,which iim is called the campus in the clouds,0.0,0.0,1.0,0.0,0.0,Neutral
CBMi0wFBVV95cUxQZG9LMWVqNE5xenIxd2JoMjJWWFduSzhHRlBwX0lpdm12bFVlcy1iVlRxNDh0emVtdkpEdThSZVZNb1NzWkdCTUlGV3ZrQzBsTWw2VWxEZ21FUTNocEJPS0NOTm1EMWQ4YU5CcFVNX0g1d1FiNWNsdXJ4amlkWjhLZ0ZuNmR1dk5nMFdvaGVUNm1IM1B5NDFQbVcydFhvRDZCVGJ5amJHZnFWdFJ0NGMwOU94RlhzZnVjb3VmRGlBdjA3eTN1OHRvQ29pTjh6RG01WU9F0gHYAUFVX3lxTE1WcDA5NENpSm1NNlpEQjlyMkhySUJDMWNZZHJLMlJ5cDJScFU4Y0J5S196ZUVmM2JCLWlIdU9FVkhiMko3MXhORmEzamRjdnVtNXhOSXhtaS1PTmNJTFBRODhOREVlbG9ueGthc0FNZjM3TjBNRlRYZWlTRzNDaVBGYzVnUTFWa0ZMWFl0UC1FVGhSaFBQRE9QTDloQnNyWUdmTnl4U0pfcEQ2UzJqQ21sWC1DcUMwQ0tGZTRwd0FrZUxpU0NyR1BRbWI1ZDBYYlBNV3ZBck5MYQ,Student Life India,"Another student ends life at BITS Goa, 6th on campus since Dec 2024",2026-02-02 19:46:00,2026-02-02,Times of India,another student ends life at bits goa th on campus since dec,0.0,0.0,1.0,0.0,0.0,Neutral
CBMi6AFBVV95cUxPRFB6M09PQ1F3NTctSUZQVXNVa25sWWtDNEc3RXBfcXBaV2tfRW92Qnl2aDdxc3hnNW9lVUkzcWtCUlQ2Wkx6QUJVVnRZS25hLWJGVU9aOWhRMGlTa2ItWjQ0dTdrdzUzcEw0OWZxdmZCRGFWT1d1ODVncDlKVlBqTnBXdXpGc0hMX1lwbFVnZDVXSjA0dFFDeEdlSzZKQzhad1k5YzUzUnN2LVFoeUhubTZGNkw4dTZ4a25wNnFpU2NHT2FXQUVNekVLT0R0dGwzd283eHBIbU5GSmctMFZ0dm43MkRvNlpf0gHuAUFVX3lxTE4wWWR5UkZfQzJvRzZNMlU0RVNUdVFVaXNlYURjSDZPcHNUci1uWG03WUVEbXFpTWM3X0dqSy1YNU13a2hXRjdrQ0NxckIyYzlVWUQzcTA3RG9pU2tPNW9aNXcxUGlqUWJpUjVyTm1fRWJrdUNobE10aGxlTk1OT2pmR01fT092UVBUWlFJWmVxYTZXcVZaOVBmSF9aSTRiY3l3d2lXUEJkeGZjUmxJbEhhSGRwamUzNHdMd0ktZHFWOUstZ2xmeV91UEp2dDJ4V3hvOTREN2oxbTBpZzBhM1Bhb3U2ekNzV0ZZVExLcmc,Student Life India,Numbers don’t lie: How swim and track times decide your US college recruitment,2026-02-02 12:52:23,2026-02-02,Times of India,numbers dont lie how swim and track times decide your us college recruitment,0.0,0.0,1.0,0.0,0.0,Neutral
CBMi0gFBVV95cUxOOVpIcjhTUUVhRWYtMW9GMHR6NkFSVEUxREpvOGJNaFVVSEJuUTZnbXpOOHQ1NUp4LXJNTHJhRFNJSFRLYmtGdkdJd0Q0dW1jbFJrU09NTC1ZcTJ3aWNSX0F2cnprS2xCOGJUUi0xeHNBeURnTFV5akc0b0NsM1RSR3o1S0pwQzVXWlRVUkxoc3lnLVN0dmJqSE5BVXItNzIwZERPb3dKNXhkMlVJOGtvMzdoczAyZFoyN2pGb3pNSk9IaVV3OVNQZXlXVUVZWFlRcWfSAdIBQVVfeXFMTjlaSHI4U1FFYUVmLTFvRjB0ejZBUlRFMURKbzhiTWhVVUhCblE2Z216Tjh0NTVKeC1yTUxyYURTSUhUS2JrRnZHSXdENHVtY2xSa1NPTUwtWXEyd2ljUl9BdnJ6a0tsQjhiVFItMXhzQXlEZ0xVeWpHNG9DbDNUUkd6NUtKcEM1V1pUVVJMaHN5Zy1TdHZiakhOQVVyLTcyMGRET293SjV4ZDJVSThrbzM3aHMwMmRaMjdqRm96TUpPSGlVdzlTUGV5V1VFWVhZUXFn,Student Life India,How international students can work in Australia after they graduate,2026-02-02 10:22:00,2026-02-02,The Economic Times,how international students can work in australia after they graduate,0.0,0.0,1.0,0.0,0.0,Neutral
CBMi1wFBVV95cUxNS2RZNWxEcjQ3UWZiR1B0SV9ZY3lBampCLUxyaVZ1dlZVaVBXVnU3U2pYcU5ZdUp3dno4TkdORDE5WjhVSERsODNUaHhSSkRlSVdHTXUyMTJCbTB1XzZQRDU0anFwX1RNc3JzbnRrbUtxZWRhZlRFSFh6S25EazRtdXZNU2doaVBEallyOHVqMERrcXd6d21ZM3NQX3ZXOFdXS1AxYXVacEdsZUpodFpCZEloVHJGUTVyMm1uSEdOMHA4cjBlVjFNN3dHbm0xR0Q2amxSUXVFa9IB1wFBVV95cUxNS2RZNWxEcjQ3UWZiR1B0SV9ZY3lBampCLUxyaVZ1dlZVaVBXVnU3U2pYcU5ZdUp3dno4TkdORDE5WjhVSERsODNUaHhSSkRlSVdHTXUyMTJCbTB1XzZQRDU0anFwX1RNc3JzbnRrbUtxZWRhZlRFSFh6S25EazRtdXZNU2doaVBEallyOHVqMERrcXd6d21ZM3NQX3ZXOFdXS1AxYXVacEdsZUpodFpCZEloVHJGUTVyMm1uSEdOMHA4cjBlVjFNN3dHbm0xR0Q2amxSUXVFaw,Student Life India,"NGOs mark 10th anniversary of French abolition law, promote exit from prostitution",2026-02-02 13:24:53,2026-02-02,Devdiscourse,ngos mark th anniversary of french abolition law promote exit from prostitution,0.3818,0.191,0.809,0.0,0.3818,Positive
CBMirAFBVV95cUxOcEs3bWt5ejlHb3dYVmtNUUJ5T2cyWi1PNmtqNkdxbXoyN2RKcEZGdDYyXzJyZDl1WFNFMWtKVUcxVVVTVEJVX2had011ajhzOGNOUzRZNFVPX2tzdXczWkhKeFNhMGtNVTZFR1Fva0FTcjQzbERiZndXcjMtS3lETlVFa01ibDk1b2NPeFYzbHFoNkhQc1ZyM0JCaUhQc09EekZVV1dyamlneFZh0gGyAUFVX3lxTE56cl9aNnk2REJ2bkJyWG55ZUlITDNNb19qOW9kMWFhdFRKc0U4YkVhS3Q2MTdrR0FOanQ3MVNXeVB6bldfU1d4V2lpQlB1UjFuNXBqUkF6aXVfdnk5WHQ1RTJxVVl6dVZIQWZqSGs0TU96UzQ3V1J1TUJZNlVpeTZCSW8wejJ5bGdPY3dROElfcGNGc3pYcUx0VS10Y0g4U2FCQUstNjhFb1NnSENBVXhnOXc,Student Life India,Engineering student dies by suicide,2026-02-02 23:11:00,2026-02-02,Times of India,engineering student dies by suicide,-0.6705,0.0,0.471,0.529,0.6705,Negative
CBMi2wFBVV95cUxOS2ZyMHJwRUJraTZLU3VkdnIxM2xvcTB5aDYxd1lBX1BKSXQ1VmFOajQwa2duUGNHTTRFci1KcDRJVUZtZ082aDlEaUNtVjNpMlZzS2I1SFowWUI5Tm80bkk3a0lkWmcwRERYdTVkejc5VjAyb1hpVzZjd0J0TmJyZGhHSTdTY0I3TXp6R3RRbEJ0MllHY2IwUmtSQk9GVXhKQzVTQTYwNlV4QzhMdTVWRlpGWmlqQnZFZ0ZUUzNkTkxfcG40ZDY5a1c3RkdLbHhPQW9odEhianhTakHSAeABQVVfeXFMT2puMEZuNFl1c0t0WVN5TzlfbDJ0LVBGV1RHT3lBSnpoWjFLRFppS3FpVWs2ZFF5emd4WUh3OEhaR0ZqSGRzTlBtNUg4VmdTYnNVeHRzaGdiUW5SX2FnU0dyQTM3RkJHbkN6SjRDWW5OMGV0a25FdXRJdEg1RU5NY0VlQXZ0SEp3QlExNUVrZDZoRG55Qksta1NvU3R3QVJXVlpael8xS0pKaGJFX1FYRWYtQndMQnRsbWlKUkVURnQ3c0pRV1dsSDk3eG9NWFN1eHRPYlQ5cnZtOWpyQ0VuMHg,Student Life India,"Stanford students pretend to be Jains to escape $7,944 mandatory meal plan",2026-02-02 22:42:00,2026-02-02,Times of India,stanford students pretend to be jains to escape mandatory meal plan,0.1531,0.242,0.645,0.113,0.1531,Positive
CBMi-AFBVV95cUxQSktrWFJxUkdNRzl3dllEZThNRnhZekUwU3JuTHJfLW9pNnUyaDgxV1VIdTNFbWNMRXZpNmVSbzVjVGFLZWhIVEdOelJJX1dhckFBUWdXVlY4OGptb1VwVFVKenhGbXdDa0F4NUdoNVRRSkU5QUtEVi1HQ2lyaFA4VlNVVEZjU1hPdFczQXBOMGV1cmVrRTBsVk55NjVHZzNHQ3otTjFfRkNUcTFXSXQ4WWxsbTZ1RXdySGltVDNPZ19Ga29BYjBxOHptSnZpakVvelBxWHc5aGVFVGhKOHVKd2FoVG9yeWg2a21LcjVPNElhMzVXMlhhbdIB-AFBVV95cUxQSktrWFJxUkdNRzl3dllEZThNRnhZekUwU3JuTHJfLW9pNnUyaDgxV1VIdTNFbWNMRXZpNmVSbzVjVGFLZWhIVEdOelJJX1dhckFBUWdXVlY4OGptb1VwVFVKenhGbXdDa0F4NUdoNVRRSkU5QUtEVi1HQ2lyaFA4VlNVVEZjU1hPdFczQXBOMGV1cmVrRTBsVk55NjVHZzNHQ3otTjFfRkNUcTFXSXQ4WWxsbTZ1RXdySGltVDNPZ19Ga29BYjBxOHptSnZpakVvelBxWHc5aGVFVGhKOHVKd2FoVG9yeWg2a21LcjVPNElhMzVXMlhhbQ,Student Life India,"Life Processes isn't about memorising biology, it's about understanding life",2026-02-03 05:49:09,2026-02-02,India Today,life processes isnt about memorising biology its about understanding life,0.0,0.0,1.0,0.0,0.0,Neutral
CBMigwFBVV95cUxQNmFZZEVpXzZ5a2ZIdmlVU1F3eUx6TmtjMzRJNkV4bmJNWHg0N1h1V3otUi1DNGZDakRXdHQ1WlIzZDc1Zi12a3BKTU9VaEIzWGhGR0RHX3R3SnRqM2IxN0J1bndWQ3ZGamQzMWRMV2RXRkc2REQ2NXlBV3l5Q2Nfc2hJYw,Student Life India,Making University Libraries Relevant Again: Engaging Students Beyond Textbooks,2026-02-02 22:37:41,2026-02-02,Deccan Herald,making university libraries relevant again engaging students beyond textbooks,0.34,0.231,0.769,0.0,0.34,Positive
CBMi0gFBVV95cUxOTU1wTExHWjE1clhrNnFoeFo5aU94TWlqVHlfUk10VEpoNlhvdUNXRkJzaVdDbS0taTJFMEZycFpWOWQxQVQtMnB1V1huanZubG4xbGNQY2NtRkZpSkZDOVp6LUtUeWZQRVR4ekkyYlc5ZWxPbnFXNDc2dGhMbnM5MmJkdE5PTG8zZi1qRnVBQkJTdnpKajBJTk0zRUJXeWF3ZmhQQy0wd1RSN08zem42bGUzNkViZFZZM2g3ZWlUd1VIWEJUSWtUeUtRZmtjTFl6SlHSAdcBQVVfeXFMTW5Qdlc2ZEVaUk1NSkNEYjh3eUxHUzRyRGJpaGdLcHUzUmtWRExIVWxhZWtWLUxCb05LUXBvaVAzejY5SW5Jazd5QWtkcUVzTXlock9majBtWktadk8zR0NteTZQNTl4eGFCZHFVYjhKY1N1QUk4eTE4WXNjcTBXa2s2RmlLM3dkaWZUeklTdkRnZWVPdFE4MmNlQU9ldXJEeENUdjBNckF2RkhyUDlRa2xKV3JjbnRFYm9vb29zbmZwdGdjS1lBNGtNa3BRSjlrd0VrRDQ4bFE,Student Life India,College students lead cleanliness drive on Dibrugarh streets,2026-02-02 18:01:00,2026-02-02,Times of India,college students lead cleanliness drive on dibrugarh streets,0.0,0.0,1.0,0.0,0.0,Neutral
CBMi8gFBVV95cUxNT1BpZUZHcmdUMGtYaVE3cWJ1UTVfb2tWNm1VTFFPUVNxUlo5M2RIQ005NVNvQTNfOTRnQldsSG9xbS1WQlpnRVk1cjBnZFhGQkR3QnZydkRLeHNQRFVWRFNpem02RWhvMVlyNGVTQk1XNjNKUFpCckNDS3R6aWx1d0FqUFJsNzhOSzIyNGl4bkVRalN4cHVuODE1UkhScU0zY3UtUEY1cTJoU0UzemVwZmc0d0lFQUVIaGpVeGs2c2ctRFZTUXU3WEhLQU1uRm1hNVozVVl4OFY4MmkxTDh1emJVS1pMSW9CbG9lM2tYOXJiZ9IB9wFBVV95cUxPc0N3dFNlbGJiRkktS3JWOTVKUTNlV3ZnR3p5TXFLNHl3MldmclVteTZ3a2tFRHVwWEdEVnJnbGdaTlYwRXg3UWZ6NVhfRG93VmM1ZE1RbEphVVVncTRoS2xNT3hMV050N0ptd0w4am5SUjIyaUVJSkJ0RXNzeVFkbFBIRkZIOTJYdkl2TEhQYTdWM3lURXlMNW41dm45amhfWjNyUWM4R29ZSFNaZnlzdXhORG9tc25pRkdFQUNUMUJaa3Q1UHE2UkQ1SmJsS3NJQWxDcml6Q0FDVWtkSmNnLVB5NzZ6V01SVHI1a1ZxTjR6WlJjUFpB,Student Life India,"Before Apple, there was a phone call: How a 12-year-old Steve Jobs landed a job at HP",2026-02-02 08:51:00,2026-02-02,Times of India,before apple there was a phone call how a yearold steve jobs landed a job at hp,0.0,0.0,1.0,0.0,0.0,Neutral
CBMi3AFBVV95cUxNR0xqYlFDamktZXhqSlhyVTBLYS0yb0huSTlJdm52SDBzUmNzT0d1ejJMRmprTEZQaGQxUWZaYmZ6cmpuMVlTeVgxV3hBZ0hmV3pBWnVFRi1FUVpPajMyTWJHSjJnbnNFT0NubjFXVUpoMWxnSDkxYUJIVmd3aVFONkVtSk5lZlVId1V3OTQ2djE2Zml1anhFY0lOYVh4V190MXlTSG1xcnhMQ2h2cS13QVozSENpZV9DSG9SM252V2dkY1RYR0lIeHNYR0Q0VlZpVG9mMkdRSl9mNTRu,Student Life India,"School Holiday on 3 February 2026 (Tuesday): Schools Closed Today in THESE States, Check Details Here",2026-02-03 07:07:00,2026-02-02,Jagran Josh,school holiday on february tuesday schools closed today in these states check details here,0.4019,0.172,0.828,0.0,0.4019,Positive
CBMi2wFBVV95cUxQSXhWdjBvSjVMUVZSaExlNkF2ZXI3ZHk5UmRxUlREOXpuY3QzN1BuY0hCOGFOR2xYaUtybEtSeGF6RGFBNFlMVjUtR0pyYk1Ec3pwM2hCTElNZVlQQzNzcGNqVHRsWnhSWUUzVEZBblNES3VaSGJFNU8tRWZDQkk1R0ZnWDRHT1h1cnotTkVNMnIycVZ4VUxWamE0QUgybWNuRWN3LTF5NEp6Rk85WGVac3UwQ3UwLWd1VjVKaVY5SW9iZTdBZnFYY1hBdE9DVkI2YS1WZi1DNUFBTW_SAdsBQVVfeXFMUEl4VnYwb0o1TFFWUmhMZTZBdmVyN2R5OVJkcVJURDl6bmN0MzdQbmNIQjhhTkdsWGlLcmxLUnhhekRhQTRZTFY1LUdKcmJNRHN6cDNoQkxJTWVZUEMzc3BjalR0bFp4UllFM1RGQW5TREt1WkhiRTVPLUVmQ0JJNUdGZ1g0R09YdXJ6LU5FTTJyMnFWeFVMVmphNEFIMm1jbkVjdy0xeTRKekZPOVhlWnN1MEN1MC1ndVY1SmlWOUlvYmU3QWZxWGNYQXRPQ1ZCNmEtVmYtQzVBQU1v,Student Life India,Mumbai wakes up to drizzle; second spell of unseasonal rain in Jan,2026-02-02 19:21:00,2026-02-02,Times of India,mumbai wakes up to drizzle second spell of unseasonal rain in jan,0.0,0.0,1.0,0.0,0.0,Neutral
CBMi2AFBVV95cUxNem1Rc2Y5V1V1QjU3YUdRY0JhaVFDX2NRb09yQXpGLWwxNGNDdGQyQWQ1aW1Rc0tkODJYTE5neFlmcUFNbk5QYzVWRmNjeGdfa0RFUzJFd1FVZTNMS0s3SlU3ZkM5LTJfN0tZX0VlcUhpMWZyZjktcTk2aFZ2a3NIYkt6QVI5R1BkaURucFNObVVGLXVWQjFyRFVROU9yQzFzZXM4bEs2SFR4V1pTODF5akdMVy1xYnFpZkRaWElRdDl3dllpMmpRd0t4emhkV1RSbExMMDB2X07SAdgBQVVfeXFMTXptUXNmOVdVdUI1N2FHUWNCYWlRQ19jUW9PckF6Ri1sMTRjQ3RkMkFkNWltUXNLZDgyWExOZ3hZZnFBTW5OUGM1VkZjY3hnX2tERVMyRXdRVWUzTEtLN0pVN2ZDOS0yXzdLWV9FZXFIaTFmcmY5LXE5NmhWdmtzSGJLekFSOUdQZGlEbnBTTm1VRi11VkIxckRVUTlPckMxc2VzOGxLNkhUeFdaUzgxeWpHTFctcWJxaWZEWlhJUXQ5d3ZZaTJqUXdLeHpoZFdUUmxMTDAwdl9O,Student Life India,"Man dies by suicide in Gurgaon, FIR against wife and her friend",2026-02-03 04:19:00,2026-02-02,Times of India,man dies by suicide in gurgaon fir against wife and her friend,-0.3182,0.181,0.565,0.254,0.3182,Negative
CBMi3AFBVV95cUxNU0VKOEkyQnljZ2ZKOS02YWdTbC1paXlCRERPSENGY1V6RXJFSHhUd0dENkVXVGdzaV9WaGZIX1lFTDRaZEx6R3ZvRnhtdEprbmx1LU90U3NTOWF3UHp2UVdlOW1CUmZQTUxHNks0MnFOTTUwaUZJc0dMSjkxRWg1c3p1VWQ3YzV6ZmpscXFvVnFleHZkdFdYMkRGTjRuSlpiWkpDY0VROHhSTF9ucTdicHZQdXg2RGNYb24yT1V2LTFoa3MzODZWLTQxU2V4ZzdWQUdFNkg2aTdRSXFL0gHcAUFVX3lxTE1TRUo4STJCeWNnZko5LTZhZ1NsLWlpeUJERE9IQ0ZjVXpFckVIeFR3R0Q2RVdUZ3NpX1ZoZkhfWUVMNFpkTHpHdm9GeG10SmtubHUtT3RTc1M5YXdQenZRV2U5bUJSZlBNTEc2SzQycU5NNTBpRklzR0xKOTFFaDVzenVVZDdjNXpmamxxcW9WcWV4dmR0V1gyREZONG5KWmJaSkNjRVE4eFJMX25xN2JwdlB1eDZEY1hvbjJPVXYtMWhrczM4NlYtNDFTZXhnN1ZBR0U2SDZpN1FJcUs,Student Life India,Singapore’s leading logistics firm explore options to invest in UP,2026-02-03 04:28:00,2026-02-02,Times of India,singapores leading logistics firm explore options to invest in up,0.0,0.0,1.0,0.0,0.0,Neutral
CBMixAFBVV95cUxNZWhNd2VTLWRmVk1sN0otOGE5R0V0MUN0cUN1aVMybWpMQ1hNWkltX2FCbEVXOExsZUNqdTdPQkFsdVhlYXl5VVc2MU9rMHNaV0FrQ2dSQmJsWk5tMFVYS0d4bTdIN3JpS3V0cENWVWIzLVJNTTZ0RmtOdjhjNnpkeVloWkR0ellMV0ljNTJ5S0UtS0pRZVFNRTBUaXJYNnZOWWU0NExtbWtTMTB4bE9wNFhxN2JvTnVuN1VsN1ZqbW1fM1850gHEAUFVX3lxTE1laE13ZVMtZGZWTWw3Si04YTlHRXQxQ3RxQ3VpUzJtakxDWE1aSW1fYUJsRVc4TGxlQ2p1N09CQWx1WGVheXlVVzYxT2swc1pXQWtDZ1JCYmxaTm0wVVhLR3htN0g3cmlLdXRwQ1ZVYjMtUk1NNnRGa052OGM2emR5WWhaRHR6WUxXSWM1MnlLRS1LSlFlUU1FMFRpclg2dk5ZZTQ0TG1ta1MxMHhsT3A0WHE3Ym9OdW43VWw3VmptbV8zXzk,Student Life India,Woman dies of heart attack in SIR hearing queue,2026-02-03 04:28:00,2026-02-02,Times of India,woman dies of heart attack in sir hearing queue,-0.4767,0.0,0.721,0.279,0.4767,Negative
CBMi2AFBVV95cUxPQktZSC1UVnh3LThQZ3ZKZTVMU2gxYVVaVGdlMTFuNGQ1MEhQMTNDTDdPN1dxSjE5Y2k5RmotaDczUTZiTDc0WFhsclZsRTRqMW5GUWZwVlR3TGpjSDhnVjVxWXhfNm1TX3RLeFVVbEJpOV9PcDZ5Z0pfUDZEb0R0WEpfd1ltT1pfWU9lZGtZT2IxS3o5MDJCMnUyZG9kYm5FNnZRa3B2a0lOU0RSZmZ5YUk1anByQzNkRUpfenAwemV4SmZwLXNDYkFKaGVJNVRFb3AwQXo2dUvSAdgBQVVfeXFMT0JLWUgtVFZ4dy04UGd2SmU1TFNoMWFVWlRnZTExbjRkNTBIUDEzQ0w3TzdXcUoxOWNpOUZqLWg3M1E2Ykw3NFhYbHJWbEU0ajFuRlFmcFZUd0xqY0g4Z1Y1cVl4XzZtU190S3hVVWxCaTlfT3A2eWdKX1A2RG9EdFhKX3dZbU9aX1lPZWRrWU9iMUt6OTAyQjJ1MmRvZGJuRTZ2UWtwdmtJTlNEUmZmeWFJNWpwckMzZEVKX3pwMHpleEpmcC1zQ2JBSmhlSTVURW9wMEF6NnVL,Student Life India,5 dead as bus carrying 30 passengers falls into gorge in Dehradun,2026-02-03 07:12:00,2026-02-02,Times of India,dead as bus carrying passengers falls into gorge in dehradun,-0.6486,0.0,0.677,0.323,0.6486,Negative
CBMizAFBVV95cUxQZG1jZ2RNUUI4WW9JbUlQNVBDdzgtNlc3RE0zLWdrdkFHUlFydEVCUlg3LUdTcE02Y3FoSERwY25seXFSTmpWUUZEc25hQ0VEUVgtZTdVOGtNVE40VkVSTjhNLVpBenpGcFFWd1VrcmVUMEJidmZ3eXJHeE44cndBZzZPdEhfLVNzZzJlNTd4bm1mVTU1NGlHNXQzeE92S3paZzlqMFRQemI5X25SRDlCYXM0MEUtblR5b3pPMUk0a3EybzgwNkJvZDVzdW3SAcwBQVVfeXFMUGRtY2dkTVFCOFlvSW1JUDVQQ3c4LTZXN0RNMy1na3ZBR1JRcnRFQlJYNy1HU3BNNmNxaEhEcGNubHlxUk5qVlFGRHNuYUNFRFFYLWU3VThrTVRONFZFUk44TS1aQXp6RnBRVndVa3JlVDBCYnZmd3lyR3hOOHJ3QWc2T3RIXy1Tc2cyZTU3eG5tZlU1NTRpRzV0M3hPdkt6Wmc5ajBUUHpiOV9uUkQ5QmFzNDBFLW5UeW96TzFJNGtxMm84MDZCb2Q1c3Vt,Student Life India,MBBS student dies by alleged suicide at college hostel in MP's Indore; probe on,2026-02-03 01:50:11,2026-02-02,The Hans India,mbbs student dies by alleged suicide at college hostel in mps indore probe on,-0.6705,0.0,0.743,0.257,0.6705,Negative
CBMi0AFBVV95cUxPYjdWQUtmVlZfWTIwcjkxRXd3UzJlZVdhWXJ2T3VubXoySWNXQlk5TEdkX2tLd0pXMl9NMEowNHlzUWFCTWtCOFZpM0JiSGhLc2RhdUVIUThaYXFDX3VZc3h1d2Y1Wm1Fcl9raXB5UkNncHYySVpPWTRvVzU5TndsOUYtdWNMa1drQ1hRclZDbTgyNm5SOTZFckF5MGlUUWVuczFJQjJyQktNVE9oM2FaUkUtbkhZZ0txbHNDU28wVFk1SFdLRXVPVmZnUzRDSFNu,Student Life India,"Uttar Pradesh School Holiday List 2026: Month-wise School Holiday Calendar, Download PDF",2026-02-02 08:41:01,2026-02-02,Jagran Josh,uttar pradesh school holiday list monthwise school holiday calendar download pdf,0.6597,0.375,0.625,0.0,0.6597,Positive
CBMikwJBVV95cUxPbG96b1ZneTZwTGFaVkNwYzU0bGJSeDU4bjZnam9OUXJ4QjFmcVdlVnpwMlg4N3JKVnZkbzNPcGQ0Zm50LTd0WTdxMjFxd3lBcDctVDZhS0YxMVRLcW5KQjFUMTBUdHRwQW5TQ1RreHJSNHA3STJ6SzhsZDNzMVdWLU85S0YwczlBY191ZXJpSmFsVjNnQmp6TkdsVDdTTHhFZ3J4Y3hIcFdZTHl2aWlvS213V29KMUVnNWozX1hac0VYSi1WY28wN2NVdEJQcDRYeTFtRG9VbUQ4T0JoSm1yd0dEMHBJQUtZQUFFN1pQbmN1Tm1wVW1oa2tXTkdaM2ROME52Q25OX1htcHNnbmo4OFhVMNIBkwJBVV95cUxPbG96b1ZneTZwTGFaVkNwYzU0bGJSeDU4bjZnam9OUXJ4QjFmcVdlVnpwMlg4N3JKVnZkbzNPcGQ0Zm50LTd0WTdxMjFxd3lBcDctVDZhS0YxMVRLcW5KQjFUMTBUdHRwQW5TQ1RreHJSNHA3STJ6SzhsZDNzMVdWLU85S0YwczlBY191ZXJpSmFsVjNnQmp6TkdsVDdTTHhFZ3J4Y3hIcFdZTHl2aWlvS213V29KMUVnNWozX1hac0VYSi1WY28wN2NVdEJQcDRYeTFtRG9VbUQ4T0JoSm1yd0dEMHBJQUtZQUFFN1pQbmN1Tm1wVW1oa2tXTkdaM2ROME52Q25OX1htcHNnbmo4OFhVMA,Student Life India,"KRAFTON India Introduces Industry-First BGMI Career Mode in an Attempt to Offer Real-Life, Career-Relevant Skill Insights via BGMI Gameplay",2026-02-02 11:05:31,2026-02-02,Tribune India,krafton india introduces industryfirst bgmi career mode in an attempt to offer reallife careerrelevant skill insights via bgmi gameplay,0.0,0.0,1.0,0.0,0.0,Neutral
CBMilAFBVV95cUxQNldnMXdqZHBqNDRhQWNsSm8wUkRjcEE3OUpzZWhUZ01sR3NGVklGRnZjdGxTVGJCcjFvS25Famx5bURyVkctVjZpZ0xuOGhENy1EeG9Jd1Q0dXBiekV0Tlk5WUlINHkwLUJMdHR4MzliR1FyRklDaGVDdVpCTTRGV2tza2l4QnBrSTFIM05Uc2ZRd2RN,Student Life India,Inspirational Message for Class 10 & 12 Board Exams 2026,2026-02-03 07:18:02,2026-02-02,Nagpur Today,inspirational message for class board exams,0.5106,0.398,0.602,0.0,0.5106,Positive
CBMiywFBVV95cUxNVGJoWk5mbUNpbmVYQy1uY3gzY093WWlxZHg5aHVNYnE3YUJxckRPLW9yV09EWWdPbEJaeW9faFNVaXpRa0gtRWJZNnVYc2lMNlQ5VjBtV0w0OUNqNDQtZXM0MmJBdFFKUXM0dC1WTWhkMFlyelZSb2gxZzZvRXVxdHFmTmRwYlJ1OURhMXFrYkdjU0pkdWZ5Q3RVdmlBckQ5U1RzeVlNYXBNUXhGYTA0dDlob3FoTkdmQXMySnAzMmNnX1ViSl9SRTZPY9IBywFBVV95cUxNVGJoWk5mbUNpbmVYQy1uY3gzY093WWlxZHg5aHVNYnE3YUJxckRPLW9yV09EWWdPbEJaeW9faFNVaXpRa0gtRWJZNnVYc2lMNlQ5VjBtV0w0OUNqNDQtZXM0MmJBdFFKUXM0dC1WTWhkMFlyelZSb2gxZzZvRXVxdHFmTmRwYlJ1OURhMXFrYkdjU0pkdWZ5Q3RVdmlBckQ5U1RzeVlNYXBNUXhGYTA0dDlob3FoTkdmQXMySnAzMmNnX1ViSl9SRTZPYw,Instagram India,Fact Check: Did India Conduct Trial Run Of Its First Hydrogen-Operated Vande Bharat Train?,2026-02-03 06:53:47,2026-02-02,curlytales.com,fact check did india conduct trial run of its first hydrogenoperated vande bharat train,0.0,0.0,1.0,0.0,0.0,Neutral
CBMi9wFBVV95cUxNb1lkV1RyVmsyc0tpTklzZVJJU012cHF6WXRZNW9FU05ta3hVZndMZ1k5amhiLTNic3c3TmFSVnlzX0NseGFNeGtxOFF3QWdCck9sejdKWmF5Vlcxd09xQWRjLVlhWDJ6MzZZTDdGYXBrUUdWRlFzNHd3VnJqSGptQXIyV1lsWEJGcFN2Q2FsaHJ6VXlELUhBcE92NHR0NVYzdWZ5QkR2NjE5UEY2dDExTEhoR0hEUThhVXNhUmMzZkdqb2JqeEpPWFFtVkNEUUQ0R3ZkLU5kQlV2WDZWQzZQUFo4RmNncmtUOHVObXN1Zm9TcEVET3Y4,Instagram India,📢 Instagram Is Bringing a New Control Feature: You’ll Be Able to Remove Yourself From Someone’s Close Friends List,2026-02-03 05:31:18,2026-02-02,indiaherald.com,instagram is bringing a new control feature youll be able to remove yourself from someones close friends list,0.4767,0.162,0.838,0.0,0.4767,Positive
CBMivgFBVV95cUxOS2Q3TEJ2VlA5TGRYSkJ6RkFYczhvNl9PWDd5MkpMWWNEeEFDUjRPN2RKbVBpdVhPOThtd1ExWElPYm5rYWQwUTJrc1o4NERrMThWYjlxbk1Mc2VEZVFsSjZ4ZUFVYWFLd0Z0cEZPTFFueTlEaFpRY29HWGZoeU5OYWp6Y3NLTHhyT19rV2tEOXpPN2NGMTF3NXdQM0pWeXpQM2NrNjV1QmpOOEhNODNJV2hPN3VBbWl0dE0tTk1n0gG-AUFVX3lxTE5LZDdMQnZWUDlMZFhKQnpGQVhzOG82X09YN3kySkxZY0R4QUNSNE83ZEptUGl1WE85OG13UTFYSU9ibmthZDBRMmtzWjg0RGsxOFZiOXFuTUxzZURlUWxKNnhlQVVhYUt3RnRwRk9MUW55OURoWlFjb0dYZmh5Tk5hanpjc0tMeHJPX2tXa0Q5ek83Y0YxMXc1d1AzSlZ5elAzY2s2NXVCak44SE04M0lXaE83dUFtaXR0TS1OTWc,Instagram India,How A Dumping Yard In Rajasthan Became A Viral Travel Destination On Instagram,2026-02-02 11:03:39,2026-02-02,NDTV,how a dumping yard in rajasthan became a viral travel destination on instagram,-0.3182,0.0,0.813,0.187,0.3182,Negative
CBMilwFBVV95cUxNSnZjdE9LZUJ3QnJ4RmVmZU1YNUhKbVExckJ1b1lmSkVLdVZ0QmxsZHJCTXJHSHREbFZ4eFRBaFhxWmE3S2VDeU96cXEwNWpGM29LM3YwVHpaZ3BwYU01VVJ4emVMUjlvc0dKcFBkQjEwaXd3Mm92NVBtN1IxN2dBekJXSnNtOWlmMmVxWjl3bWxhSlQtTDdB0gHsAUFVX3lxTE9RM2haQy1UWHhsVlJqNGQ1NEJRVWpFc0E1aWRwdHRrX0dXakpxSlp0ZktQd2FzSkxSa04zanlYaGFzZk1KNGtxRTBXY2NZU0h3SENCbkxWY1UtcUhBRlJ2Y0FqMUxBbl9mcFFmTkZ1R1dkMlQ5a0U2cEpiTXpnWWVmNnkyUnNpcFY4WEFpT3hURW41YkRsT3hQOXNHMVhDbWtSX1o5YU1tMmFrOGRJWE1PQjNmck80QUhVVm9iQkI0cm9BT0RiVmZCM00tMDlZWXdPTnlVVkNGWTJXSVRTelBWVmstQ09NZmRmOTMw,Instagram India,“Abs Kam Lag Rahe” – Team India Star Reacts To Shubman Gill’s Instagram Post,2026-02-03 05:15:31,2026-02-02,cricfit.com,abs kam lag rahe team india star reacts to shubman gills instagram post,-0.34,0.0,0.833,0.167,0.34,Negative
CBMiyAFBVV95cUxNSWJvRmhzQ2ZueE1NaE9oWHF2YUszTG1sODJRbkM5MHpPWnRsTEUwdW9FR05nbDZUa3hGeFg5ZlVBcnhEeVBCdkFRZDFNUFpiWGZIcU5LOGVpOVo3YXkyaEVsU1lyLU5uZEN5aW9sczRnMUpYVjFlUWM0TDhsZi10ZTlNTHd3UlNlQmk1N01GYWN4WkRvbjM3TjNvTXNuUEJ2bWxjSnliM0tGQnZVYzNCU1B0ZnpiNEZsYV94eW5WdFpWeUpVQ2JsZQ,Instagram India,ABP Live off the field | Virat Kohli's Instagram income: What he makes per post,2026-02-02 18:11:27,2026-02-02,MSN,abp live off the field virat kohlis instagram income what he makes per post,0.0,0.0,1.0,0.0,0.0,Neutral
CBMi9AFBVV95cUxOZW53dkRUZ1VWRzc4Z1Z3bE43bmJIREVkQ2M1UFpNdEstNFQ5MGo1SHZqQWFTV2tIcVZpNEFPUHdxTmVHUG5NWi01aWNMTEMzV0lNcDVkWnNDVmFaeUNZS1BTVjhfWFlBM0NPX3BtdlhWYWhhZ1doWm0weXM2U0xIVUxqSmJDbm9LUHBIeXk3TmVKckREMzQwczgwRHhseldpTGVPcXdEQ3QwRnBlRldZaVFPOVpScDdOMTRjZXNIR1owSzEycUlLazVWZUpHT3ZtYzdQZ29qLWNDZGJ2MS12bE1raThibWhYNXM2OFZ5bUhWNHZh0gH0AUFVX3lxTE5lbnd2RFRnVVZHNzhnVndsTjduYkhERWRDYzVQWk10Sy00VDkwajVIdmpBYVNXa0hxVmk0QU9Qd3FOZUdQbk1aLTVpY0xMQzNXSU1wNWRac0NWYVp5Q1lLUFNWOF9YWUEzQ09fcG12WFZhaGFnV2habTB5czZTTEhVTGpKYkNub0tQcEh5eTdOZUpyREQzNDBzODBEeGx6V2lMZU9xd0RDdDBGcGVGV1lpUU85WlJwN04xNGNlc0hHWjBLMTJxSUtrNVZlSkdPdm1jN1Bnb2otY0NkYnYxLXZsTWtpOGJtaFg1czY4VnltSFY0dmE,Instagram India,"Tech Wrap Feb 2: Instagram new feature, OPPO K14X launch, Copilot reminders",2026-02-02 14:33:35,2026-02-02,Business Standard,tech wrap feb instagram new feature oppo kx launch copilot reminders,0.0,0.0,1.0,0.0,0.0,Neutral
CBMi9gFBVV95cUxQN2VqNzVQdllNM1dCbEE3WW9UOUNXR3EtdU52THhmWmpGVFJ5czJrMmk2Qkl4SGc4bFJjYjQxY2RfNDVtMHlyYkpnU25aSFQwdEFBeEU0bXh0Umw4WG9mcmxKY1hrWnYwWEhYT3FfYkRmbldmM2hXYncwckJnOVA3SkxQd2xGek9mODlpM1BKdjR2d1dHSU5KR2NmOXN5VGQyalFvYzV4bjlNbzFmN1RqUjJVM0xxaXFPS0ExNlJtbWdoRW1jSGJXWXpHVUxXZWhOeHh1aGtKWmJwUTJRWnR1RjJtTFN6UUxVU0JWVEpTQ2p5SjBublHSAfsBQVVfeXFMTk1jWE4yWlo4b3B2aFhkdFE1dWgxendaaE1LSEtpNEJSTWJpUWNvT1pXWnNjbnhzMWc4ZzR1V1RXcDNucHJkYmRqdzhUNFpNNFhmbGhUa0J6ZXN5VW80cmRVUnVDTlhpUF9Xd05lRnEwMy1IUFRMSUx3QUx0bXJ3VWI3WUFpekNnYkhRTm12cjJnc1IzSHR0ZFdRcERxc3ZtMENwa1RmeG1SM1R5SlRpbV85ekVLZFc4TGI5WnhhT2dTZjRpYzdMVUdFUzJnS3B1NE5COHVmNGVTejZYSlNGVzA4UHJ2SlFiNF9hMVFEZ1IwUTJtWVNNa1NVazA,Instagram India,Harbhajan Singh’s open challenge to Mohsin Naqvi amid India-Pakistan match controversy: 'Total drama',2026-02-02 09:47:23,2026-02-02,Mint,harbhajan singhs open challenge to mohsin naqvi amid indiapakistan match controversy total drama,0.0772,0.098,0.902,0.0,0.0772,Positive
CBMiwgFBVV95cUxPN01mak9ZRzd1REVVbVVkT1ROQ19XTmZqX3lIRnNzb01kWEotOGV5OVJBZ2tXa2JCZFk4dURvRFllc3hTZHJyWG0weHg0cEFQX2RXb1BYSG9vVWRIU0ZqRXBRYlkwaFZwenVBLXhPSVdoUU1iM1VjZTY2eGIyaWhUR2xpejdUR1JVTzh0N0FOcW9sQ0owcTRCYlhuMDBzTzlsUGMwdGcxcE9PalNSeWYwWXBGMnd5SDVBYTZZcjFwaFp5Zw,Instagram India,Mary Kom apologises to male community over ex-husband remarks; slammed for scripted Instagram video,2026-02-02 10:55:19,2026-02-02,IBTimes India,mary kom apologises to male community over exhusband remarks slammed for scripted instagram video,0.2023,0.122,0.878,0.0,0.2023,Positive
CBMipgFBVV95cUxOSkJhVENFZ0ZuYzJEZVdPS25ON3VtVkpsZ0F4MGdqWERRM002ZlhpdkRlZ1poMUl0aFNObm05N2xDQ3BDOWxrSFFRbGRlMHg3RnpFMi1DYnRIanQ2SENsWHllcEVyZHN5UHVsdUJuVHZUZkJKSVR6ejM0ZWFuMzIxMDhPQmpjZXFhSVk1R1hfUkJBbDRRc0VMdmwzbUR4dVI1a2VKQ1h30gGzAUFVX3lxTE5UQVc4NnltZ2VVNmttUTJlU0F6LTBNYzNLRkQ1SnNWMGFial83V2RfY3ROdnpvdVZPZGhSTk1yZWhHTmJ5eTZmZEdHUW5NQWdtcnJIU0Q2X3pIMXBIR3ZsOXNLZkg1V2RVMG9UQkJlRzNsaTdBMHNveGFRczBic2kxd3c3M21GalBUSTFHcWRKWWxHeUVRd292WERycGRDVTE3QmdtcjNwak1kUFpRWGtScGxj,Instagram India,Hema Malini Reacts To Dharmendra’s Padma Vibhushan Honour: ‘Had it come earlier…’,2026-02-02 12:28:30,2026-02-02,Outlook India,hema malini reacts to dharmendras padma vibhushan honour had it come earlier,0.5719,0.252,0.748,0.0,0.5719,Positive
CBMivAFBVV95cUxOcU53WmltZ0tpam5MZTd2LXlLZThSNFZPWHNCemFuOGFKdF9XNHR0UnB6QXN1OXpPWjd6S3oyQWRCSDZJQ1drc2RLeGNISlY3TjFLUmVSV05nTE9kSVlaTlBVTlhlTzBBaXZYZ0hWdjJCVzhuZDJ6SEEyWWxBUlVITVV3eHhkQXEtVlAtYUM5c0dKWkROUDRsNmZHU3pmWWpkOVRJZVhKaWd4MWFqaUNnejZHbF91NzdnLVk2a9IBvAFBVV95cUxOcU53WmltZ0tpam5MZTd2LXlLZThSNFZPWHNCemFuOGFKdF9XNHR0UnB6QXN1OXpPWjd6S3oyQWRCSDZJQ1drc2RLeGNISlY3TjFLUmVSV05nTE9kSVlaTlBVTlhlTzBBaXZYZ0hWdjJCVzhuZDJ6SEEyWWxBUlVITVV3eHhkQXEtVlAtYUM5c0dKWkROUDRsNmZHU3pmWWpkOVRJZVhKaWd4MWFqaUNnejZHbF91NzdnLVk2aw,Instagram India,"Instagram May Soon Allow Users to Leave Close Friends Lists, Boosting Privacy Controls",2026-02-02 12:14:25,2026-02-02,My Mobile India,instagram may soon allow users to leave close friends lists boosting privacy controls,0.7351,0.42,0.511,0.068,0.7351,Positive
CBMikgJBVV95cUxOaThhZ1dRZjhISl9TRzd4amYtRE9YZEhCNHlqT0FUVUFkOHJnTkExRXprRmRTN21hcGV6NS1jWkhlcnp6QlFacVpXQ0NxaE5salk5UWo1MkN4V1B5c05DZVkxNlhvR19kd2dLd1FtMl9lRkVWTHd3TTZlYVRoVFAzQ3V6Z2ZUS1lGV2FORWRPSUplVTk0eU9KbTRhNXBSaV9jUmJaZDJySmJmNHM1LTFIOXNGeG1TU3lldlFzUEp3WWl1b0FIZlNEVU1zUnpPNkVQQUItdXdjWXFYM0kweWxVeTFJWXhfN1BaYmRMZ1dVRzBzN013bjZ2X3JRVXo5a1lMYTNQMlUtNjlBOUZESDUxajRR0gGSAkFVX3lxTE5pOGFnV1FmOEhKX1NHN3hqZi1ET1hkSEI0eWpPQVRVQWQ4cmdOQTFFemtGZFM3bWFwZXo1LWNaSGVyenpCUVpxWldDQ3FoTmxqWTlRajUyQ3hXUHlzTkNlWTE2WG9HX2R3Z0t3UW0yX2VGRVZMd3dNNmVhVGhUUDNDdXpnZlRLWUZXYU5FZE9JSmVVOTR5T0ptNGE1cFJpX2NSYlpkMnJKYmY0czUtMUg5c0Z4bVNTeWV2UXNQSndZaXVvQUhmU0RVTXNSek82RVBBQi11d2NZcVgzSTB5bFV5MUlZeF83UFpiZExnV1VHMHM3TXduNnZfclFVejlrWUxhM1AyVS02OUE5RkRINTFqNFE,Instagram India,"After Backlash, ‘Dhadak 2’ Director Shazia Iqbal Makes Her Instagram Private Over ‘Sinister Film’ Remark On ‘Dhurandhar’: What She Actually Said",2026-02-02 15:29:35,2026-02-02,NewsX,after backlash dhadak director shazia iqbal makes her instagram private over sinister film remark on dhurandhar what she actually said,-0.5994,0.0,0.83,0.17,0.5994,Negative
CBMiugFBVV95cUxNbzhrTjlDa041X0x1UUdPdDdnS0Y3RDRRendKX3YzaHY2XzA1bFhIb3N0ckM5X0tOd0pSRzFWWW50M1ZoWWtUeHRQQTBLbFA2QV85UHJJcGtyLWhnbEs5UnkzM3NVakhBbklWMTA3am9pamNKVEhYQTBOdjZtV3VDaHMwVUtqRXB3c0hFRXQtYkxxWlJqQjJPMEV3ZjRIM0lWSXpxWGtlUVRUTEtfM05JMmU1SWNtWGRJWkHSAccBQVVfeXFMUGVnZGpmZzhXVVR1ZDN6YVl2WHBQVUwyZnN3MHdMUEg1YXFnNFRUckFQeWdBdzQxdy1FUjNQaXlxQ2RsNXdGWEpBM2RhUTVMNkdqSzRHQ1hma0hXQ1pjck5xbnRCZEVYRVRfdkwySEU1NTNlQW01Tlo5QkNfa09DZzA5eW4wNkJ2Nzc2RFFGNHZXWDZCV2ZVZS0yMHcwV0t6THl6N2oyU3VHMVBYQ0VrODVvd19TcUJWRW5sdGJpZlk2S3ZoZ2ZsSQ,Instagram India,"Oscar-nominated Mehdi Mahmoudian Arrested In Iran After Condemning Regime, Jafar Panahi Responds",2026-02-02 08:56:39,2026-02-02,Outlook India,oscarnominated mehdi mahmoudian arrested in iran after condemning regime jafar panahi responds,-0.4767,0.0,0.78,0.22,0.4767,Negative
CBMi2wJBVV95cUxOdV80aHdzR3R4VzE0am1kcklDM1lWQi1QaXpzUUd5eldxb3o0b01GaWEycXZzU1BWWW1lSnZpSGNudVNmNUtsVzRVbS0wWkQ5eDhsdHFkbEQ1X1lBN25IYmY1TjJkN19CWTc1X2RwQTN1R2FvVnlrYjhKM3FWX0ktcmswSkdLWlBDTmdUd3RTWWotQ0FlZjRFaHBJT1FWTV9McGRwb3dDLTlUYmhKOTN5clhxZFJ2ZW80XzNWTDdrdFFRTXd5UVpqaXZmYmkwenRyWlMyb2Y1OEpDT3dvUE9za1dHcVA2bGJfRVUtd3NIenZ6MDNwaFNGUkhxdUJUNXhNMVZrR0JEblRGYk9CWnQwYS1fMm05MGVZQVdlZ0NEVm5BRkpSZkpJUVdnVWR6R1g4YUYtMlIwOF81SHpJVzRyRk5kSTYzMVpueUxCYzVRVlh0NkNzdXFFM0Z0TQ,Instagram India,"Virat Kohli’s Instagram disappears briefly, internet erupts with speculation",2026-02-02 09:43:56,2026-02-02,MSN,virat kohlis instagram disappears briefly internet erupts with speculation,-0.34,0.0,0.769,0.231,0.34,Negative
CBMiggJBVV95cUxQRDJIMFZqeDdobmdFcm9ZYzdQcmFYdnNBNWxWTGc1OFlDRVY0VDBMbnEteS1fRWdPUFNSc1RnOFhNRWtMVnYxQTgtNlpsV3RneUxkaS1UOGF4RzFhbGRBLVZHR0s2eUZiMEIzVHNwbzNmY2JSS2FCeDVmaHZTSWp4bDRMb2pxV2ZTclVJR0JsQ25QZWJZZkQ5QVc5X1ZUQ016YXFfMjVJYjczTUE1d2Q4UE53MTZ1Sm9lbHkwUkFBWUNFRlJ5WW94akxtdVpPUVppMUt1NXNzYUpxT2NFVWVDcG1ZcktXYVBNVktNVUI2T2dnMlRMRlVVLVV6WkswM2RGdWc,Instagram India,Joe Burrow and Kendall Jenner dating rumors go viral after playful Instagram post sparks social media frenzy: but is it real?,2026-02-02 12:55:57,2026-02-02,MSN,joe burrow and kendall jenner dating rumors go viral after playful instagram post sparks social media frenzy but is it real,0.0772,0.086,0.841,0.073,0.0772,Positive
CBMizwFBVV95cUxPTGZtcFY2WjVraklSeTJBT29oZkd6bjA3WmJkcU0yVERyTlFIRVJJck5ZVjhEeXZtVVI2Q1p3WGdxSFU3aHJDRkk0N0ZQSU56RGo2ZnI1X1dtZExfbk84eGxfY3ZwVXo3QVpPMTgzcG84bHAwWmp5MElOZU51c3BDN2VmSWV2eGJZSEZwc0pXR0J6QlF3TFlNQXlwVnBaeUJyT2ZlZ0NRb19yNVcyUzlnSkNOOXdtXzFybkN5VVh3eVA4RnRncmtYbEEwTWltVVnSAc8BQVVfeXFMT0xmbXBWNlo1a2pJUnkyQU9vaGZHem4wN1piZHFNMlREck5RSEVSSXJOWVY4RHl2bVVSNkNad1hncUhVN2hyQ0ZJNDdGUElOekRqNmZyNV9XbWRMX25POHhsX2N2cFV6N0FaTzE4M3BvOGxwMFpqeTBJTmVOdXNwQzdlZklldnhiWUhGcHNKV0dCekJRd0xZTUF5cFZwWnlCck9mZWdDUW9fcjVXMlM5Z0pDTjl3bV8xcm5DeVVYd3lQOEZ0Z3JrWGxBME1pbVVZ,Instagram India,Shazia Iqbal Makes Instagram Private After Backlash Over ‘sinister film’ remark,2026-02-02 12:11:47,2026-02-02,Outlook India,shazia iqbal makes instagram private after backlash over sinister film remark,-0.5994,0.0,0.719,0.281,0.5994,Negative
CBMiugFBVV95cUxOa3pRTjJhVnN4Z1o1UWg2RDAzNDczend3Ui1rcFY5Ym83Wkh1czIyM1lwVkhXNDhZNG5FcmJrU21pOHYzcGx3eDlWOE9HWU50NXpnTzBDSTdjM1FRRENHa2luQkZwbnMxczRTcFBoZjJObUJ1ME5fdGJ6elpsZnduWFB2QjJKWFZZSElQWVI0V0s1dkhwZXluOWc3aXdCd3dvaG1oMTNEVFdGT1N6TTdaaVdFVXYzVUZuenc,Instagram India,👂 Is Instagram Listening to You? Use This Trick to Stop Creepy Ads,2026-02-02 15:56:29,2026-02-02,indiaherald.com,is instagram listening to you use this trick to stop creepy ads,-0.3506,0.0,0.743,0.257,0.3506,Negative
CBMiqgFBVV95cUxPMGxuNjhCMWFaMG1MSEpGQW95dGVqdTJFNEY1b3RyRDJmZ0dWN2dfRWpZVkVUUVBRUXhqOVFBdUZSVEtZOE9OSjVDbXFzdkpZMFE1eFpGTlA2OFBHaUk4WVlBQUVQX3NRbnExaE9xR3dra2RwcUpFalNBc0ZnNHNPR1ZKc1VMTmJwUmdoQ0pURjJxaUFQRWE3UFNubjQyZkxZemZJSjR3UTN3dw,Instagram India,🎬 How to Download Instagram Reels: Complete Guide for 2026,2026-02-02 15:56:29,2026-02-02,indiaherald.com,how to download instagram reels complete guide for,0.0,0.0,1.0,0.0,0.0,Neutral
CBMixgFBVV95cUxQM2JIMzJlMnkyU3h4WF9Ed1ptSmNoVlFfSVJ5RHBCQnRySWJpZHl5cDZlOTV5VW1SYUNmRlZIMUpPQUd0Q3psWkJYVktvZFNQd1poSlRsMnljMkVEcGVrTERRUkFGZnR3MjB1UTRzZXM4dmo0c19EZFJIaDN4MTVNYXpSbjIxRzJidnJnNnhHVUlCSjJNZFU5SVdnc2NMXzFUZm1KbDI2QkxOM2RRbHhiZEVhQlQ2dTF1XzhuU2wwc0l5SEU0UFE,Instagram India,Virat Kohli’s Instagram post fee revealed: Why his one post is worth crores,2026-02-02 13:11:44,2026-02-02,MSN,virat kohlis instagram post fee revealed why his one post is worth crores,0.2263,0.137,0.863,0.0,0.2263,Positive
CBMiyAFBVV95cUxOOVJ4Yjk2UkNfMlNQQ3R0US03cGgxVGVjeTg1d19xb2k2RElwOERpSHlkLTgybnFmM2IyZnVOblFvOW5vX0d2U2pCYU5fVXpJeGdtbUlqUy05Ul9KY3hMQlQ5NGd4R3R3RVhCM0h4RzBxVDZpQmhpczBGU2lNZG5WMUVJMXJKdERicEI5QUFDNjlmNU9sejFzMElGTkwtWUcyTlVfZlhnSFk0WDBMTVdtSDRjbzlLYVZDUUcwY0tPS1o3YVg5NF9PTA,Instagram India,📞 How to Make and Manage Voice and Video Calls on Instagram: A Complete Guide,2026-02-02 15:51:24,2026-02-02,indiaherald.com,how to make and manage voice and video calls on instagram a complete guide,0.0,0.0,1.0,0.0,0.0,Neutral
CBMihwNBVV95cUxQMHRuM25nTXFHWEJZRmFoQi1wN1libWk4UVktU216X0liMnJKcVpIM2JkeHM4bERYM1pSeFN6N0VJV1JTQ3lKaWFjSVZjUWJjcVByajY0bmtaOVZ3ckRvOVVKTmxOUzNTeXNYWGpXWUNHMlh3VWtsTV9PVTc1Q3RtSFBhZ1dSVTZkdjcxcUlFNGFaUmZURlpRQlFpQjZJbTd4R3hkajhaSm5lc2ZFTjF4WXUtMko1UEJXRmlSemtCdzBfX3A5cVZZTkNnLVA4aHVfQzRXbEFndXplMWQxSk5TVURuUTVjYWd1SXhXX1dVdUNwaERLZ0c4Z1lGQzBlbGVsYnJNQXVYaTBoRlZCbnVDRHdVaG51U0VVMlJRTXpGcDIzM2szemc5OEF0dm95My1OLUZJZ0NzQUZtSnlGelNDLVBQYnNFUzZqdi1DZE5pNWZDZ3NQeDRfb3hxakZZQnpsMFlaSDlXanBONzJqMEZ0UTU5Y1hhZVQwdXV0bS1UQ0N5dzJnRHNJ,Instagram India,Vaibhav Suryavanshi Instagram post goes viral after smashing 48 of just 19 against England in a famous win,2026-02-02 09:48:33,2026-02-02,MSN,vaibhav suryavanshi instagram post goes viral after smashing of just against england in a famous win,0.5859,0.213,0.787,0.0,0.5859,Positive
CBMixAFBVV95cUxNaGJPM1BrNzNoMnBTWHRpV2Fpa2NXU3g3Y1E4QzEtaXlTeFdONmJxLXd1T0lVQTByRlJnRUlUcnR2aXhvUTNxWnduTGlPSFh2T0toUUE3SUI5QS0xdlMtMDR3ejB4Q0lISXVrV3V1X0E2VmxMejl3ZGdQbnlnR1JsWDR3OWRjbWZWQUUxWFNWLVR4NEF6dG51Nkl6T3ZqYkhjOGhXVzNXcTZReXFNSU1BRTBCb2dkbnZjaFFkbm9QMXdjbm1N,Instagram India,"🤖 Instagram, Facebook & WhatsApp AI Features Will Soon Come With a Price Tag",2026-02-02 15:46:36,2026-02-02,indiaherald.com,instagram facebook whatsapp ai features will soon come with a price tag,0.0,0.0,1.0,0.0,0.0,Neutral
CBMiuAFBVV95cUxPTkVNZWpocUYzTktaVmEtNFk5MUt0UFhDdXlLLUVsb3VOTkgxeTd3MmQxRVJ4ZEdFTHhBUE9icC1MMC1BYVpJc05DbzFrMmhhQjhGbGcxNFhFdlZVZzZ0U0pjY1ZUdXZHVklJYWVucDZXQnJZZE9aZ2RYV21lR0F2bUphVm1oTHR3TG1scUVwYmJrNlE3UjFxUEw5a291YjNxT1FHTkNRcHBrVXFsR3NncndzNWltaUwx,Instagram India,📸 Instagram Update: Remove the ‘Close Friends’ Tag Anytime You Want,2026-02-02 15:28:43,2026-02-02,indiaherald.com,instagram update remove the close friends tag anytime you want,0.5267,0.355,0.645,0.0,0.5267,Positive
CBMi1wFBVV95cUxNZ0hTZlFqUG4tbDRQUFFSQnZLZmx1RTRXbVF2SlNJem1wZHBFMlZxRjh6bVVqWVpUbmxMc3dMMG1DZzlDSGp2cndMczYtQ0NYc3N2SHU0cFlnZkxXYmUyMUg3M1Z2ZnQ3VDVnODViM2dPZFhwdVphN0RnWGE0S19HWWZSeWJaZ2Y3dTR5Zmd1bk91N1ZZTlBkdXg3NUVKSXl4VUxzYy0zOHVmRVhWdWdOY2R5TGgxV3FKbnRsYTZOTF9pd1BraldIMUR1aWQtSzMyVGpQNXpoMA,Instagram India,🥦 Viral Alert: Why Talking Vegetables Are Taking Over Instagram (And How You Can Make Your Own),2026-02-02 15:28:42,2026-02-02,indiaherald.com,viral alert why talking vegetables are taking over instagram and how you can make your own,0.296,0.128,0.872,0.0,0.296,Positive
CBMinAFBVV95cUxQMkVud3M5blNtVjdRa2hXTVpPdlJvcWlGd3ppVDZSejZYSGZFcFlrZWpDejk5d3FCb0UyV2lLXzBUY2RjU2xJQl9waURzYTdXYlVvM2NhQk4wWTdJV3ByZFo0TGRETDA0U1R2bUFBV3RaSTRuQXJJaXQzSWRGRWJpWmJzek10WXhLMUd2a1QxbjNpaVU5VTFrOU45b1HSAaIBQVVfeXFMT21fNHY2MmxzM3BqWjZqRXl2SDE5T2R5MWtXSmVUVDVxUWNsQVpPTnAwd3J1dGpEVlViNkdFTmRxaGJaOVJncUVTUkJKWElIVjNhSnJyWHA3X0wyYS1Eb2ttN2xhWVBpVm90WDVWQzFNWHROM2tZX21aSVVxcXU0ZkNmSldNUGFTaUpPbXBKNExxT0JuWTk4endtc1hMc083QkF3,Instagram India,"Mohammad Deepak Kumar, Shaila Negi, And The Idea of India",2026-02-03 06:40:19,2026-02-02,TheWire.in,mohammad deepak kumar shaila negi and the idea of india,0.0,0.0,1.0,0.0,0.0,Neutral
CBMigwJBVV95cUxPRXhmVHZlb0l3Z092YXF3cmdKQkwwMFM1ZDJyVTRjV1NJN3VTbTJ3MnNtSmhGOGw1SE9WN3AzVk00V2lramlpMkVxY1JlUXZWLWZhZ2F1RkZWYXlEbU1zRmw5XzdlLXhpQkVnejJ1OXVhS3NHRmF0Y2pmQy1tM2dQODFpYTdRdDVXc3ZRaW51bzBWVFVha3BDRlkyMG45U0FTMDdVeVRPcG8wTEdDc2p4LWhBSEZjWHNqYzdTWmRvODhLTFlKc1NhRUxwUDdBTFNZMDF0bHBQOWZFS0FNbExoVjYtRDBkMV85MDVkSU40NnNyRE9pZVlLbXg2azd0SmlJYnBZ0gGKAkFVX3lxTE1RYVhlWlM2R0NpNGlDRnhBaHhQVEhMLTlnRzlqRnF3Mi1Qd0UzeXU0SURHM1hIUHkxSFhfcUk1MmNwRnVCcmhGTGJzeEpZZ2llRWJXNmlra0ZseVNGUk9fTUhqQXlzTElHMHc0amNGNVVGc0dtdy1rQXplcWZfR3ZCcVJjaDQzMEtUUlgxMS1jazNIQXZEM2xOYzRHeW5DM0czYlFuajdxMlUzTDdrc1NVUTNCUFJIV1c5SkY3cVduNDBMcVQtRGh2WDdjenduY2oxdUVZMkhzTUxOT3FVVlRJSkdzZUIxRkVsZHlhREZlQTZhelVNMF9Ebk5vUzY5bWJDUXdDQUNCWWpn,Instagram India,Fake SSLC question papers of Karnataka exams circulated on Instagram,2026-02-02 11:10:00,2026-02-02,The Hindu,fake sslc question papers of karnataka exams circulated on instagram,-0.4767,0.0,0.744,0.256,0.4767,Negative
CBMingJBVV95cUxNODVqVzFUWWFTTzJqMzY4d3RKSE5zaVg4dXpnZExmWEQwUmtTY1hwMUJKOXQ2cE5YYW9XQWlKVlpDU2Z5WXRieUZEbFk0OG9lNjBZVjFxUlA4X21QR19ySDVEVjlWTmkxRmRuODVWRXVPS1U4ekQ0Z0VJYzJqVkZjOXYzN3lYM2ZmRFdQdE5JUVRITXptRE1oRTVaWTEyTVQ1akU2Y1o4NzdRRFljVHp6aHR5ZEFseWQ2ZE01eVJKa0dMVXJiNGtEUHc1WWRJVnVZcTEzVDAyWlhIT2xoQVNQLU04aTdPYS1TY0NESVZRVUJfcWdkS0xFSk9Vd2lLcGpSZFBzUHpselhJOVItVFdWSkxKT0dsWk84VEp4aFhB0gGjAkFVX3lxTE82X215SFZ4azg0eUg2cXNvNmhRRTRFU1lVSTZac3hYOE16RnY2TGpJX3VWajhjelBpRTNqYkJrZmt6akxWNndvVWpzbURFcGxmRk1WaEd0YVdpMnJlOEVLdGtsX3dvSlZkRDVoS01jb1M2R0NKaTBrRC1GQXhWb1ZVc3NUdEZnT0JYaUpkTi1KcUNGMFd3XzBMQ2pHbFg3UmlqalhjUEpma1dlb3NsMkRnRGRrQk13VkxNblI3QlNEVTVUU2JRUklMQ0JERW1DeFpFd0puNXBMUTNseXlCTWxtRWJNdTZDMTZLbnYxZktWZ19XVklPamY1Q1A0XzdZU3VEOHRNUGdGR290cVBvQ3Bxam1vRnk1Z1FwMm5WZjVyRHNtNA,Instagram India,"Brittany Mahomes shares an adorable video with all her daughters, reminding us not to try everything Inst",2026-02-02 21:27:00,2026-02-02,Times of India,brittany mahomes shares an adorable video with all her daughters reminding us not to try everything inst,0.6597,0.265,0.735,0.0,0.6597,Positive
CBMiugFBVV95cUxQeDFKN1oxbnFPbVFYRnpYTkVJdjdXdE5mZmVSUDFnNVpyQUNtZVBEOVE0Nk1WUUJpNlBaVHlURFBiOFh6cS1RWWRDYkdodlBYQ3B0Nkl1UktMeFZwc2pCNk5PQVdUMG5XYndFc0ZmX1NTMGpLT2NscXpoWFVaTFVKSFJlT3lXck1KQ0dEYU5tRDBDSWpYNDllNU1hZVo5Z2Jva3c3Ym50ODF0RGlHYVFtNDZtNEZWTVp4cUHSAcABQVVfeXFMTWlMSXEwTlF1V3RFMmwwSXo0cHFUYTNCd0tjVW5pREc4eHlCc2tsOVVySk5qaGNqN0hucmt4RXZYMldTb2RkSkYzenVLeXRSUG5HNEljWkxOb1ZqR3dobDZVTXBvSWVNUUM0cW80bmRQdnBheVJyXzNOYklyR2pVVFQ4b2drZ2szNE1SNGxRbU4zTHh3V0lmNHdQQ1lfTmJzVGlPTHlXUjZ0cU9UUWY4U3hwOHNNT1RVVlBucThEYU94,Instagram India,Abhishek Sharma’s Amritsar: Where cricket meets kulchas and kites,2026-02-03 06:43:00,2026-02-02,The Indian Express,abhishek sharmas amritsar where cricket meets kulchas and kites,0.0,0.0,1.0,0.0,0.0,Neutral
CBMiswFBVV95cUxQM2VtRENhSVFRaE4wekwwbDJiY3J2Y0JVT2IyakIyaWNqWG84SUpjb3p5R2xBVzR1MV9lVEV1QlhZY1RtMWpMa3lacUJScVFWZnhMYnI0WkhtNzdrQ3NhemxnSzBkMWd4MHduNXV1VUxZWW16TjRKb3FFUURVcFpQRjJkSURTRmQxaHo5TUFwTDFjUUtiamJ6c0dHamlobnp3VGlxakY3QWRncG8tWjAwYi1hVdIBtAFBVV95cUxPYnhKSTBrMG5RTFZXWi1QeU5JUDRYR2d2YTcyRXBrTFlhWkwzQWtUQXFEYnRheF9GRlgxM1hVcGM0QTZQU1VYUXVtUm83Rmc3SHpMZUdyZkV4VDJyNW9lYVhJc3U2cnpuSDZjUEdNWHZCMV9nYng5ODFLbWV5Nzl0dExyaWVVSjdoVDBCeTk4Vklsb2ZmaVBWaWpsOTAtTjZqdTh3ajZ2blFrdWE1a1BaRkZrVEM,Instagram India,8 Top Events To Attend In Delhi This February | So Delhi,2026-02-02 13:52:30,2026-02-02,So City,top events to attend in delhi this february so delhi,0.2023,0.167,0.833,0.0,0.2023,Positive
CBMi5AFBVV95cUxPT3dFZ0k3TmZWXzdXVXF3bWxvUC00S1g1MzFoVTdxSXdKRE9EUzl5dHFHZVV0LS0zSDBndDk5cTVDNTcyTkFlanBDU25CanRBVjBMalp2ZXFEU2lFOTlyOXFDMDB6Q0RrLUxyeTR4UWlaZTRDVm5FR0gyb0tCT1RXQm5feVRZUHZQTGRHSEtMX1lWaFdIbWFtaVQ3V0cxNjdXYjFmaEowX25TZUVRT2JGczM2S3lhbF9vaG04SEJHVjg5V21sU2FPdXZzQk5FMTdtd3FubzJ4aHo2LTZQTkhRQlQxZUXSAeQBQVVfeXFMT093RWdJN05mVl83V1Vxd21sb1AtNEtYNTMxaFU3cUl3SkRPRFM5eXRxR2VVdC0tM0gwZ3Q5OXE1QzU3Mk5BZWpwQ1NuQmp0QVYwTGpadmVxRFNpRTk5cjlxQzAwekNEay1Mcnk0eFFpWmU0Q1ZuRUdIMm9LQk9UV0JuX3lUWVB2UExkR0hLTF9ZVmhXSG1hbWlUN1dHMTY3V2IxZmhKMF9uU2VFUU9iRnMzNkt5YWxfb2htOEhCR1Y4OVdtbFNhT3V2c0JORTE3bXdxbm8yeGh6Ni02UE5IUUJUMWVF,Instagram India,"""Its almost like India beating minnows"": Manjrekar speaks why IND-PAK clash is a ""non-event""",2026-02-02 20:00:00,2026-02-02,ANI News,its almost like india beating minnows manjrekar speaks why indpak clash is a nonevent,-0.1354,0.138,0.69,0.172,0.1354,Negative
CBMiqgJBVV95cUxQVlQ2cXlRQ3FGOEZUam9jM2xfdWcxcUxRRG1nTjk5aG1SbDlCTk52Tm9IQWt0cW9qTTQxMjhSSjJTaFJwanh6T1dWNC1Camo3eG1zV2pYel8wUHBseWVyNnJzVl9ZdXNEeGtvOGtDME5LX05uUWc2Y2ZxNkQtczlOd0h0YTloM2hsaVdsUWlVUWhERy1rYkNRcnR1LTAxUlF2c25FY2N6Q1BVQ2wtRWQ3VjlhbDNTSmdjVGJmd1JoeFMyQ2dEZ0xXaWpmZjV5eXZpN2JNRTA2ei1nTUg1UEJXdGVkaEN5N040aUN4TG9BVlFBdjhRZ1V1ZndIakFjY2lfUW5EemdOaEIxUjVxQkNNcHgzVW5aUWs1ZlBsVkQzMVhXMVJhek1mWFhB0gGqAkFVX3lxTFBWVDZxeVFDcUY4RlRqb2MzbF91ZzFxTFFEbWdOOTlobVJsOUJOTnZOb0hBa3Rxb2pNNDEyOFJKMlNoUnBqeHpPV1Y0LUJqajd4bXNXalh6XzBQcGx5ZXI2cnNWX1l1c0R4a284a0MwTktfTm5RZzZjZnE2RC1zOU53SHRhOWgzaGxpV2xRaVVRaERHLWtiQ1FydHUtMDFSUXZzbkVjY3pDUFVDbC1FZDdWOWFsM1NKZ2NUYmZ3Umh4UzJDZ0RnTFdpamZmNXl5dmk3Yk1FMDZ6LWdNSDVQQld0ZWRoQ3k3TjRpQ3hMb0FWUUF2OFFnVXVmd0hqQWNjaV9RbkR6Z05oQjFSNXFCQ01weDNVblpRazVmUGxWRDMxWFcxUmF6TWZYWEE,Instagram India,Tom Brady posts relaxed selfies on Instagram and teases fans with captions that capture the spirit of a l,2026-02-02 12:25:00,2026-02-02,Times of India,tom brady posts relaxed selfies on instagram and teases fans with captions that capture the spirit of a l,0.4019,0.232,0.664,0.104,0.4019,Positive
CBMi6AFBVV95cUxQTjJtOHlkMFV6ZFF2S3E4R2ttamo3cGdfY0ltMmI3Q0wzdUxNMkoyVkl6bkN5dVhBRFV1TzdyU1F5VEZISlJ2WVlYNXdxRTZHLTlIdVFPNzlLM3luV1FfanJlVm8xOXRDMjFDekdZZ0xfanFuSkRSNGRjNGJGYjFmQVBQZzZZZlZjeE5jVmlEUG5GT011WXNEX3Fmcy1TcEtuV09Zc0tWTWRoTFBDY1dXSVVySEZDWHRqMkRuTmlnNzd4VHZiSEw0N051OFpuTGw3WTlqcjlLZUoxRUc1Wk9GUlFjOWh5QkIy0gHoAUFVX3lxTFBOMm04eWQwVXpkUXZLcThHa21qajdwZ19jSW0yYjdDTDN1TE0ySjJWSXpuQ3l1WEFEVXVPN3JTUXlURkhKUnZZWVg1d3FFNkctOUh1UU83OUszeW5XUV9qcmVWbzE5dEMyMUN6R1lnTF9qcW5KRFI0ZGM0YkZiMWZBUFBnNllmVmN4TmNWaURQbkZPTXVZc0RfcWZzLVNwS25XT1lzS1ZNZGhMUENjV1dJVXJIRkNYdGoyRG5OaWc3N3hUdmJITDQ3TnU4Wm5MbDdZOWpyOUtlSjFFRzVaT0ZSUWM5aHlCQjI,Instagram India,India wins Men’s Quadrant gold at Asia Sepaktakraw Championship 2026,2026-02-02 15:13:31,2026-02-02,Sportstar,india wins mens quadrant gold at asia sepaktakraw championship,0.765,0.485,0.515,0.0,0.765,Positive
CBMi-wFBVV95cUxNdk9kU3Z6UXoxMk5IRDNSTVRoeG42Q0JEWXh5Mmh2eUpXVGNYZWZFV05TVWhqZHd4Z25vUVdaX2hUeHBRNjdRRWRDUDduaFk0S2dYUVNCMHpUNmRMNTl1dDZZTXR4V3I3X2s5bUZybjdyS1ZGaDVoekVXNDNnY1ROdFM3akZnTFRZTXN0TU1GcEtMUVVtZWpSMHg1T2FmelV3cnpHakVhUFZ6Qndyc3ZNQnJhaXQ5ZTl6VWstcUFZcEtzYzRscGNVOHpYLTZVWGprOTBCSkdlWmZGelVfOVp4RHdPaEtGbkJGNmt0dW5HR1dzekdaWkZyeG04RdIB-wFBVV95cUxNdk9kU3Z6UXoxMk5IRDNSTVRoeG42Q0JEWXh5Mmh2eUpXVGNYZWZFV05TVWhqZHd4Z25vUVdaX2hUeHBRNjdRRWRDUDduaFk0S2dYUVNCMHpUNmRMNTl1dDZZTXR4V3I3X2s5bUZybjdyS1ZGaDVoekVXNDNnY1ROdFM3akZnTFRZTXN0TU1GcEtMUVVtZWpSMHg1T2FmelV3cnpHakVhUFZ6Qndyc3ZNQnJhaXQ5ZTl6VWstcUFZcEtzYzRscGNVOHpYLTZVWGprOTBCSkdlWmZGelVfOVp4RHdPaEtGbkJGNmt0dW5HR1dzekdaWkZyeG04RQ,Instagram India,"Salman Khan joins Jackie Shroff's intimate birthday celebrations with Subhash Ghai, close friends",2026-02-02 17:54:00,2026-02-02,ANI News,salman khan joins jackie shroffs intimate birthday celebrations with subhash ghai close friends,0.4767,0.205,0.795,0.0,0.4767,Positive
CBMitwFBVV95cUxOcFBfY0FzY1JfOUg1MVYtLVZ0bHcyWW45OUZlWmxCTktkRzlNWGJkc3g2ZU1Manl0QkttUXZVTWpGdm54eUVxSWd3cm9yMEkxZ3VpTjZZNEoyM0pUT0RXMEkycFM4a05tdVgwQVhXZEUxelRadVlTWjczeUVaMXhHYURkekVRSF9qRjNrVXJWRWFQWTNtWU5wOGdSWHNhZ3VtalBKdG1MVm5tbkdKOFBaaUcyTnNNQ2_SAcQBQVVfeXFMTUpNT19NRjlxZzJHM0k2QnRkYzZTb0w3MlVSUnF6Zk1jV0ZFQWtHMjA5ZzFqM2lzT3diTVloNmh5Z2FwMlJILVFzVlJaNGFSNE53QnVyS1doTFJWSXhESkp1M1ZxeUJHdWRjVDgzQS1VMXZEdzZHVndzYkdSTFJud3E0Sm9BUFB6S0NpWHBrVlc1Uk1RaHZpVkJuMzVZNl96LVRrUW5HdklxNHZ2SDY0NDhTUmFBNjJYcjNwWW91UzhqeWtOeA,Instagram India,Narayan Jagadeesan Smashes 49-Ball Hundred For India A Against USA In T20 World Cup Warm-Up Clash,2026-02-02 14:17:46,2026-02-02,Outlook India,narayan jagadeesan smashes ball hundred for india a against usa in t world cup warmup clash,0.1027,0.097,0.903,0.0,0.1027,Positive
CBMimgJBVV95cUxQejE5SnZFb2NRbTVMbThmRHNNYnRtV2ZkVEFveG9NUGNsVUNmU0xrOEhpZnJFOF9ibm1fQzlhTnpMOTlkSnZYMWdVeEt5OE9UVnBCM2RXbk9QVC1yM0NXOWR2MGozWWtGWUJGRVBxTUphcWFBR2lucU1IWVE0RVRJdzNMbTQ1RTUzUlEyUXlOeWFua2NyX3U0dHFjaXUxVDY5VDlDdGpTdDhEb0VxZjlpSGcwZmhoLUtYM0hqQzRVNERWQUF6VDQwcmNYQTFMTFZ0TlpCWmhoRDFER1ZQVGhTVTliZENTcld6S3JuMHdLazd6S0xXWEk4TE4wMzVNY0F2MDNOZFNwNV81b2IzRkZ2NVpNSGMwSVVVenc,Instagram India,Legal or illegal? Indian umpire gives verdict on Usman Tariq's controversial action,2026-02-03 04:53:01,2026-02-02,MSN,legal or illegal indian umpire gives verdict on usman tariqs controversial action,-0.5106,0.188,0.485,0.327,0.5106,Negative
CBMi6wFBVV95cUxPUGlCSEhQSExielhrSE9DWWVncHRiZXdwbk4zZVQ5NFhmaHdGa3JKMFRrMWJTd2R4YnBqYmtka05wdnNqOEdya1ZTc3BuVnJBZDV4aVlsVjUwRnVkaWhMMjZ5ZV9SVERwaFFRRndNb1B3U3JtRFFDXzkzRmRURGt2RzlUdk5CTkVrMGJfTnhSbnJRYWMxeXNNZmVvMUhBalpod0hPd295M1phaVNoV0gwSHFwbGh4QWxVLWZwRU83TDdPQ09mbllhTUhYQWdlMnBPWnQxbWZpQUtJNFg5VURoQWhfR3FKblZuUTRR0gHzAUFVX3lxTE45WXFDUTBOUDZNeUVhbUthMk1MNmc3Z2dBd2NjZWNTTTJoT29UMThwRnRjWHotNHJKVFpmN2hoc2VaQzROV25DMlJQdW1uTGxrTUphZXk0NzQtOGlkUS1JOWEtUWZiREhOQnRhUllUZW1FX1R2VW1KUUlfSGNYZWg5TnRzMkdfVFJaeFlKWEJBRkpzaHJ5cVhNU1BNcmxDQjZNWldVbUlSUlprQmN4Nm5ydmFyU0tLd3JzNTlvUEp0MjVSZXFXemxNMEx6LXdjdmZMbWQ3TkpCcU9NclRxNkxCOVU1eDB2QnFaQTBPQTJ4NzBFdw,Instagram India,Australian artist Grace Lillian Lee brings 'The Winds of Guardians' to India Art Fair 2026,2026-02-02 08:46:00,2026-02-02,ANI News,australian artist grace lillian lee brings the winds of guardians to india art fair,0.6249,0.298,0.702,0.0,0.6249,Positive
CBMiugFBVV95cUxOVkNVd3lJeThhNTdXemhwbUN4eFdmQ0xxNzFkQWxaQmliWHNnbFQyOFJWSEpqOTViWFdGUXZVcklFSWNFbm55WjFwUmQ1VUVaNVFGWTQ0U3YzN0I0MGw5NjRWTngtaE50TzA0THJSQnNzWUktWDBNb1RXRV9jUnFydjI5RlBpaVVVVGROazRSUEE5ZU95Vjh6WWNtbXkwaDZBM3hrcEFWMTdlQm81SlJUSVo2TW1DVTc5WXfSAb8BQVVfeXFMTXA0RDFieFVuME5hbU1iN3hvRGN6VTBpOGZLOXYwWWpSTkJySlVYVlZDbVZpZkZRUTNIcldQYlk4STJ0dUloU0p6Y0NscjlDM1hXWlUzYTVBU0g0OEpfeV9UaG1aUm5JTDBpR1UteDdFVkJ6MmZJbEZ1MnpOQ0o1bUd6NmJNMjBWUXJPLWFOTUZqWDBRMkJVd0RlX1ZXRlZ2UHlVVHktMXI1MEJNNi1mZkJ4VFlXY1BVWFU3UGU4U0U,Instagram India,"Tomorrow, 12:12: Ranveer Singh Hints At Dhurandhar 2 Teaser Release",2026-02-02 12:43:32,2026-02-02,Republic World,tomorrow ranveer singh hints at dhurandhar teaser release,-0.25,0.0,0.778,0.222,0.25,Negative
CBMilgJBVV95cUxQVGwyNTVJdVh1RVZNeWZqMEVTM2F3MTZLYmVmLWhsV0hoaXdhY2ViU2NXOVpkcWtvNWFMai1RZTBrcm1uOURmTmVQQmZ1Y0JBenBHblZYTkxKejFWdHBaR0hhOEgwRG9vWGZiT3ljWV9Bal9MZTFEZmlaVkYyVkhBR0o1blBJUW9Mbnd0Vk9JQ3ZkanlBQ3drcEtpd2FScExzdGpNQm9CLTRnMmJtNVNsdEVIM1M2dVdkQ285dHBHY3FoZV9wZ1dYRDVEd0FqNXdFZ1MyS1ljTU9MbUtUZjNQOW1GVldyLXpVc1ZoX1dmVkRJTGhzQU5rU3hrbG9VVXhUbUxUWEVDbmR5UV9zQmpDOWczSUNaQdIBlgJBVV95cUxQVGwyNTVJdVh1RVZNeWZqMEVTM2F3MTZLYmVmLWhsV0hoaXdhY2ViU2NXOVpkcWtvNWFMai1RZTBrcm1uOURmTmVQQmZ1Y0JBenBHblZYTkxKejFWdHBaR0hhOEgwRG9vWGZiT3ljWV9Bal9MZTFEZmlaVkYyVkhBR0o1blBJUW9Mbnd0Vk9JQ3ZkanlBQ3drcEtpd2FScExzdGpNQm9CLTRnMmJtNVNsdEVIM1M2dVdkQ285dHBHY3FoZV9wZ1dYRDVEd0FqNXdFZ1MyS1ljTU9MbUtUZjNQOW1GVldyLXpVc1ZoX1dmVkRJTGhzQU5rU3hrbG9VVXhUbUxUWEVDbmR5UV9zQmpDOWczSUNaQQ,Instagram India,"Hrithik Roshan shares his colourful ‘Indian mishmash’ post-workout meal with jowar rotis, veggies, egg whites, and daal | Health",2026-02-02 14:45:57,2026-02-02,Hindustan Times,hrithik roshan shares his colourful indian mishmash postworkout meal with jowar rotis veggies egg whites and daal health,0.296,0.115,0.885,0.0,0.296,Positive
CBMi5wFBVV95cUxOal9xeGZPS1o5Qk0tazFvSDMwOUk4dFFvNFpLamlCb3E0RFZJYnpROHpIWnVIY3RGd1dQZWNlcFMxOG1lUE0yeEViZ08wYUUzd0ZleFA5bkxzQ0tveEsyVzk3VmVsUnBUV25CcE5GY01zNDREVmk4QWVGeWxUMlpWYzIzdEF1eE9yR1BCSjFDMFpIZmRtMGFrcnRwTDBFdEFscnNBVzV3aU1wTEhzLWIyNUhCQnpSZW9zVjdvZmt1QVN6SldmSWNoVHRkNFBBbnNnbHRodDNQYnM2TTdfSE9VSUxwUEZ0UTQ,Instagram India,Dhurandhar vs Jawan Box Office Comparison: How have the two ₹1000-crore blockbusters performed in India and worldwide?,2026-02-02 11:10:00,2026-02-02,Sacnilk,dhurandhar vs jawan box office comparison how have the two crore blockbusters performed in india and worldwide,0.0,0.0,1.0,0.0,0.0,Neutral
CBMitgFBVV95cUxNT2I2T2dRbEZabkZocXNDcXlYZjR6RmpDX2J6NVZqVXVVaUtzSjBURTRJWGxWWkwwVFFxQ0w5UV9kam1Ua3RKY2YzM0t1RnoyOFFvOE4tQU9wNXFjamNmSTJMekxqbmx2WVpoY00ybURGSXlUcjRqamhySHJ3UmhGVFlpYkgzVnBFVXNUU3BOV2NtbEY4bktOQjVSLU5QMkY5Y1RQb3BITlh4aW1qT3BWRmoxcHZVZw,Instagram India,Golmaal 5 Update: Akshay Kumar Joins Ajay Devgn-fronted Comedy Entertainer As Antagonist,2026-02-02 11:09:37,2026-02-02,Sacnilk,golmaal update akshay kumar joins ajay devgnfronted comedy entertainer as antagonist,0.296,0.319,0.5,0.181,0.296,Positive
CBMimwJBVV95cUxNZnNtOHBISF8zTTNXbDhESjBidElOcG9tZUdEVTJNLWxJNVF5RXlFalNWNDZKeUdrN2tPWTlpZUFWN08tNloxbm5FOXBBclFNSzhmQXZyQkhNcXQ5eUVHa0xzRGpuVHozU21IR2ZFdEJMaWl1dlFOc0tVNWVGTnlVRlVmazY0U1pVaVFZcS0tV2EzUGxlYjA2ajl5YjJJQ3R6MC0wd2lsMXBud1JyM21XM2R3NDk0Y0szUmcyMzFIYmdhZjdiS0VXVDhya1I4X290Z0huWWFJMXMyNGVDRDRjTTdEaEFKRGNzSk9vWVhWelFoWmlWMHNpano5VXk2SElhTHEwZXVrRDR2VlJaY0hvNEpLTDZTU2hkN0pr0gGgAkFVX3lxTE9mSlR2QmxuVm13SFBwTnEydzFYaG1kRzZ4dDNxUkRqX210Ty0yUGUtWDUzMG5vV25xT2Z4S2wyZjZibTV3bkROSWhHLTVCeEk0UVlObnh5TV9iUFNMc19kcFhSSnRZSmlOeTNHRHVWNkhtWW1MZmV3LVZDYUFRZThOeTk0T0tlSFVzQkRRR2o1blh5VHdHaERKb1ZJNVQ1bVFNdElMU3VIbzhmbkR1Wkc1U0lyS0t6dV9Mb0E0NFhGQW10TWdjT0hMa1llTU9HU3kwYUZLMndzb296WF8wcWR0Q1VyQkc5M0RaMjBHUUZ4NUNMNElMclN5WE5fWnM1M3pIYXo1U3FDejVFbkxOUnRmUFRnb1p0WUZxRTRoenpDZw,Instagram India,"Dhadak 2 director Shazia Iqbaal accuses 'sinister' film Dhurandhar of inciting hate and violence, makes her Instagram private after backlash",2026-02-02 08:32:45,2026-02-02,Firstpost,dhadak director shazia iqbaal accuses sinister film dhurandhar of inciting hate and violence makes her instagram private after backlash,-0.9337,0.0,0.515,0.485,0.9337,Negative
CBMi7wFBVV95cUxNeXI1OFNWMFJFTkdEbS1JbUwxeDYxVV9vLXN4SzhnTk5lVzlHZHZvcXctcWJUaEk3MDlHOGVUcjJ3Zngxck9VN1A1dWJ4ZnJrUndWWXRTNmZJUlV3M2xQaFVuOFkxTmR0aTBaMDVGUG5ZVDZmb1NhSFE3TmVWam1LOVZGeXFZdjZNbUQ0REJGdzh0QWdLYlgxcG5PZ2sxb1VDN2hibWJGZGVCMC1RaElFZkktT1NyLUFxSUxLdjgzVnN3YzRRTXJ4Vy1ucTFRUHFSSFVpZ1pRMGRZaWRMc2IxcXBlSmVFR0FCdVNZS2tSQdIB7wFBVV95cUxNeXI1OFNWMFJFTkdEbS1JbUwxeDYxVV9vLXN4SzhnTk5lVzlHZHZvcXctcWJUaEk3MDlHOGVUcjJ3Zngxck9VN1A1dWJ4ZnJrUndWWXRTNmZJUlV3M2xQaFVuOFkxTmR0aTBaMDVGUG5ZVDZmb1NhSFE3TmVWam1LOVZGeXFZdjZNbUQ0REJGdzh0QWdLYlgxcG5PZ2sxb1VDN2hibWJGZGVCMC1RaElFZkktT1NyLUFxSUxLdjgzVnN3YzRRTXJ4Vy1ucTFRUHFSSFVpZ1pRMGRZaWRMc2IxcXBlSmVFR0FCdVNZS2tSQQ,Instagram India,"After calling Dhurandhar 'sinister', Dhadak 2 director Shazia Iqbal took this action, made her Instagram...",2026-02-02 10:25:02,2026-02-02,DNA India,after calling dhurandhar sinister dhadak director shazia iqbal took this action made her instagram,-0.5994,0.0,0.769,0.231,0.5994,Negative
CBMiwwFBVV95cUxQclNpT0pGU1JFaFFPREo2X2kySW9DclJ5TGQyMWlySTgyNDc3T0FpcnJxdFJBYlkwN2pmcklMeXFBbENtdXVodUsxak05dUpzTHpXRC00ZDhfUzdMNVQ0OWUzWlRldHpORlNlQ2hsYzEwZXBnN1E4WEYxcUxJbU5CVGY2ZXZHS2ozUlAwOXNDcV9RSnV4Y0hlbzJWSkwyWS0tX3pxVGRnU1BiZ0NoWm9fSm13cExYRGdHa0g3UjExc3hKMW_SAdABQVVfeXFMTXZBOEI3RGpkZGtWeUxqRDE0WTFPVU9tTXNqcHFCM3pXSnVoOGZVU2Q4XzdYZlcxd2FFNWVhd0VoQ3JtaURKcllaVUZXUmZTbWxFbFkxV1Fwc2dVRVdORDlrYTV3Xy10NlNjeHRrUUlMemswZVhlMENrZGRUcWRSb3ZhY0xnUTgzMjJGU2k3aEJybXAxVnhOd1RrR20wYnJJUDQ3NlhoLU54NVI3RW9adlFFR0gyem5BUGdRQWszNXNJV0xPeHhSUVBGUXpjRWdsRQ,Instagram India,"India 0-2 Bangladesh Highlights, SAFF U19 Women’s Championship 2026: Young Tigresses Dominated In Pokhara",2026-02-02 08:18:08,2026-02-02,Outlook India,india bangladesh highlights saff u womens championship young tigresses dominated in pokhara,0.4404,0.225,0.775,0.0,0.4404,Positive
CBMi3wFBVV95cUxNT1RYc3ZLRmlCNHdVWGRDVWs4ajlsdlM2Q0hKTHhqT2t1WXUxM2o2MWhHWl90M0xqTmVsdll0bEw4eEdRTXFPSi1EUGg2R2RseGtjaXlTaVA3LUpoTVRmd2ltMzY1OHFzMGhVS0dfVWVFQkFtWWJTakZHV2FhUVJOM2F2WHhZN0x3NTlHbEdBUWUxbWNsWjRIWDVMX3lkRG5vWnFZaTBpMVhoY0RuQTloU2ItN2Zxay1uemI2cnc4Z2g2WDNQXzZBRElGWFZwOElLUU8tR0FPYm0zOXlDU3o0,Instagram India,Baker Mayfield’s wife Emily reacts to Catherine O’Hara’s passing with an emotional Instagram post,2026-02-03 05:19:14,2026-02-02,MSN,baker mayfields wife emily reacts to catherine oharas passing with an emotional instagram post,0.1531,0.11,0.89,0.0,0.1531,Positive
CBMiugFBVV95cUxNczJVSFNLeE5ueEFxODlQZkJ3bzhxYkxzRmhldEc1OFpfOEw1NWJCS0RGV2Z5anZLSnRxY04zN3o2dEp3VDVnYm9EVGFyVnVmRW9ZVkZ1S24tbndCZ1U5ZkFmOGZVampldVVoYWF5akE5aklDdTVNa1ZaejluUkh0d2dneUFjVC15alpYY05BVm1La3dtdnoxei13UVRmc3NyeVBYV1N5eWUzV3BJd3Y4Q3hOZ2k3eVBNNXfSAboBQVVfeXFMTXMyVUhTS3hObnhBcTg5UGZCd284cWJMc0ZoZXRHNThaXzhMNTViQktERldmeWp2S0p0cWNOMzd6NnRKd1Q1Z2JvRFRhclZ1ZkVvWVZGdUtuLW53QmdVOWZBZjhmVWpqZXVVaGFheWpBOWpJQ3U1TWtWWno5blJIdHdnZ3lBY1QteWpaWGNOQVZtS2t3bXZ6MXotd1FUZnNzcnlQWFdTeXllM1dwSXd2OEN4TmdpN3lQTTV3,Instagram India,"‘Dhurandhar’ sequel titled ‘Dhurandhar: The Revenge’, makers drop new poster",2026-02-03 04:15:20,2026-02-02,The Hans India,dhurandhar sequel titled dhurandhar the revenge makers drop new poster,-0.6705,0.0,0.593,0.407,0.6705,Negative
CBMi5AFBVV95cUxONFByS0pUSElOeWREVWFJbzhueHlmaDZWOVlLUTd5RVV4QzJaNXluejJsMFBVM3lZVEtxWE44Mm81bU5mbjhCSFR4bmRTb1Jxc2JCTnFtbEN6WFhZN1o3U1Jvd1l6Y3JxNGtURnpGb3Q3N0JQNmJ6LVdwaXVwM2dUM21VTUlYSnppUUw4bFNXb2xXLWdfY3FldVFDOU1tajhQa2VvQWt3OXBZM3BDSElyWndQazYwc3pwcTRyMGl2SVZLNGxiS1FnSDBsSkM2ZVNPcG1PdnNzOWRpYVk4UXZfdWE5d1bSAeoBQVVfeXFMTWZ1YXZ2RktlSktmbW1jb2lWX0xBaURYaDlTZEhlTGNpV0RxWFNNRzZDRzFvOHNPUzl0MVNkLVIzbF96UVI4NmlUT01icndEdUpCaEM1clFvOXlJdmpIeWxIVDVKLURhVk1NNE8teG5xTXphWUVPbzhWYXFCV3V5ckRXX1hEWEU3bWd3NzVmMjkxRXh5QUlDZ2J6ZURCNEtLT0diMk5haXJrd2ZjdGYtandGUTFNaGlpblhNTEtxbDdLZHdFNUtTRXl0SEthLW9LYnlvVGZPNlFYS19ueGZib2k2RERtRzdWYXRR,Instagram India,"Karan Kundrra Opens Up About Her Bond With Tejasswi Prakash, Says ‘Love Is Not What You See on Instagram’",2026-02-02 10:57:39,2026-02-02,lokmattimes.com,karan kundrra opens up about her bond with tejasswi prakash says love is not what you see on instagram,0.6369,0.189,0.811,0.0,0.6369,Positive
CBMiVkFVX3lxTE1Gckc4QkZBNGdyangyY0prOUZmNkRPeVNxZGtBN3daM09PLUE3OHA4aDRpVmsxc1dIZW5xZ2lMcTlMOFRycHZkampST1RvY2NiWHVmWDJR,Instagram India,પાકિસ્તાનની ટીમ ભારત સામે નહીં રમે તો ભારતીય ટીમ શું કરશે? #India #Pakistan #Cricket #T20WorldCup2026,2026-02-02 12:51:19,2026-02-02,instagram.com,india pakistan cricket tworldcup,0.0,0.0,1.0,0.0,0.0,Neutral
CBMizgFBVV95cUxQMjJIT3ZNcEFtMXNucjBZN0xMMUxHZHRlc0l5am1PUU5xTE4zMTNhVC1oS3hhU0VkeVVzMGV1X01vNG9BZE1sa0JnUVZUM3JDdUw4dVN1QmlEVndHcG9wcFBuWWY1NUdBNUJNeFVNQS1vTThUNEZiM253VlJZYWxwV3lIZFQwWUdscnVEMFk4Z3BXMHluYWk3d1BSRkpSRWIzaWp1TEtnTERHSkRrVHJNdkxmdDh3MkxlQ21ONkpUTFBXdlRvZmdGTkV6TlpuZ9IBzgFBVV95cUxQMjJIT3ZNcEFtMXNucjBZN0xMMUxHZHRlc0l5am1PUU5xTE4zMTNhVC1oS3hhU0VkeVVzMGV1X01vNG9BZE1sa0JnUVZUM3JDdUw4dVN1QmlEVndHcG9wcFBuWWY1NUdBNUJNeFVNQS1vTThUNEZiM253VlJZYWxwV3lIZFQwWUdscnVEMFk4Z3BXMHluYWk3d1BSRkpSRWIzaWp1TEtnTERHSkRrVHJNdkxmdDh3MkxlQ21ONkpUTFBXdlRvZmdGTkV6TlpuZw,Instagram India,Is Rajeev Khandelwal studying law? Actor’s Instagram story sparks curiosity among fans,2026-02-02 14:48:20,2026-02-02,Bollywood Hungama,is rajeev khandelwal studying law actors instagram story sparks curiosity among fans,0.0,0.0,1.0,0.0,0.0,Neutral
CBMiugFBVV95cUxOcmpXcUNOTjJEcV9sdGUtV0VvUDhxdjdORzVBVFl3RkVieFhXUzlNdHc2ZUNxWVJWQWd3X0dGUVdXYnAxemtGcFFkaUR5NnUwaTFaYkdwWGQ1Y2Z5bUU3dlg2Tkc5Wmppd2FGckVfYm9mNXFBNC1rVkJjMFpQbEVrZzFuc014eGN4MFhDT2pPT2FocFR4cjVrUHBoV0Z2eFVlUFZhWkVBVzFCdWRKT2NBWGgwVW0wQzhBZmfSAboBQVVfeXFMTnJqV3FDTk4yRHFfbHRlLVdFb1A4cXY3Tkc1QVRZd0ZFYnhYV1M5TXR3NmVDcVlSVkFnd19HRlFXV2JwMXprRnBRZGlEeTZ1MGkxWmJHcFhkNWNmeW1FN3ZYNk5HOVpqaXdhRnJFX2JvZjVxQTQta1ZCYzBaUGxFa2cxbnNNeHhjeDBYQ09qT09haHBUeHI1a1BwaFdGdnhVZVBWYVpFQVcxQnVkSk9jQVhoMFVtMEM4QWZn,Instagram India,Chappell Roan Reacts To Criticism Over Her Racy Grammy Look: I Don’t Even Think This Is THAT Outrageous Of An Outfit,2026-02-03 04:16:36,2026-02-02,Outlook India,chappell roan reacts to criticism over her racy grammy look i dont even think this is that outrageous of an outfit,-0.7096,0.0,0.753,0.247,0.7096,Negative
CBMi9wJBVV95cUxOREo1SmtTS09Rc2VnQ2V2dDVqc1FtdnhMUVJHeXBnUnpLRlp0aHNvWW1uOTBCU0t4TVJLVjhfZm5pQUthM18tdFBkOUJqOGdnRHY4cm5BM2hiemxnUkQ3QjZxVEdENkhqSkNiYTlja1NuX2plLWs4MGY2Rmp6b3htVUFaUlRnZllXNkY2c1dDOTE0VE1iM01OYkFmSzF3a2lkT2k1VnRiOWhwczVNNEFmeDFTZW41T29QQWhYXzFvSEttYUdEaVprb1dnSUFzTW9CelJ3ZmpUcm1iNzN4RkNIMU1PTUdBWkdMUFhRQzFYcHFpOFNQRFVqOHM3aUR4UU1ZOFAya1BnTDIwSmJxRUprd2hRbzJnbTU0Z00ycWJIZTUwaVJIUTljWkpnbVJhWm1mOGl1ZDhZRWlOcTdvMWtjTXBWUFE1a3ZmdXZtTTA1X01ORUdLQ2Zob1BfbDB1VHRFQldKcHMtUTl6RmVGSFc1NGhIQmRjTmc,Instagram India,"'Bling it on, baby!' Shefali Jariwala's dazzling look in last Instagram post goes viral after her death",2026-02-02 21:56:37,2026-02-02,MSN,bling it on baby shefali jariwalas dazzling look in last instagram post goes viral after her death,-0.5994,0.0,0.804,0.196,0.5994,Negative
CBMi4gFBVV95cUxOZEtDWllYRXZvQjJLWWRfbzB6TWpnVjFYT2dNcU8zM1drVF8taFhrRElzSzA5RGI2b2NGMFRQVjFGZk5BM213Q3hyY3hRSGxUeDVsVnptenZoMFF0WGRQUWdaWk1wdFpSUVV6Z19DTEotYkxVMTRVUld0UVhxLXRNdmVBQndEZGxwdjVoSjl1MDAxT3Z3SldqdnNJUXBFX0RpS1NmMmV1QjRwVmhNenhuVDVpZzh4QWN6dmg3eHNnQ1RYMnQ5SzRBRnQtYkl4aWlKX3NvYkw2OThpYlp3b2RzWDdB,Instagram India,"""Abs kam lag rahe""",2026-02-02 19:10:37,2026-02-02,Sportskeeda,abs kam lag rahe,-0.34,0.0,0.556,0.444,0.34,Negative
CBMi1wFBVV95cUxQSGRMcE00Z2lXNERsem5JMU54QUk5TU54cEZSSlVmZEtuaGgyVTRtYUhYYUlVcGFzRTB0LTNSaWVaNTUxYlFEcXdpdk5mV2xROWZ2ZW02ZjZRVVhlQU5fQUg2d2JSaC1XbXFnRE5BWUdKbE1Qd19XaDMxOGlnWTJaOE5RYW0yWkJ4enJESkthWlJuTHZJQk5sQ29pbkExZXBLQUozWWlGQUxoNHM0WkFFa1QwbkhXdGRIZ2w1TUNSSzJUS0UwaFFIZWFPR3AyMzZlTG5EMEoySdIB1wFBVV95cUxQSGRMcE00Z2lXNERsem5JMU54QUk5TU54cEZSSlVmZEtuaGgyVTRtYUhYYUlVcGFzRTB0LTNSaWVaNTUxYlFEcXdpdk5mV2xROWZ2ZW02ZjZRVVhlQU5fQUg2d2JSaC1XbXFnRE5BWUdKbE1Qd19XaDMxOGlnWTJaOE5RYW0yWkJ4enJESkthWlJuTHZJQk5sQ29pbkExZXBLQUozWWlGQUxoNHM0WkFFa1QwbkhXdGRIZ2w1TUNSSzJUS0UwaFFIZWFPR3AyMzZlTG5EMEoySQ,Instagram India,"Mohammed Siraj Fullfills Young Fan's Request, Drops A Comment on Viral Instagram Reel",2026-02-02 17:01:08,2026-02-02,LatestLY,mohammed siraj fullfills young fans request drops a comment on viral instagram reel,0.0,0.0,1.0,0.0,0.0,Neutral
CBMi4gFBVV95cUxPdjhvTVJwQmRHMFpqMlMwUGcyYmduVzMxcjRTeUFvUTc4eXZjazBROEpNMkthb3hsWWF2NkJkNU1oWkQyQW10OUtBOU5QTlFHUUEzdHlQclM2Y1pPVDVIQUJtYjV1Zzk3NFdYa01GZjk2M25yTXBmUHhVTllxYUREWHhIaFRJTGRFak5ocHdmeVN2cnZCMklzdktWdnM4MldheFRJLUJybWliLTZnd1lRMmhVcmY5emxJd2N2cUhueDJqWVdFMlVGMHJLdk5YLXRFTHN4UkxGUWZndFpZcEVPZUVB0gHiAUFVX3lxTE92OG9NUnBCZEcwWmoyUzBQZzJiZ25XMzFyNFN5QW9RNzh5dmNrMFE4Sk0yS2FveGxZYXY2QmQ1TWhaRDJBbXQ5S0E5TlBOUUdRQTN0eVByUzZjWk9UNUhBQm1iNXVnOTc0V1hrTUZmOTYzbnJNcGZQeFVOWXFhRERYeEhoVElMZEVqTmhwd2Z5U3ZydkIySXN2S1Z2czgyV2F4VEktQnJtaWItNmd3WVEyaFVyZjl6bEl3Y3ZxSG54MmpZV0UyVUYwckt2TlgtdEVMc3hSTEZRZmd0WllwRU9lRUE,Instagram India,Aur Konse 2 Matches?: Ishan Kishans Cheeky Remark On Rohit Sharma Sparks Social Media Buzz; Video Goes,2026-02-03 05:52:01,2026-02-02,Free Press Journal,aur konse matches ishan kishans cheeky remark on rohit sharma sparks social media buzz video goes,0.0,0.0,1.0,0.0,0.0,Neutral
CBMi5wFBVV95cUxQZjBqa1ZYSkxtU01seElwdlFnWGRwNzYwNTlWWW1tRFpkZUpnOG5VNlM5VHVYVjVUZ19uX2JoTmhrbF9VVWdYYWZZRXJYalgxbXdZOFFJbnpWY1d3QWQtdWdJemNqWUlMWXZFcXA5UlNGSnk2bTVrV3pnbjJnaUlTa3BoSnlGcW82T0hqeEVLbW9vTTNyQWlNZTVCRWxfNmRQWXN1YVVYQkgzVklJLWV1R2JvNXRWc1pNSVlBOXBMSUFsbU5wNTMwUXlFZHJZY1Z4TjVybmM1cVFnYVJPU3E5VjlxcmhYSUU,Twitter India trends,"Stocks to Watch Today (February 03, 2026): Bajaj Finance, Infosys, Coal India, Tata Power, IRB Infra and more",2026-02-03 01:11:00,2026-02-02,Zee Business,stocks to watch today february bajaj finance infosys coal india tata power irb infra and more,0.0,0.0,1.0,0.0,0.0,Neutral
CBMiogFBVV95cUxQZjV3aTBvcGlpS2ZVX1dWOHl6SlVrMDZSRkVONHgzNU8wZWhqZlFsUzFNTlFERnJ1U0k5dG9OS0RMUjNBb3hmSzhMSm1VNHFqYTNsYllJN28zUERLX181VGc1ZFdxUmdRUVZ0SlFFZS1yNjdCRUFvRkxOZFhDcGd0LWUtVHVlWWstaEhMS2d1NnZfZnA5MGZyc0tqc3FTWWVTNkHSAaIBQVVfeXFMUGY1d2kwb3BpaUtmVV9XVjh5ekpVazA2UkZFTjR4MzVPMGVoamZRbFMxTU5RREZydVNJOXRvTktETFIzQW94Zks4TEptVTRxamEzbGJZSTdvM1BES19fNVRnNWRXcVJnUVFWdEpRRWUtcjY3QkVBb0ZMTmRYQ3BndC1lLVR1ZVlrLWhITEtndTZ2X2ZwOTBmcnNLanNxU1llUzZB,Twitter India trends,"Silver nosedives Rs 52,000, gold plunges by Rs 12,800",2026-02-03 01:04:52,2026-02-02,The Hans India,silver nosedives rs gold plunges by rs,0.0,0.0,1.0,0.0,0.0,Neutral
CBMiqAFBVV95cUxORERGbDlZMkNkNWszb2J6djM4NDhzY3FUMDJiRnlLNk9ycmRZdGNEeGVMNTBjOFJlaDZnN0hfekdCRmNhaHVoTXJmVUhNRDBOOXZhaTZSYTNQbk4zRlloSmZ5RnJDWUZOUF9Gd1hmQ2xMeENHOW9ROFVkYkw2VVFteTlBVnpwUFhZdWEwN2dJRFFRTVc4U0NpV0F2VU1VTGRMZGhMdGkxamXSAa4BQVVfeXFMT1RDbkRhWkg4czhneFJMekZxRHB5MUM5cUs2T0lKWU55ajBfUUZSR014WjNPTFlyN1h4N1I5bW5lWXpmM2N2bEJCYTJRTGx5bmpuNTMtSkFrV1Q3d1JmemxGekRBdWpLYk5GNWZsSVQ5Z3d3a2NFZUdrVWxGY25ncjkxSEVRYWg2emdsN2E0dnRsZ1c0OUlxbENzZVpTODB4NkxyME9PdlR4dDdVTGFn,Twitter India trends,"Despite Ban, Ranveer Singh’s Dhurandhar Trends No.1 On Netflix Pakistan",2026-02-02 10:44:15,2026-02-02,ABP Live English,despite ban ranveer singhs dhurandhar trends no on netflix pakistan,0.1838,0.223,0.61,0.168,0.1838,Positive
CBMieEFVX3lxTE80M0kyY1l2SUFFcmVicThkd1QyUEN6WmRMV1k4cnBaNWdHSVRLR2JfUU51Sm55ZjFMSTYtdWZUeVBpOGFvb19veVpyeklSMUFJZDNaYVI0NWxEb1V0S09QY0V1WWtKeEFpSGs0cVgtOHZxemQ4QzEwctIBfkFVX3lxTE9LQjc1cmpQQ29IaWx6U2Y2WGtyb0tYbFBOOXl3Si1BMHU3cXhyclNDbzE2STBqMTVhV2d4X2ljLVc2U1ZBOGFSaVNrc3Z1NWZ4SEczUXZiOThPdnpuNDNqaUl6anBoMzRJbll4SmV4NmZSTzNNSHdLZ1ZuOGYzZw,Twitter India trends,"SM Trends: 2 फरवरी के शानदार Tweet और Video के बारे में यहां जाने, जो काफी तेजी से हो रहे हैं वायरल",2026-02-02 10:35:00,2026-02-02,CricTracker Hindi,sm trends tweet video,0.0,0.0,1.0,0.0,0.0,Neutral
CBMia0FVX3lxTE9yVnNDY2hxV0JTRWJxSERPZ18zQzM0UVFZazdySHJpZ2cxbkdsaTFEN043NnMtRHFHVTJwdXk1ejF0MXlhcENhNEhDd1ppQzRBUlFpMnRNbTh6cEc1cGlLb0luWHZBazFBcmJ3,India Tech Startups,Indian Startup IPO Tracker 2026,2026-02-03 06:29:53,2026-02-02,Inc42,indian startup ipo tracker,0.0,0.0,1.0,0.0,0.0,Neutral
CBMilwFBVV95cUxQaFI1ZDBUa2VRcjR5eGVmZVVQU09XUFduc2lGTGlBWXN6MDFtMVBOMVBVYjREaGVWMmNLc05JVjlYOG5JeWNWdkFXT1FwanRodXFadm1mZE9vek5zTzJKVjlpUjFqY2RiOVF0UENUMzNBcFJkU2JGQnp2WDliYmFCOGJqQjVEVEd1cjBFS3cwUjNfTWhNSUMw,India Tech Startups,From dreams to unicorns: The evolution of Startup India – 3 February 2026,2026-02-03 03:36:22,2026-02-02,Herald Goa,from dreams to unicorns the evolution of startup india february,0.4019,0.231,0.769,0.0,0.4019,Positive
CBMi1AFBVV95cUxQZ05IX0c2Vjd3dTJBaGx5QS1Rcmt0V20yWkg4N0gzMjR3MUlKNUxtOE02UmNSaWpTa1NGNEJ0b3oxWHRLc1M1Rl81Wm8xNl9KVkZlUFVvUDBFWjZjR2FiUDN4ZmViSWp4aXBFT1l4d1c4NnhOZVROZmxWM0lJeGxsVTBSOXZBaDhMRUJEOWkxM2I2T1dnZXFaTHVxNVVaVzRUTVVNM2V3TDdBTU9xcm5UeFhhQWV0WFVwQWdUUm1XcE1VaHlzd1V6XzNLWVdrTE1kQlZrYtIB1AFBVV95cUxQZ05IX0c2Vjd3dTJBaGx5QS1Rcmt0V20yWkg4N0gzMjR3MUlKNUxtOE02UmNSaWpTa1NGNEJ0b3oxWHRLc1M1Rl81Wm8xNl9KVkZlUFVvUDBFWjZjR2FiUDN4ZmViSWp4aXBFT1l4d1c4NnhOZVROZmxWM0lJeGxsVTBSOXZBaDhMRUJEOWkxM2I2T1dnZXFaTHVxNVVaVzRUTVVNM2V3TDdBTU9xcm5UeFhhQWV0WFVwQWdUUm1XcE1VaHlzd1V6XzNLWVdrTE1kQlZrYg,India Tech Startups,E-commerce startups await clarity before cheering India-US trade deal,2026-02-03 06:19:01,2026-02-02,Moneycontrol,ecommerce startups await clarity before cheering indiaus trade deal,0.7506,0.552,0.448,0.0,0.7506,Positive
CBMiogFBVV95cUxNc0c2VE44U2ZKbVVvZ0N4R2dyZ3BnemE4aTRYYm5LV21sczN1MHRvMk5Uc01WS0wzdDYzR3JLcjF4MGJTTlIxTzU5SDY4aGo0T19XdFI1MmNENTRIVUx1V2h6M1JVVVU3ZW51TVF0dkJ0U3IwYUdYQXVhRW5rQkpTaC04eXRjQzVTTHdMdmREdWlMcHk4QnB4N0M5RTBHWkNHNGfSAaIBQVVfeXFMTXNHNlROOFNmSm1Vb2dDeEdncmdwZ3phOGk0WGJuS1dtbHMzdTB0bzJOVHNNVktMM3Q2M0dyS3IxeDBiU05SMU81OUg2OGhqNE9fV3RSNTJjRDU0SFVMdVdoejNSVVVVN2VudU1RdHZCdFNyMGFHWEF1YUVua0JKU2gtOHl0Y0M1U0x3THZkRHVpTHB5OEJweDdDOUUwR1pDRzRn,India Tech Startups,ImagiNxt and MeitY Startup Hub Announce Startup Partnership,2026-02-03 05:34:37,2026-02-02,SMEStreet,imaginxt and meity startup hub announce startup partnership,0.0,0.0,1.0,0.0,0.0,Neutral
CBMi6AFBVV95cUxOQmxkNUtBSHpmTlYyMEt5U0ROSHNCcmNhRWRza3ctSko5M1pNeWhmTk5rWW4yUmMxbm9yUFlZQks3ZFdSZzdGZXE5Y3VzcENKeGJhM1Jmd0ZKWHhyLXRhcTRyb1lqYWdla25wb2Uwd1pVOVAxUWg2TnA3VTMwRDFuZnI4VnNSRlZiZ253aVVuSDF5a2JjS2lqbHRIZjhzQmtKTDVqRU9QQ21USUtqbl9oYV9iZGJqTXhYUVR2UEc4ci0zMlhIUlN3LUFRQ2x5SWdNSGZENmhrWjdiM1FSZi1ETnR5WHBqdl9P,India Tech Startups,"From Law to Leadership: Denise Gardner on Building Strategic, Scalable, Trust-Driven Legal Systems at Licious",2026-02-03 06:36:22,2026-02-02,Indian Startup Times,from law to leadership denise gardner on building strategic scalable trustdriven legal systems at licious,0.128,0.097,0.903,0.0,0.128,Positive
CBMiuAFBVV95cUxNVlNINTUxa3NEWGNwMElrbDN6LUhaSTZoVG1IZGY0VTdDcEhaZEJhVWNuNHM1aU5TMGUyM1ZiM3hvZl95blFXTU5KS1RzTHBTc2cxdG01X2thQVlmWHBXMzZwQkllSGtKbkVYak1IRnJRVHRZTGdrb3lwQUp2dEJLUzZCSUx1TV9LZ3BLMFRrVklpbzhQT1hLVERtQjNQaDZLcTdlRFdLczdfcW55eTJsUEptYy1TbGQt0gG4AUFVX3lxTE1WU0g1NTFrc0RYY3AwSWtsM3otSFpJNmhUbUhkZjRVN0NwSFpkQmFVY240czVpTlMwZTIzVmIzeG9mX3luUVdNTkpLVHNMcFNzZzF0bTVfa2FBWWZYcFczNnBCSWVIa0puRVhqTUhGclFUdFlMZ2tveXBBSnZ0QktTNkJJTHVNX0tncEswVGtWSWlvOFBPWEtURG1CM1BoNktxN2VEV0tzN19xbnl5MmxQSm1jLVNsZC0,India Tech Startups,Big Bets and Bold Shifts: Inside India’s Startup and Business Transformation,2026-02-03 03:33:31,2026-02-02,TICE News,big bets and bold shifts inside indias startup and business transformation,0.3818,0.206,0.794,0.0,0.3818,Positive
CBMiwgFBVV95cUxQLW0xQVliSm5QazcxQkhWTVVmeEpNUkpJalh4NUE1c3hPbTZkVnQza0t4ZkZER3RXWTc0VFhKREJFTkFzdVl3eUExQjRLeThKekdHYmxVLUptaVlGSHV5YVN0azZoNmItUUpWQVdockFicmxCRnBtdmFucVNxOHVVaDRKQzdBNTZ4SHhtWlE2eThZdEJOZmZIRnZibG9kVUlRNnNkamxqUmhlVEJ1TURyV1J0LUk2UjhrcW5NVjJmczdHdw,India Tech Startups,Budget 2026: Gen Z Economy Boom & Digital India Drive,2026-02-03 02:32:01,2026-02-02,Whalesbook,budget gen z economy boom digital india drive,0.0,0.0,1.0,0.0,0.0,Neutral
CBMizgFBVV95cUxOcWtPSlk4N1NDQ1RvenBqUzNtTDBkaTNLdnRkcFQySmJRSFBYbGd2WGRrcHVPd1Z6bmN6eXNVV2NvQWFObmJqT1pGb2ptM3ZZVTRqNERQSDBhenZIckl2NjQ2amVZMTMyNmJtMUE3UVpVR0FNS2FXMmFMZ0dxNWJ4S25pN3dTQUJzSUpOT2g1Y2pZVzBOYlJiUUhlMkNvYWtGYVFaU0QyeUQzdXpmOVd4QjBMSlVSVERsR0wyWklaTVkwYTRPZGw0U2RWd1VOZ9IBzgFBVV95cUxOcWtPSlk4N1NDQ1RvenBqUzNtTDBkaTNLdnRkcFQySmJRSFBYbGd2WGRrcHVPd1Z6bmN6eXNVV2NvQWFObmJqT1pGb2ptM3ZZVTRqNERQSDBhenZIckl2NjQ2amVZMTMyNmJtMUE3UVpVR0FNS2FXMmFMZ0dxNWJ4S25pN3dTQUJzSUpOT2g1Y2pZVzBOYlJiUUhlMkNvYWtGYVFaU0QyeUQzdXpmOVd4QjBMSlVSVERsR0wyWklaTVkwYTRPZGw0U2RWd1VOZw,India Tech Startups,Call for Applications to Advance Agentic AI and Autonomous Systems in India,2026-02-03 04:41:23,2026-02-02,fundsforNGOs,call for applications to advance agentic ai and autonomous systems in india,0.0,0.0,1.0,0.0,0.0,Neutral
CBMiowFBVV95cUxQemtzYWNtckJsdmE4bHhmdzRVZ2FEVjEwVWcySGZibEtTRXc5MG1QOXVqREZJNDhPMlBkVTBvRG5Zal94OTlVSUJaZEU2Qy1qXzVNcFRtdl85ZmNKdW81T0hkeTNTOHpHb1EyUzRRLUt5YUJmb2poTDdQOWlBMThadFVuX25nRHFkS0h0RDktZTljMzdjRTViYWluTXpoXzFUMTFr,India Tech Startups,#MCTech3 | Union Budget 2026,2026-02-02 09:58:44,2026-02-02,LinkedIn,mctech union budget,0.0,0.0,1.0,0.0,0.0,Neutral
CBMizAFBVV95cUxNSF9JWUNJVDNVZUVWUjJZUXUyY3dWYXVQb3pkSkRQczhxbUVEZE9ic3VFZWlZMVBIbndiRl8zMWs2a3gzUzUzb3VObDItWEpoWFB0NTBhZ0R1S1UteDNQSWNvU3pWYzExbi1RSDVJTGJKYmQzOXJUMjR1dnU0N052bFo3U2dXX3duaHdXTm85Q2t4RlUxM3ZTZTk4ZHN2dXVaTlBEVFU0WlhjRmcwNk5oSzNOMWdqa0NvUnhxZnBkQ0lrUDFIR2hzck5RV3o,India Tech Startups,"Nifty IT surges; Tech Mahindra, HCL, TCS among top gainers after India–US trade deal",2026-02-03 07:52:00,2026-02-02,Zee Business,nifty it surges tech mahindra hcl tcs among top gainers after indiaus trade deal,0.5423,0.273,0.727,0.0,0.5423,Positive
CBMiswFBVV95cUxOVC03b251TTc0cDhLM2ZtX3ZYdEo2SEctVUJ0d1RMMTZKY0dTLTdaQ3ZxSk9INHdYdVdvMXlMSm52alFBUDdTVzRraWdQRFNoSjg3NnRQRFczWHdZRmw5Y1JSRW9EWXNCZnA3cFlCRWcwQUloWGdDazBPMWItYmlNNkRYajdjRkpvWWRhUVM0LUdfTUJzZGxvYWg0SDZYemZ5azY3THFLcjJ0WldxdHFBdUpaa9IBuwFBVV95cUxOazVEMlBORFZIYnVCV2FFOU9qWWRIZkE2eTlaNEZmMDNqbHlUV1BPR2VySDZPdVJHcGNHejBFcElBbG1xRmNPVFJKblJnTEEtMnRINmRiYUVIcWs0MWFRbGYtb1RfMEhteDFId1ZQSXd1SkZNY2FBQVd4ODdYQ0c1OVlUajRRbEZXbUl2Q2dWakVGa0ZodkRqRkxkZGZQV1NzY25GWHNnYldGdEdPM2xqMUExR0tFVEdJMXJF,India Tech Startups,"Startup Funding Slips Into Slowdown Zone, But Fintech To Shine Bright",2026-02-02 14:00:13,2026-02-02,NDTV Profit,startup funding slips into slowdown zone but fintech to shine bright,0.5927,0.278,0.722,0.0,0.5927,Positive
CBMi0wJBVV95cUxPemg4VUxBVjd6T1A0Ny1ZMzVTLWozMVB0TzI0WHRQV3kxSkpRVUNxWm8xTUFlbkZCdWFwRzZrLXkwbFFjaE5fOTd6Nm1CendaSmpWUThIZl9KLTlWVGdodVpGSUZHZ195bkpYS0UzZkVLMW9WSnhLdjZFYk9zdVdzdmRvNmtkRGlCZEdJaXV4eldUTy1XZ0EzenhIeXZzdTNiSkZ2MDNZazFnVFZOSjlQaEpaVHVDZzlNdzBXNGVJV3lYMkxPaEdoblpxVmIxelUxSTIyMHo1algxWDEtaHk5UGJ5VHlBU3hmZTZvRXU2d0lxT2k5VmEtaVR5V0JZOEhiYzA5bG5XNnRyV0t6WVhRUFRkcGR1OGx1VEVVNVR6c1NSZXhBS3RFQUVneEVodndIWDFQTmEwZ0lYcWxBaS1vWjNhY29ycjVQN1IxRVZSSEFmQlXSAdgCQVVfeXFMUGxoRWJDYXJBb3FlMm5ybFN1elBBeXpJSUQ3ZkF3alJwSVZjbEI5YWxaeUxVbmJMZ3ZTdE9KWFViVGR6ZUhpbFhlVE9GV2EzdzBialV5SEt2MnRSOWpwV1RnQ29qNVQ5bFJ5SC15TTMxZm9UaVpIRFVVaWd2MTZGcVlpcG5NcE93MC1hRHVDNVhBbUtNWGVZU0hPLVdYdVFORlh1YVU3VUF1djdnd0lhbld2SlRKaTZOdmR4T0NyZDFnbm9vdWFScXVnN1NNajh3MzlwbWpSbnRTM1hDOVR0VDNJX1FKazlFLXNuZHRQYUlUMl9Yd3pTWTRIYkVYVGxRbnlpbGV1V3pNeVU3VXN1NmNQeFAzS3A0STBGeElld29NSGVKMnl3R1g5YUQ3SFByN01EVnNnYXpqV0IyNnhzWDk4Tl9IbnZqaEVRUmJqLWJGdF9yVDlsRTY,India Tech Startups,26-year-old woman founder of fintech startup and Forbes 30 Under 30 recipient charged with fraud and lyin,2026-02-02 19:20:00,2026-02-02,Times of India,yearold woman founder of fintech startup and forbes under recipient charged with fraud and lyin,-0.6808,0.0,0.699,0.301,0.6808,Negative
CBMihAFBVV95cUxQVlZhMkdDem9qMDAwRFdLdDI1ZWVaeEdIMTEyLVZ4LTdXYVJEc2Y3WHpCN0RObnpOMk5XUzRKNWZKU1lTdW1ZZDZCa3E3OGNEaW1OcHQ1dW5BZG1VRjdERjlQTFdzYXNkbjl4TF9fakVQa01DbDZYbFMyVGdXbWhoMmh6c3E,India Tech Startups,Defence startups read between Budget 2026's lines,2026-02-02 10:42:56,2026-02-02,YourStory.com,defence startups read between budget s lines,0.1027,0.219,0.781,0.0,0.1027,Positive
CBMiswFBVV95cUxNVlBSaW1FdWQyaDNyN0NwaUw2YWN5Mm8yRERHSlNWdFAtd2JkdFlWYjNRNXJXQTBrQ2d6ZnhpSG9wYURPUVRWd1M5Z2lsQ1dVVEIzUmRrQWxvYWlESXBVbzdERWJ0b0x0YlZrbG50bjljaGczLTRqUFphVmFELUlsWXRBa1ZZZFZCNUY0aFpKZzJVdTQ5dFkxMVFkR2hSd0FDd0Vja2RSR0JoSnAxS1FSSWcwQdIBswFBVV95cUxNVlBSaW1FdWQyaDNyN0NwaUw2YWN5Mm8yRERHSlNWdFAtd2JkdFlWYjNRNXJXQTBrQ2d6ZnhpSG9wYURPUVRWd1M5Z2lsQ1dVVEIzUmRrQWxvYWlESXBVbzdERWJ0b0x0YlZrbG50bjljaGczLTRqUFphVmFELUlsWXRBa1ZZZFZCNUY0aFpKZzJVdTQ5dFkxMVFkR2hSd0FDd0Vja2RSR0JoSnAxS1FSSWcwQQ,India Tech Startups,India’s GenAI boom: 7 states driving most startup activity,2026-02-02 15:45:49,2026-02-02,CNBC TV18,indias genai boom states driving most startup activity,0.0,0.0,1.0,0.0,0.0,Neutral
CBMi2gFBVV95cUxNMkQ2X0todnp1R0I5SElpYV9keGpFMTBNZ0IxbXhEbHUtSXJVMEd3bE9ybERJTm5meHhqekE2TjIxTUZ3dU9scTRtUlg0UnF1T0oyTnRmelYwam40dldoVGd0U3p0N21kRzVWZXdIXzlzM01XTDVlcURyeV9KRnpTN0REYXJaRVJhVmMyaXZZemNUT2NMck9jeWpyaWp6RjZkRmRoMjlmQk5OT1B6T1JKdzdzdFFFWmc1SlVHcU80WVRmUVJNT3JfZ3g1MGxJZ1lYQjdPOEQwZWZmUQ,India Tech Startups,Bengaluru Deep-Tech Startup AquaAirX Raises ₹12.5 Cr to Build Amphibious Defence Drones,2026-02-03 05:57:57,2026-02-02,Indian Startup Times,bengaluru deeptech startup aquaairx raises cr to build amphibious defence drones,0.1027,0.123,0.877,0.0,0.1027,Positive
CBMi4wFBVV95cUxPVWJwcW1rUFk0Z09kX0c2aHlUNFdaeVdDd2pKLWhTWVBFS1ZjYjhTNi1EZUN1NWJZTmVLSHdFeUx1NWdqSkZNc2ppUkNsN0JPdDlzNkpOUm5hdktia25iYkR4T2t0Y3Z4a3NJVTg2TTBnNWdTcmVTNC1PMGJmWjRoM09NT2lrSTcxTjM1amFna3R4cG1MMHZlcVNmT1hYWnBZT3lpZkI4d2gwSk14VHB1MFZkU0pxUUF1OFUzNDMyQUNhVGlhZ0ZvM3hXRDFGSjJIMEYtWTJTbUw2Uy0zQU4tbHJfVdIB4wFBVV95cUxPVWJwcW1rUFk0Z09kX0c2aHlUNFdaeVdDd2pKLWhTWVBFS1ZjYjhTNi1EZUN1NWJZTmVLSHdFeUx1NWdqSkZNc2ppUkNsN0JPdDlzNkpOUm5hdktia25iYkR4T2t0Y3Z4a3NJVTg2TTBnNWdTcmVTNC1PMGJmWjRoM09NT2lrSTcxTjM1amFna3R4cG1MMHZlcVNmT1hYWnBZT3lpZkI4d2gwSk14VHB1MFZkU0pxUUF1OFUzNDMyQUNhVGlhZ0ZvM3hXRDFGSjJIMEYtWTJTbUw2Uy0zQU4tbHJfVQ,India Tech Startups,Leap To Unicorn Season 3: Meet the Six Startups Leading India's Next Wave of Innovation,2026-02-02 11:58:22,2026-02-02,Moneycontrol,leap to unicorn season meet the six startups leading indias next wave of innovation,0.3818,0.167,0.833,0.0,0.3818,Positive
CBMi4AFBVV95cUxNZWY2WEYyV3RvS0FJdU1sTU1kT1ZOS25iYUtyTHV5UTJ4bUkyb0pyQnlwUF9fd0MwdnIxdXJFWXRMWWVTOUtWZHBMZlRVdlRFRlQtdFFlUU1JRFhJVVFFdWdINWszSTNFcmNEczN0Zl83NTBGNHF1Mm9hYmJ4TzhlSWRYS1BCdnA3UmgxTHZnUXhtazU1VncyZzdiSkZSa296cFNIeHpCWWhOTm9mV1J6VEdObUpBVktMbnIyWG5qdTZUcEllaGEyRnE0a0x4dzFSU280WGlKc3owc2d2YzV3atIB5gFBVV95cUxQXzg4ckNtckJlSmxnUVg0WWp2VW1RR2pDdzhQNG51RWJQN0JmdHB2REZIQ0xyTE9rTDIwVE9rYzI5U1Z6amtsYjRVZzdGdVJEYjZXRWo2TnRpcjA1TTZrYjFfMTVjUHhubDRmcWhvc2lwcTB1cld0NTltQUhtTGNHbnU2bjVIajV5blg3c09BWGtmTVZUaHFUaVNtTmtsZGdWa2RIa3hUSjRFM0hYeklZZ19tZXUyTnVRbTNEZ2pDQjBjWTMwNTZKeWxvWG1Xd21yMmR0SVJWXy1XWl9tU1U4RTFVVUFHUQ,India Tech Startups,"India–US Trade Deal: IT, AI services and engineering goods seen as key beneficiaries",2026-02-02 19:04:41,2026-02-02,Moneycontrol,indiaus trade deal it ai services and engineering goods seen as key beneficiaries,0.4215,0.189,0.811,0.0,0.4215,Positive
CBMi7AFBVV95cUxQbG1yTGlFUEo0Ui1Yd3FpbzBGWGVmZ2ZkYWFlVGVNZzRZMm4wYXMzOGpHTlhyWEZJeDgyb1VZMVBQXzR6bjkwcENZUkNoSzhmQ1o2Z09pV1oydE5qeFpLdXRtNVYwOFlKZGZGODlXUUdyck9feVBKLWlGRkwtcFc2T0RQOEhmZ0ZrSHlNWnp0djlRZEh0SGVoNnFKei1XdWFqX1VEelZzSHBGVzRIZ0QzU3RzTnRtbW84WDZWbFVmWlFwT1pUdk9EbGM1X3FmV01WdEV2NXRLQXNwWGN6dUZoMXdyZmRMQmdGOS1sRNIB7AFBVV95cUxQbG1yTGlFUEo0Ui1Yd3FpbzBGWGVmZ2ZkYWFlVGVNZzRZMm4wYXMzOGpHTlhyWEZJeDgyb1VZMVBQXzR6bjkwcENZUkNoSzhmQ1o2Z09pV1oydE5qeFpLdXRtNVYwOFlKZGZGODlXUUdyck9feVBKLWlGRkwtcFc2T0RQOEhmZ0ZrSHlNWnp0djlRZEh0SGVoNnFKei1XdWFqX1VEelZzSHBGVzRIZ0QzU3RzTnRtbW84WDZWbFVmWlFwT1pUdk9EbGM1X3FmV01WdEV2NXRLQXNwWGN6dUZoMXdyZmRMQmdGOS1sRA,India Tech Startups,India-US trade deal gives Indian data centres another growth push after Union Budget boost,2026-02-02 19:07:48,2026-02-02,Moneycontrol,indiaus trade deal gives indian data centres another growth push after union budget boost,0.6486,0.306,0.694,0.0,0.6486,Positive
CBMi1AFBVV95cUxPelZZbVNZMDhwdUVZeHJHamxOM2VFTGwtV2JXSVJsUWdiT2F1M2U1TWR3QVJPaVRoNlpNaHJ6Rm5YRklXM183bXp2MG9QaHFzWHlDQzBfVGt6ZktLY29HU2RaLWRiZGowT0xtaXJvNWJOMGZ2VTZENjliQ3Z3MkdmWlEtNFItVll5Z1FYdzJWS1NGMS1oUjI3Y3hGR2dIS2Jxa3djdWZxTkhTM0pDMTBtUW1NTFF3Qk1oZVpJZFY0Z3Rwa1pYYU1oM1BGUUQ5ZUFIeXdFZNIB1AFBVV95cUxPelZZbVNZMDhwdUVZeHJHamxOM2VFTGwtV2JXSVJsUWdiT2F1M2U1TWR3QVJPaVRoNlpNaHJ6Rm5YRklXM183bXp2MG9QaHFzWHlDQzBfVGt6ZktLY29HU2RaLWRiZGowT0xtaXJvNWJOMGZ2VTZENjliQ3Z3MkdmWlEtNFItVll5Z1FYdzJWS1NGMS1oUjI3Y3hGR2dIS2Jxa3djdWZxTkhTM0pDMTBtUW1NTFF3Qk1oZVpJZFY0Z3Rwa1pYYU1oM1BGUUQ5ZUFIeXdFZA,India Tech Startups,"Rare earth corridor boosts VC confidence in deeptech, EV startups",2026-02-02 15:27:00,2026-02-02,The Economic Times,rare earth corridor boosts vc confidence in deeptech ev startups,0.6808,0.412,0.588,0.0,0.6808,Positive
CBMiuAFBVV95cUxQV3FicXVEUWVQYmN1THpmWjNCZzdTT01kVDh2YkRGYUhTU09UZ3JtTkhkVHBySXpweVd5X0dVcElreF9Sd21OeWhXaUhELXkxMWw3bzFvSEZrUFRrSmM2akdObXhzbzFEZVp3RV9wSHpybV9xdVdUcmdNblZmTzVRVVplTE1yeVRoanNJMFZ1WW04Wk1oaE5LdlZVeHpyQ0ZyVHYzVHJzd3hoN2tUMmJwUUNhNGluVW9n,India Tech Startups,"TiE Mumbai Applauds Union Budget’s Focus on Innovation, Deep-Tech and Startup Funding",2026-02-02 11:42:29,2026-02-02,Machine Maker,tie mumbai applauds union budgets focus on innovation deeptech and startup funding,0.6124,0.333,0.667,0.0,0.6124,Positive
CBMi1AFBVV95cUxQdERHRV9xNlQ0VzBYdS1fVzFsajE4amE1cU1kNnlFWTVIX1lKbW1LS2JWTXdJRllfYzZkaTZUVm9IeENyaUxyVnFvQm92djdXVEFHa0QwdERTTWk4a1JQdEQzUXVCNklDclpVT25IRmYyejR2OFpjYUxkZ2FjeXBKN3d0NUIyY3BrUk5wblNmMGttUmFUUmd6SUdpV1pSUWRmSHhCNkNXd3RyalJBSlhWdGZwN21TWmkxbTY4MXZ3R3BSSjVoc04yWDlCVkQ0VzBiZFpjTg,India Tech Startups,Digantara Partners with Singapore Defense Agency to Safeguard Satellites,2026-02-02 11:41:03,2026-02-02,Siliconindia,digantara partners with singapore defense agency to safeguard satellites,0.4767,0.369,0.631,0.0,0.4767,Positive
CBMi5gFBVV95cUxOaUI2VVdwWnh0MENQOFM2bTVLM0VqWUFhOHNOM3pUTVViV1dFT2R1VnZjc0FiMGJoc2gtS3dPb2tPSzNUTDdzXzluZ0Q3aVFBaVZsS3dtR1c5OWlhUmtsSXZJZUk2Sld5RlZJa2JuSGxCeEZhbFZlcFV1cFBocTBlQ1NDQk56Slg1SUcyQVFfOHM2aHJhLWtBMmZUb1ZjZ1dFeG4zTkxKM2xZdk9qa0tjMi1WVnhVY09LSVNaSXp0bFNKbTRqXzdrcmZqenRiUzZidmU4MGRLMDRCWGxMaXh6cm5LVTRPQQ,India Tech Startups,India market outlook post Budget: What next for stocks as Morgan Stanley turns bullish on key sectors?,2026-02-02 09:43:00,2026-02-02,Zee Business,india market outlook post budget what next for stocks as morgan stanley turns bullish on key sectors,0.0,0.0,1.0,0.0,0.0,Neutral
CBMijAFBVV95cUxNMVJsZWNpOUVYZWV3RGJBSTBmZjE3elFFOEMwNHpXZUI2dnRyajFINDBBeGhiRnRsUzF1UkNHSnF2c2ZWdkpFdHl5MmhnczF3bXJmRGFCOHlGR0ZlYjZFY2lqei16UG94ekM0bVhrZ1pvWUdCb213cVlLMUl3aFlaRTM1MnpiaFlJV1hNZg,India Tech Startups,Indian startup funding hits $930m in January: report,2026-02-02 22:56:00,2026-02-02,Tech in Asia,indian startup funding hits m in january report,0.0,0.0,1.0,0.0,0.0,Neutral
CBMiswFBVV95cUxPQ29Xelp0TXRGUVg1WmZUOW5fMGt4SnJLM0tzN3VtYmpIdUdKSTdzVXlobWp1Q0VJYUM0SWlXTGFsdzNuZExMSFNGSEtwNlhfb2hFRXZCWFROaWlXQ3VGLTlYQjlmVWdlalVDcVItLVN6ajJETWxCRWlSVFlqbzhPQVZJM1JLZ0w5c015NnpvcE9aOXozZmQ0c19OeFlSSlNhcV9uUkhNNC1aVkJIUkVhZnBZTQ,India Tech Startups,"India Startups Look to Tap US, Europe Outflanking Chinese Peers",2026-02-02 12:51:23,2026-02-02,Bloomberg.com,india startups look to tap us europe outflanking chinese peers,0.0,0.0,1.0,0.0,0.0,Neutral
CBMi9gFBVV95cUxQUUFBbFk5aExPZkFKTk1xVVVHRThybUZ1bnIxWTMtdnhlY1VhMmgwRXpHME9CMHdFZHBfUzNVY1BIVzByMDkyUjZYNXR0NmRMTE5Cc25XNUFNV1l6bGZZV2tvcE1aREhmMnMwckFhZGt3UWpHWV9ieFBvdkhqakZrb3BDNDFDbDM5Z04wdW5hbVNyblJRT1JPV3dmSk10U2h1SGUxVVpnM1BSOFZlRGVqMy1KMlNIMmJrMUNObU83WWxvUEN2bkpFd2hoSmowM1lYRFpzbHRsQjVySEFOS0h6TXA2bm9kMkR6WTZDWEQ5dE9LcG5XS1E,India Tech Startups,"IIM Udaipur hosts D'Future – India Digital Conclave 2026, spotlighting technology-led growth, resilience, and inclusion",2026-02-03 07:11:21,2026-02-02,MSN,iim udaipur hosts dfuture india digital conclave spotlighting technologyled growth resilience and inclusion,0.3818,0.178,0.822,0.0,0.3818,Positive
CBMiogFBVV95cUxPUFFhdFdHZmZ4Nk9CODZaVmpYVnQ3VS1CdmVyT19ZWjE0a0l6dmxRclZDSGJvb2p5c2lWN2I4S1Bhc3ROWFZ1aGxhTU94WVJtcmFGcXEzaEFIekR6di1qTWhndlJ0RGRTT25pNHFaQ0pDQndNWFJoOUNWN1dZclJpOEZ2dy15V3FSQ2pDMDl4YnhobE9iSURRWHlDMTNSaWtPdGc,India Tech Startups,Dreamfly Innovations Raises Rs 3 Cr Venture Debt From SIDBI,2026-02-02 14:29:25,2026-02-02,BW Disrupt,dreamfly innovations raises rs cr venture debt from sidbi,-0.3612,0.0,0.762,0.238,0.3612,Negative
CBMizgFBVV95cUxQQnFjalJsV3ctdURmTGw3eHE5aGVXdlJvMlJ2dTE5MjF3aTJLM1doWlJnMEdvRWtlMVU5M3dGQ1kyV1g1Z0tVS1ZpbUVvSk9mdGVjS094RmJCWF9pZXpvT0hudmpiZU1OLTNYOVo4QTRGQU9iLW8tNUpRX3poTGc4UmY4eHFvbFdIV0FUSlRsc0gwZVFrU0RBeXgxTEJfR2hTN1hpRmdCUzcyREZTNm9FVzVpSGxTT3BrbUh5dzJrVlM0X2ZNbmNsREtqMTFWd9IBzgFBVV95cUxQQnFjalJsV3ctdURmTGw3eHE5aGVXdlJvMlJ2dTE5MjF3aTJLM1doWlJnMEdvRWtlMVU5M3dGQ1kyV1g1Z0tVS1ZpbUVvSk9mdGVjS094RmJCWF9pZXpvT0hudmpiZU1OLTNYOVo4QTRGQU9iLW8tNUpRX3poTGc4UmY4eHFvbFdIV0FUSlRsc0gwZVFrU0RBeXgxTEJfR2hTN1hpRmdCUzcyREZTNm9FVzVpSGxTT3BrbUh5dzJrVlM0X2ZNbmNsREtqMTFWdw,India Tech Startups,Edtech gains as smaller towns turn up big for English lessons,2026-02-03 00:30:00,2026-02-02,The Economic Times,edtech gains as smaller towns turn up big for english lessons,0.34,0.194,0.806,0.0,0.34,Positive
CBMiowFBVV95cUxNY0RORFVQRDNfQnJDR0V4cjlJRUhjN2dtSUZOckVzQTdxRjhhUFJBa2FpbG12NmFINGUyaVIzM0xNT2Q0eWtac1lfYjVfOGNsYzNEN2p3NGYyOXdhcTFfZjlEckYxQzhSckNvN1V1MlFvbWE0dDZHMks5S20zcjZFMlhlZlQtQkJsNE80X0FaRTloQXNuQzhURWdyN2NmZzJJOVBV,India Tech Startups,"NCLT Approves MoEngage’s Reverse Flip, Clearing Path To India",2026-02-02 08:22:59,2026-02-02,BW Disrupt,nclt approves moengages reverse flip clearing path to india,0.4019,0.252,0.748,0.0,0.4019,Positive
CBMi5wFBVV95cUxPeGpFeGJ0MWdHQ0RxZXpXQWVLVVJoNHh6d21pWkZQcmM4WnVoeWp5MWRJMnZvUGxHejFndDBTY2N6YjFoUXZJNFVKNG1teVhMejhDNzlENVBlWHRWcGN1a0NDckstSUY4Q3I3SUxuYllyZHZHalpkTElyclY2VWMta3hJWFJrcS11QkNPOXJCVVVVYWhJRVN0dU14ZUx0bWhpRG02X1FrdXhJcnhULWwtanYxTzZIRkc4NVVCMmJ0cjhnSGpSZ3NWbmVsUlFRQ2w2cGdJU0ZLczZvZ01NUW5zckVhWXBqY1HSAecBQVVfeXFMT3hqRXhidDFnR0NEcWV6V0FlS1VSaDR4endtaVpGUHJjOFp1aHlqeTFkSTJ2b1BsR3oxZ3QwU2NjemIxaFF2STRVSjRtbXlYTHo4Qzc5RDVQZVh0VnBjdWtDQ3JLLUlGOENyN0lMbmJZcmR2R2paZExJcnJWNlVjLWt4SVhSa3EtdUJDTzlyQlVVVWFoSUVTdHVNeGVMdG1oaURtNl9Ra3V4SXJ4VC1sLWp2MU82SEZHODVVQjJidHI4Z0hqUmdzVm5lbFJRUUNsNnBnSVNGS3M2b2dNTVFuc3JFYVlwamNR,India Tech Startups,"Dixon Tech, Kaynes, other EMS shares gain up to 7% on India-US trade deal announcement",2026-02-03 07:06:16,2026-02-02,Moneycontrol,dixon tech kaynes other ems shares gain up to on indiaus trade deal announcement,0.6808,0.318,0.682,0.0,0.6808,Positive
CBMi6AFBVV95cUxPeGRLUEhWY2VhMXUyQ19PVUZwQTZJci1YQ3pWLWRtN2l5QmlISUxFZ0RFZXNnQUpGWEFJaW5OX25IejdGVDVuUHcyUVNsNGk1X2I4alJ3Zk1uY1FZVmU4NUFGbVBXSUhIRFNUWTRXVlYtbldKQmltMGw4cC1SanlpSXdEbWs5dHNFZ0FBSl85NFlweF9YVHFndnpEdFRkTkRLMEhGeWR5LTFzd0M3SGIyR3RtSWVsdkQwaWdicXgtd21JdGEwZUNXUmRyOWlQLWVNOTNRNUs5TGJOV0pEVnVxTmFvZWpWVk9M,India Tech Startups,"Viksit Bharat to be built on the road of AI, technology and innovation: Budget 2026 sets the direction",2026-02-02 17:21:00,2026-02-02,Zee Business,viksit bharat to be built on the road of ai technology and innovation budget sets the direction,0.3818,0.14,0.86,0.0,0.3818,Positive
CBMiuwFBVV95cUxNMnJaM09rbWs1SzQ1SndjazNic1ZHQnlPNmtJYlJlQXpBdjhmVlI0cWFkX3N4eW05SFRBcXhXc1d3c2REQkJ0RWItYlN0OGUzXzljdGRQYlYxcjAtZW1WQ3l0elRkTXRfMS1yaGxsWWVZc0FrdklOZ2VHX3hCbW11NGFRTFdwNE96RXktM3IxdmpfQ1kwUUI1ZWYxcG9oVEExZTNGZUt0aU5mak5uQVBueDk2dGpMWFljRjFF0gHIAUFVX3lxTE9kTkpxa0t1aDZ1SWtGdDBkSC1VcE9SdWtuUXJaS0I1TUpBVWoyYVZCejJzMnp5S0M3VXpGVXVRY1N5aVdXTktQU2x6OFVrWC1IaDh3MjdhWWxENHcwUlNiTDFhU1F6cWtqbmRxYURvdFV2TXgyQm5Fa205SHNSaXFxVUZrNzRJSTZsZFItaFViODZXNTRhYlI5MHdfOGxSSUJQaHRlbUZqTmZydWtTR3E3ZlRSX3JYR2t2ZC1GT3RTNHlsQl9YR0ZX,India Tech Startups,52nd Dairy Industry Conference & Exhibition 2026 to unite the entire dairy value chain,2026-02-03 04:10:00,2026-02-02,FoodTechBiz,nd dairy industry conference exhibition to unite the entire dairy value chain,0.34,0.179,0.821,0.0,0.34,Positive
CBMi0wFBVV95cUxPSDdKX0tqVkJsTWhqVmVORkw1aVpDUkQyYkhFVmY0LXFhc0E4cC1oS1ltSEw4UmFZZXJCVHB1cko2OXpoZk5EM29jWDhwMVNhTG9mWEpQbVNla0RXN0FRenNfQUJFYzNQcnpkbGszSEotMHFxWXdCS2RabE5HWlRKZGlMTjRoSkZraTVKTUhMb3RqV1oyYVJBR3F0NUJxNWdEY0llVlBDbDVNMWp5UnFTVVNGWVVOb3Qxal9NRWQ1YVV6b1FqNlNTQnJOZnkxT2xVRmlR,India Tech Startups,"Big headline, unfinished business: India-US trade deal leaves key questions unanswered",2026-02-03 06:29:00,2026-02-02,Zee Business,big headline unfinished business indiaus trade deal leaves key questions unanswered,0.0,0.0,1.0,0.0,0.0,Neutral
CBMiqAFBVV95cUxNeDdfTDZjR1pnU3JtZXRadU83QXhoZ2NZVGZ2UHNLNTA2RDlKMTB0TExuelVlODB5c0Q2eDkxbTdGZUxyM01OZ2RCdVBkanEyem15d3A3RjMxMkh2TUZOQ0s0WDZnM0ZxSUNYUnpxcUxQaGwxRE9Qb2REY0FvZE42Q0JNbVZCUXdDcGhOZ3VQMWZydWVVNy1kRW92X0o5U0FLYUJTXzZnT1Q,India Tech Startups,"Digantara, Singapore’s DSTA Partner to Build Satellite Tracking Tools",2026-02-02 10:28:45,2026-02-02,Analytics India Magazine,digantara singapores dsta partner to build satellite tracking tools,0.0,0.0,1.0,0.0,0.0,Neutral
CBMixAFBVV95cUxPMjI5VU1vbDRCQnJhcVhuUm5UQkRkZ2toOE1KeE5GUzVIWG9YWjdWYUlBZkhHcHNNTmVJRkNmUV8wTV80bEh0LUlpWUZvSzBiM2ZxM25xQ2s2WXBqWFV0ZTU3dUFmWGdXa0laYW5rdTBMNHA4VU5lODRPSXVPX1F2OU1KbDVkMUd3d2tzbXNEYUdsb2RONnNDSlo0SHJ4eXFkSzFudS13YWNORmJVX3gyTDJQX2VrdU9tc3BlOEdleGZScXAw,India Tech Startups,USD vs INR: Rupee rallies 119 paise to 90.30 as US cuts tariffs on India,2026-02-03 05:03:00,2026-02-02,Zee Business,usd vs inr rupee rallies paise to as us cuts tariffs on india,-0.296,0.0,0.845,0.155,0.296,Negative
CBMi0wFBVV95cUxPVkdKUFBuSTNZOWNGZDZYUDNGR0xxZE90VVloa05FeDVaXy0yeTdfM3VIbTNHZmwwMk9YV3dzeEZhVFV3aE44RDZHWGFRRFhsU0FMeDNtWE5hSmpaemlLYUUtdTZpQW4yVFRTemtaME5sM3pLcS1xVWg4NXpYSUxqS1lKLXdhZWhGeUxQMVRrOHc2OWdIRk94cldCYU1mUDJ2QnREdFNxcFl2NmpweHRzMGFRYmVJMjRZVEZVbjBpdjktYlNzOW5BaG12b2dOdk5yM21B,India Tech Startups,"Textile stocks rally: Gokaldas, Kitex, Trident soar up to 20% on India–US deal, Budget push",2026-02-03 05:58:00,2026-02-02,Zee Business,textile stocks rally gokaldas kitex trident soar up to on indiaus deal budget push,0.0,0.0,1.0,0.0,0.0,Neutral
CBMiwwFBVV95cUxQMmVIUUNfdWNJSE44aGpRVTRTZU1pbnF0bW9aNlBTa1ZaU2hscFMyQmN2Z2c4VndWemFoUDM3YW4xakVyS2RFWDREV1lSOE5teElMQ3NfSTRCNTF4YndkWGwzQUhUdnREWUkwYkhVeG9xb3pxbHRULUV2Tm1YaVpfRDA1NXJYWXp3cDVSdHQ0R05CTTVCUDdMb0NjbGpJZ1BNOW9EWjMxZUYyRldERFVmUnFtbTJDVUhFSUkzVEVPbktkd2s,India Tech Startups,Gold rate today hits Rs 1.48 lakh on MCX; silver posts sharp rebound,2026-02-03 04:06:00,2026-02-02,Zee Business,gold rate today hits rs lakh on mcx silver posts sharp rebound,0.0,0.0,1.0,0.0,0.0,Neutral
CBMi9wFBVV95cUxQMHYydDNsTWFYbnVoY3Q3MmtObzZBc2lVbUtZQUVwemxsTk1GQ09nU2ZOb21ZMzN6UG5RSjJQbnIwUDZoYmlrRUlURWhPZ0xiYkltenJWVUJKTnB0c3l4U28wNkxzekNORzFZYmVqdVhIT2pDV3pnQ01qTmlHZG9haXNGaERFR1F6TWRWOUptRlFuZXdfREpzVG5yTllUUXVGamlpbTFqeTZ0T2wxQUh2cEdSWnN4a3pob08xLXhyS0FhRlNRU0l2OUdNcmFtSlpQSVRUUGhKVENQY1FhaUZLTkZza1ZrNEpTVjIyRVIzWEt0ZEd4eXpr,India Tech Startups,"Anil Singhvi Market Strategy (Feb 3): how to trade Nifty50, Nifty Bank after US-India trade deal",2026-02-03 02:55:00,2026-02-02,Zee Business,anil singhvi market strategy feb how to trade nifty nifty bank after usindia trade deal,0.6597,0.293,0.707,0.0,0.6597,Positive
CBMiwwFBVV95cUxQZ3FyQS1fc1hQS3ZETUVhVG1TRnZRZnlUVFE4a1NnMEQ0eHVtVkNlQ2xxR04zLWFYTzI3NnlYbFMzWWRaNUdUcTVjc1BrRkQxTTFQbWdjYU96cThEVnBSbnhlZmFpM05DaHc4ZmpNcjczNktHSXdIaTc0ckE5dk1wNVphc2tnNlBtb25CVzBKYWJ1bndfd1NDQ1J4Uk1SQVJ6akEyYmpsM25FMHVRaUxxVUl6MzBDU3JTZTF1ekxIdjBMTkk,India Tech Startups,"PhonePe breaks fintech norm, balances rapid growth with sustainable profitability",2026-02-02 11:50:00,2026-02-02,Zee Business,phonepe breaks fintech norm balances rapid growth with sustainable profitability,0.5719,0.37,0.63,0.0,0.5719,Positive
CBMizgFBVV95cUxPQnJSa2ZsWC1EbFZhUU5FTmNFN3hmcXhRZHFZUDF6MGNETHNxM25CMFZUbkhFQTU2QmY4NWRIMXRkOTZTbXpSWU1fSWYxMUJRRXlHX01VejV1N3BBTzl0aUJJYktXWjM0N2lsRVhOaDVCTGFyLUpoZDJSZkd4cVRNOEJYdnp4SVVsZW1VZWpuamxGaDR2QldDUlVjM2hyY1lJRTZaMU5kTldDWGxJVzM3aFhreW1DNVd4ZXdhbktsWGpPQ09xaUtDaDEtN0U4UQ,India Tech Startups,From Sunlight To Storage: DST backed technology promises efficient off grid power,2026-02-02 10:09:00,2026-02-02,Zee Business,from sunlight to storage dst backed technology promises efficient off grid power,0.6705,0.419,0.581,0.0,0.6705,Positive
CBMi1wFBVV95cUxPWVhkRXhwMHhTYWFfNEpqUjBaRU1Ra3VPZWtYdmswdmRfX1NXSFFyNThUMXdleGltMTFOTWJSaDJUV24yX1FFdkUyQ0lRU3p4R2FBckxyS0UtcFQxSDNORVQ5M1ctVU1XS3lNekZzY2FiTzBKWFp6WDg2V0dRaWZ0VUhncFhXbUVoa0NuWHpDZFdfZkNsQlFlQUJlNGRBTEdDTF9rWkVhZWhsSGZPS1RidGRFR19tb2gxY2JHa19JLW5KVzZ1cTBCZVhuUWxaakNlVm03TXpRWQ,India Tech Startups,"India’s GDP growth seen at 6.7% in FY27, 7% in FY28 on strong consumption: S&P Global Ratings",2026-02-02 13:16:00,2026-02-02,Zee Business,indias gdp growth seen at in fy in fy on strong consumption sp global ratings,0.7096,0.312,0.688,0.0,0.7096,Positive
CBMitgFBVV95cUxQb3o0RFM4ZTVzNFlsZmppNFpXemszdl9xbzhjNG5jYWgtXzY0dUpWMEZwd3R5UDdrRU5NTGZQRUpjaGJfLUZLTEcwbzVqN2VXcy1fNnBfR3JfTXk0c2JIVGJPVzJCdi1PZE5qYTVMdGVJbWRyczVIS1I4OUEyTkMwSlNwc19wTGRwMjVoTlJEdFpTYmtWWlJVU3BvRWFMeHlWb2h4Zzd5Vk0yWGZERGlTYXd5cHB4UQ,India Tech Startups,Hyundai Motor India Q3 profit up 6%; January sales hit record high,2026-02-02 10:06:00,2026-02-02,Zee Business,hyundai motor india q profit up january sales hit record high,0.4404,0.244,0.756,0.0,0.4404,Positive
CBMi1wFBVV95cUxQVERNeGhoekQ2TGVubFl1MzFOVllZNzNraWVpTS1QSHZCLTNCSFBSWllmU3p5UFBNNTJwV1JuNVppallGdmdGUDFFY2FfQ0lHN1ktY0MwbTRZbFlMUUIybHRmMXpKaTRQeEQtMFNhSjdCTFVHME5qeXd0RlVSZ0VZMGMxY0FNRFltcmVSTlg3MDZQUFNzYVRsZFB5Mm5sU3NvbzdEYXhrNEhTOUFsS0ZkQUdDZWVhTVBRR29tdERwQ3V6UGdrNVlianRtMUpqZFp2a2R6Y0tLYw,India Tech Startups,"Closing Bell: Sensex soars 943 points as bulls lead Budget 2026 bounce, Nifty crosses 25,000",2026-02-02 09:37:00,2026-02-02,Zee Business,closing bell sensex soars points as bulls lead budget bounce nifty crosses,0.4019,0.197,0.803,0.0,0.4019,Positive
CBMivAFBVV95cUxOeHlLWm1XUnRPNkVUc3Z0emNud05JLVF4WW1WSnhQU2xyY0R5c1ZlVDluc0ZmX0c0Z2dtZTNmVTAtRVNyMVdrVnViV1lRWTdXei12M2FHRnZXaFRfRWFseGFLNU9UelpYRXNQX3RIaDhsaDA2NUp6SmtfQlJxd0FRZndqcEo1VklwUTFQb0NfVjhFRGx0WFpuOFlveFh1YTVVeFpLSlF1bkFMME5LYVdKUGs2ZE5seWdxYXo4Zg,India Tech Startups,"Dassault Systemes Drives Technological Innovation at CES 2026 with 3K Nano, a Startup from Its Innovation Lab",2026-02-02 15:49:15,2026-02-02,Digital Journal,dassault systemes drives technological innovation at ces with k nano a startup from its innovation lab,0.6369,0.302,0.698,0.0,0.6369,Positive
CBMi1gFBVV95cUxPaUxjUEs2TG16b3BtSWFPNDU4djd3WlhnVGRKdG5pZTRQcHJCVnVjblRfSmFiUk81RkpTRXdhTFB0d2tEMW1lSHktakFnNFAyTms5M0R5VTBRZzlVN2RLcVdDSl8zVklGMjQ2OWtJVGVLLXM1SC1jejFSLThFb0JjZXN0QlNLWjBKZ0JxeVU2WTdTRUFhZUo1bndpTHhfQThsTzdENmpQYnZzcHUwVjRNSzEtaTllM00xS3QzcHF0eUVBb0Zvc041di0wNFJ1dV9JTVJ2T0hR,India Tech Startups,Why markets recovered from lows today: Anil Singhvi flags key triggers and crucial levels,2026-02-02 08:12:00,2026-02-02,Zee Business,why markets recovered from lows today anil singhvi flags key triggers and crucial levels,-0.2023,0.0,0.878,0.122,0.2023,Negative
CBMi1AFBVV95cUxNQTdOZnNpY3lPSHljNGNDZmlCWk0wbXZDWGdlcTh1MldJNk5LX2VYNWE1S3o3bWc3Vl9sLWhhbU9HQVJCUndUSU1pVWx0Ti1wVVdDTkpoTXJQNTA4X1ZTWkp0UTNyVHZhUWtVUUtyM0k0bTN0S1ZEekF6U0VoY2owVjV2eGk4aVd3cTVhQlRBVGU4dDFHd1NjZnRkTnlYdWpPNEpkcEh6TGEyYlBFZ243VFhsLWh3YVJNakY0T29sSnpPaDg4cFR1VDEzSXd0WC1VRmJURg,India Tech Startups,"TiE Mumbai Welcomes the Union Budget's Strong Push for Innovation, Deep-Tech and Startup Growth",2026-02-02 08:02:00,2026-02-02,Big News Network.com,tie mumbai welcomes the union budgets strong push for innovation deeptech and startup growth,0.8807,0.528,0.472,0.0,0.8807,Positive
CBMitAFBVV95cUxNU205NjhCa25ZOVdELXNfRzJKQVVyUTEyQW90UUduN0syS2lFMmItbXZPLXdQUEZJTlJwQkx6NjA2a0NmQngxU0xRQ3FjQWNEVUo4MG95M2dENTQtbHFleTlGUGwyNnhXUDBsM0RNLVdrOVNDMmh2dXNLRU9WVkhfZFNRRjhnUGdQQkVoU3NmTV9KeEZHOTRrd1pxYzhGT2dxaVVacWhMZTBUcm8wWktsYk9lb3PSAboBQVVfeXFMTjlPX2otcEJ6TTRsZ2VnVmxPNnF1djhTcjZPSG5oTzNXWFE3UHlJMlVjUmlHTDNKd2h1M2Z3bTNaOExBWWFvdWpBS1JKMXVUZVo3SVY4eEJ2MGhVZDdhNGxLeDY3cjBubGd5M1lCbjBIOE9XcjlHN0hpNkRBR2o1ZjRWSlBBVDg3T0pGUlJ1bF9XaFRadGxza2FodGtLc180Q2hpUVVJZWdoMWlrck8tMnVDaGU1a3hUUkxB,India Tech Startups,"India AI Impact Summit Attracts 35,000 Registrations To Date; Set To Be Largest",2026-02-03 07:03:14,2026-02-02,Free Press Journal,india ai impact summit attracts registrations to date set to be largest,0.4019,0.197,0.803,0.0,0.4019,Positive
CBMi4wFBVV95cUxPck4zWVBTdlN6QkFweFhvRmVJZXl3aEp3MFFTamE3X01ZczNUVC1rbG94Sm9UMlRWOElHZDYxMlNrU2ZFcV9WNUFicWxzUm9aNmlvaFJGUHFRdnhFWjlLU3FmX0tFamN1b1JDVENZZXlfNlY0S2FsWDd1bkNZTXZaOXdjMmF4djNxYUs4VnEwcEdfTHpyTUhpZGlya0JJUG5ZSlNYQVd1OTlVcS0tTTdiM1R6NjRlU2NkbnhqbkNIczIxcEhnT2I1X1ZVSnNFYWI3RGVYZDNQMndNSGNYcjMybnJpWdIB6AFBVV95cUxOTkEybnpWM0tzVDdhYzhfQkJIdXk5ZnpLc1B6WXBwaGtDUWdWUThMZlJWQnp5eG5WQVdaeXY5d0U0Zy13aGZUZzVpaEJRaEI2U1Nab3RWTkpzTVNyRm53QVVCbmdsVUJJWEMwd0hwTmJfa3RZbzk5dTQ0WTI3TkNLS2xVTS1DcWdqSzQ4SDRKSjJuT2JlczZ1WXgxdHlrSUNGOXJNdkxKVTNNcUZrQXQ4NFFXRFZZYmJVS05hcjFOa2ljaFpmOWVGVDdpRC1VVG9ycGNPcU9ramc1SmpFQWJZYjI2bWJBeEhu,UPSC Aspirants,"Before Becoming IAS Officers, Here’s Where UPSC Toppers Studied",2026-02-03 05:32:06,2026-02-02,Times Now,before becoming ias officers heres where upsc toppers studied,0.0,0.0,1.0,0.0,0.0,Neutral
CBMijgJBVV95cUxOLVlpYUdOWDhIZWFQb1R1NWFDbE5Ud1ZWaF9oVjUzclJFT0oxVjdjUkRpNGV6VDROTkpyVTN1ODJSdnpoQklpc1NvOW1uWXpibDl5ZWt1RnNOYVVDRFBydGRhaDd3UWxWUmNYT3Q5Mllha055YVEyWHV5blRpZ2xkUlRlM3JqQXlfTHFNMl9DdHpKTndfZ1FZWC1HdExJeVE0M2l6UjNyTk82RlM4Y1BVV1d5M0VuMEF3djZwNUFSZ1NfbmQxNDRzc3RxSlhJczFNS3ZqSl9fekNwcFBNZkJTYTdzbWM2NkF6RUROTTZ2RDdKeWpwTXhOOWtQc2xmR09NTThIT3JnTW5XczYtNUHSAY4CQVVfeXFMTi1ZaWFHTlg4SGVhUG9UdTVhQ2xOVHdWVmhfaFY1M3JSRU9KMVY3Y1JEaTRlelQ0Tk5KclUzdTgyUnZ6aEJJaXNTbzltbll6Ymw5eWVrdUZzTmFVQ0RQcnRkYWg3d1FsVlJjWE90OTJZYWtOeWFRMlh1eW5UaWdsZFJUZTNyakF5X0xxTTJfQ3R6Sk53X2dRWVgtR3RMSXlRNDNpelIzck5PNkZTOGNQVVdXeTNFbjBBd3Y2cDVBUmdTX25kMTQ0c3N0cUpYSXMxTUt2akpfX3pDcHBQTWZCU2E3c21jNjZBekVETk02dkQ3SnlqcE14TjlrUHNsZkdPTU04SE9yZ01uV3M2LTVB,UPSC Aspirants,18 La Excellence IAS Academy Students Clear APPSC Group-I 2026 Reinforcing Academy’s Consistent Track Record,2026-02-03 05:17:26,2026-02-02,theweek.in,la excellence ias academy students clear appsc groupi reinforcing academys consistent track record,0.7717,0.379,0.621,0.0,0.7717,Positive
CBMi1gFBVV95cUxNNF85RkgxNWdYVWgyVzkwTDhXNUFQczBXM2xXWlphQ2l6ZDJsY2hMZWtCTUtIQ3NIVHpUVlNROTc0NHNQT3N6YWZ1R3BMc0MtaTRLdGpQcWtJalE0eGE3bUtJdDFueGR2ZzZoU3ZXTTBzcVFQb2hWOEk0Y3ItTnExRWpWMlZjMUdRMDVSSEFIQVhYQlAwdVpkNjNXX2VGVXBQQTA3d0M5NXJ2c0tXOUlNMUZxek5qTk1mY3RMdDBxRXdkckxuVGpVSE1ibWt1VUd4d2FTbjNR0gHcAUFVX3lxTE1KSWNXY25nQndDWkVDN0FEZTVZS1JiaU1oRGZzX19ibWZpYVUwV0h1REhkWDZKNFpXREZaYnM5QkQ1MHctcUE1MUZIWDhScVlmc2h4cEpaU2tuNjluT284ZjdBcjNLNl94Z1FMak1od25iUGYxYU9pRkswQ1VJazRLNHFNZ2lsTzJ2S2VMRU9EQXYtOHk3eGstS1V0QVpMUTdXTXpfWHZ5WElMTUcyTVUybUFuTllyV1dMdFVwZWRIU2xUVm1CWFBLbHFPVkk1NUhTOENlUmhtX3Q3dXc,UPSC Aspirants,How AI is changing the way aspirants prepare for UPSC exam,2026-02-02 11:23:00,2026-02-02,The Indian Express,how ai is changing the way aspirants prepare for upsc exam,0.0,0.0,1.0,0.0,0.0,Neutral
CBMi0AFBVV95cUxQM0dLWDJNX3A2QjNRWVhOSE9DelVIWXpLS3N1NUFPS2Jabk8yNTBLRmNkN2Z2Nk0xNHJLazlyZnlzLTFKb3NFTDVab0dSLW84c1dtR0FBT3Y3bXB1b1B2QTl5OEtRRzdiMEJDUUp5N0t3UUluQnNCalZNZHJfQWxQNm4ybkg2QnM5MGU0eGJhMnFpRW5OZXdwaFVIaVJoTVNWZWpiYWpQMVZ5Qlp1LVUtZ09uOVVjd0JaVHUwbERob1ROY3pwNW1ZNWdIcEF4NXo0,UPSC Aspirants,APEC 2026 Art and Culture Module for UPSC Prelims 2026,2026-02-02 14:59:53,2026-02-02,INSIGHTS IAS,apec art and culture module for upsc prelims,0.0,0.0,1.0,0.0,0.0,Neutral
CBMixwFBVV95cUxPMVZSeDZIYzBPbnBVN3czZDM0aWhkNHVHZlV3NXZfX3VVOXI0UmxBV1lPM1ZGNEM0TW95VEVBbjRUaGxhcnctQlFZSUgwV04zYXQzaTU0bmNSb3ZtaXFxV3c5b0JvdlNDTkVoeHBzYW1GbGRoaTlOdTV2allyNVJ1ZWNzZ1NxRkxSTmdwOW03Yld6bHVFaUZHdGYyUjI0dV9yeW5BUTJQOW5KN2hDQTkzSi1RLVMxandSQkllRW9jSG1PYk9rNXdr,UPSC Aspirants,Union Budget 2026: Key Revenue and Expenditures for Quick Revision (UPSC),2026-02-02 11:38:12,2026-02-02,Jagran Josh,union budget key revenue and expenditures for quick revision upsc,0.0,0.0,1.0,0.0,0.0,Neutral
CBMitgJBVV95cUxPam4zLVo1UHA1eU10OUZGYlpXZnpzUEJVRF9TR0hYT05ta28yY1hEMDVpN3J6dHgxZWthYVlRbWd4MzVxMzZkOFBheEoxeDBWUFdhSEZuOTBZVmhlVWF2UHhrNy1CZlRVVEZyaDljWXBXNEhoeFFraWIzcGJMdkhwME1xc3FIVXltWkh0U3VsMFNDWHV5T2xmcmVaTTdqYXlIYmlRLVhmSHZWZzhSUmpEQUFfLVA1SWczMmFmQjRFZ1JHc1ltM3A4NkVfcTJOYkktVk82RTdpLTNzXzZoXzJpUnFmb3F6eFViTnFRRWVaa2FfRlIzcDNBbmgwc0Y4UUV6V2ZxTjE2MUdOcjktbmdWV0xxR2hfc0FDdEg4S1paNU1DS00tT0c5ekJ3WFBKZ1JnOHU2UVh30gG7AkFVX3lxTE9QbnNwbjQ4TVBHcnpEb0ROaVh4R09iV0tSb2E3OThXRFIzY1RvV1pod3IzSEg4UTFMODRyQVJoMk0wTlJUbTVzaldFM2dFSVdoal9rVS1wTDlQQmR6bGhlMEotazdOZG9Zc014SDVLNm5ZbjJKTmZLV2lOS2xFc21OWHZXUkN4NlR5QjQyb21XQ2tTUzhuc3pPSFpxTUNuZG1rVkZPVVVEY1AydW1PbW1UeE5mVkdHZGxnYzQ5ekVCQ3lndjVqZWhKb21IM2RrWE40MGRWclZOQUFDQUk1RDJyTzhTa290andGd0dFSlFwSFJvbjAwanRZQXd6NXB2QU5Cay1Bd0RsVEpucFpOaFZOYkFzSnZIclp0MW15aW1pZTRoUnNweFdad3FDM2QzSENFXzctQXpjWUZ2QQ,UPSC Aspirants,UPSC CSE Notification 2026 Live Updates: Is UPSC Civil Services Notification Releasing Today? Check Latest Updates,2026-02-03 06:34:24,2026-02-02,Times Now,upsc cse notification live updates is upsc civil services notification releasing today check latest updates,0.0,0.0,1.0,0.0,0.0,Neutral
CBMi7wJBVV95cUxNaWdxbHJZaTJ3Vm1FVVdkLWZ2eThMODJZMEZINGNmeDlDaThVaTA0ZzRrNTYtWmtUSmwzNEpWTGlQaVQ1UHY2ckFwYjQyQ2VqMGR5cGtCZlVZaVlRaGg5a0tTbXdsS25wNlhKV1F2YzFEZFVKUFFSNkR4bEhtT3pibzBpX0JHVTZkWnNoRU5hd193WFJma1kyQlBOYTJWMVRVNDNLVU1xT3U1aWUycUJSU3pQNEkzQlAyZVlUQ3JJZUNjTDluWGtibHBEcjNueWh6TENMd1dOeDJSRmVVcTYyYzZGLTBZMTQ2NW96ZlBzSUpYNGszRlhjWkN1R011Q3M1ZlNVdWZCdmJFamtBVWpyclozYkF6V2NKb1g1UUk4UV9TenI1RHdtc0FPR0JoUnItQ0ExUDlFQmF5TWo4SXhJbEtyUXFvYjdKZnZFVGhKVmZHTXUxcl8yZHJhQzJfM2EyWk9aNTZkZUpFUnJfQXpV,UPSC Aspirants,UPSC introduces 'centre of choice' for civil services aspirants; check who can use this facility,2026-02-02 19:11:58,2026-02-02,MSN,upsc introduces centre of choice for civil services aspirants check who can use this facility,0.0,0.0,1.0,0.0,0.0,Neutral
CBMi1wFBVV95cUxNM09nNnk1S2FPcHM4SUw3czQ0TEU2U2loSXNEd0VhbWtCYU8wc0dSSS1GMEV6aGRLRHpPVnpmbEhXVU9PTDMxOTVjdEtZX2Z3eTd6UGtjNFpiWWU0TFhPZW10a0x0SmJRY0cxbmJOLVl0T0o3anl5ZjVVbmpUUEk2MGJSOGRqd1hXYU9UcC1TWTNPSUszbjNyUVNHVkhjd1F5aDN4QU56emtoUUFKdFFscERGMFpTY0FDVnpQSFlDTUVmSHA1LTBqTy10UDhHTWNnUDZoYkFrNA,UPSC Aspirants,"UPSC CSE Notification 2026 Live Updates: Check IAS, IPS, IFS Registration, Exam Dates, Eligibility",2026-02-03 06:25:53,2026-02-02,Times Now,upsc cse notification live updates check ias ips ifs registration exam dates eligibility,0.0,0.0,1.0,0.0,0.0,Neutral
CBMi6AFBVV95cUxOdUR5aTJlU3M3eUhva1FEeW9ROWhvX2g4Y1B2c0RMQWdqNUFLUDZyc1REVUJBZzhiY3pYa0tfdGswbUtCTFlhUlBob2hoNFJ3a0NheEJaZkJSeFdxdU83cmtHWjA1NktXQkk2aTZVa0xRTmowOWgwYVY0eWhIZzg4UFlMajVTMS1qM1MyZlc0UzlHLU9zdFR2TExLS25QZEhCeGVBeXkzckg3UDEwMmRkbDZmRzBNQXBpMmZYRmJtS3JmSFFfZ196d2FuTUM0djdGQmkxZUlhU01vM3dlMXdQLW1uX1ZuOVRo0gHuAUFVX3lxTE0xTlFNT0pScHRIODJUVjk5bGpLd08yOUhUbkVIQVl6aE1ac0JKVm9HclU5NDd0akJTWi1zSnFhdUs4NVQyRG1nWV9kWERRVUdhR01jSUZtU2xkcE8tSTgyOHNSMlVMaVNaYUQzWHR4bkdIN21BRmI5QUdqb3RrWXJLRFV6SnJNYTFzaEVWT1Y1d1VHU204VHJHSW9pSGlLZk9qRXFGRDgwcnRRYjl6ZHpvOXh4LXBmZkhFbE1rdnNSSEdzWDMwSWc2Z3dXRTcyX0RGWTVtU1JfNkNiWFh1dDhFSUZaR3BwWGRqLWdJcFE,UPSC Aspirants,"Top Daily Current Affairs For UPSC (February 2): Gold Prices Fall, Heated Debates in Parliament, More",2026-02-02 13:17:04,2026-02-02,Times Now,top daily current affairs for upsc february gold prices fall heated debates in parliament more,0.2023,0.114,0.886,0.0,0.2023,Positive
CBMivAFBVV95cUxPX25WdHYyTEhETkpiMlVDSDVjTFRSeGlVdE1DaURxd3o3QlB4OERiTk5idlNQUFVmRVJPS21pRVN2U0NVM3Q2ZXVDSTF3elVuSEFSUExpZ1JwMUNZR0VYclpXY0NBSGxoQWlQbXFvR21ESW5POWtCZl9kS3BWclhqZWxXOFFCVzFPWUFJaXpWZGdBYUNyUzhCSFdrMkV2NGwxSjNSZXRVOUQxbkI4TDE2cS13RXM2aUR4Y2F3UNIBvAFBVV95cUxPX25WdHYyTEhETkpiMlVDSDVjTFRSeGlVdE1DaURxd3o3QlB4OERiTk5idlNQUFVmRVJPS21pRVN2U0NVM3Q2ZXVDSTF3elVuSEFSUExpZ1JwMUNZR0VYclpXY0NBSGxoQWlQbXFvR21ESW5POWtCZl9kS3BWclhqZWxXOFFCVzFPWUFJaXpWZGdBYUNyUzhCSFdrMkV2NGwxSjNSZXRVOUQxbkI4TDE2cS13RXM2aUR4Y2F3UA,UPSC Aspirants,"In a turbulent world, India and Europe provide an anchor",2026-02-03 02:43:22,2026-02-02,The Indian Express,in a turbulent world india and europe provide an anchor,0.0,0.0,1.0,0.0,0.0,Neutral
CBMi4AFBVV95cUxQUW1nWDBKSHZ4N0FEeFEyU3RQNjhuMktDV3JWb1pDdVJ0NnU0Y3dfQmpsRWl6NVFna3dkR2ZQRnZrMnVwOUJvRlBOT3MzaFc0M1RyOWdJZTVwYlAydU5jRUNRcUxaeXp1NmJEQ0pwQUtSclN6elgzYm1FRHpCV1lJXzFkcG1TUlh3blVGZkNOZUd6TVNsSTRTeF9aa2ZCX1JlQ0dSRnRsZlRhRU5sTzZGeW11WTdVaENVMmMyXzNiaFNMMzNrbFBFUlptdnFmRGMwWVpQZjE4QnFWZlN2NG5TdtIB5wFBVV95cUxQa2JtdU9iZkxJMm5MVlU5SzFSV0FsZUt6b0lFMmduclI3WFhfUmZIXzdDUVRWaW5reEFUd0lkbGRuQWUtTV9WS2JnMVoyUzRRTlMtcExxZlBVQXBRM2wzNzJTdFdnWDhIcjByQWg1RjBnSGN3MXJNNVRBWWlUSEMwVVVTU3ZJNkdoRDF5Nk9LajJ2TjVEWTFvU0xFNElEZkQzSlJaZ0NxaUlsc1k1blBUdUlRcGxyMXVWbzJWbFpXb3lRaHV1TDlBdGNpRGZUODlRUmJQTzlEYzViT3V4LXpIVEpiZ3p5RE0,UPSC Aspirants,"UPSC Essentials | Daily subject-wise quiz : History and Culture MCQs on Mahatma Gandhi, N-E India’s colonial past, historical site, and more (Week 143)",2026-02-02 10:31:00,2026-02-02,The Indian Express,upsc essentials daily subjectwise quiz history and culture mcqs on mahatma gandhi ne indias colonial past historical site and more week,0.0,0.0,1.0,0.0,0.0,Neutral
CBMi9wFBVV95cUxOOHNXbnRwTk1CUHYxa0VYRXRPNEJGbm9DZWJvTVFHeC1aaElROFB3cnVILVVxYm1JYkl4U05xNjZsRDVyeHpZVzRUUndST09oWmp3blNKeHRtRGxvOVVrYWV2RENnSms2ek50S2RfUi1HNEYtdEVKaDNfQV9xY2dkSUVUTUV0RmhVdzJEeUxMUU5ZYVFLOUR6bXo1VTJXVXJxdmVwb2puVmVEdVdsNXlMTTExQkFuTUhCTnduWktfUUZVWkVFMVpORVY5ZGcwZG1Cc1RobldBQV95RDFRTlBMQ1VpUlEtREtLZUpnNkhyOXNweTJqNWpr0gH3AUFVX3lxTE44c1dudHBOTUJQdjFrRVhFdE80QkZub0NlYm9NUUd4LVpoSVE4UHdydUgtVXFibUliSXhTTnE2NmxENXJ4ellXNFRSd1JPT2haanduU0p4dG1EbG85VWthZXZEQ2dKazZ6TnRLZF9SLUc0Ri10RUpoM19BX3FjZ2RJRVRNRXRGaFV3MkR5TExRTllhUUs5RHptejVVMldVcnF2ZXBvam5WZUR1V2w1eUxNMTFCQW5NSEJOd25aS19RRlVaRUUxWk5FVjlkZzBkbUJzVGhuV0FBX3lEMVFOUExDVWlSUS1ES0tlSmc2SHI5c3B5Mmo1ams,UPSC Aspirants,What Gen Naravane’s memoir says about 2020 Ladakh face-off with China: ‘I had been handed a hot potato’,2026-02-02 14:45:42,2026-02-02,The Indian Express,what gen naravanes memoir says about ladakh faceoff with china i had been handed a hot potato,0.0,0.0,1.0,0.0,0.0,Neutral
CBMi-AFBVV95cUxNamdobU1mWl82bzRTc2hlRmdHd29pYkFmRWtCLWFxNlZpbHpEazFYLVdvUWU1Xy05QXZyWGVfOXhqOVB6TFdiYWZiQ0QtTkhjcnpQeWpNaHJ4UzlqT2pNZE0zWEVrcmhFM3dwYWxmTzdIVkNXbkFQaFdPekJMZVV6bjlMRnBZTzUwcjJuMzA2dTVxaEtCbm5EU0t6SFNyYk9iYVcxSmlUNWhyTUJtSVJBNE1ybkM4cWZFSWtLa2NhajRTcnN6eUwzR2xPRHBNMXUxUl9yN0NkY0lzcXZiVy1ZS182SGxrNUsxQjlpYVE3NWVfYmJ2d3k3a9IB-AFBVV95cUxNamdobU1mWl82bzRTc2hlRmdHd29pYkFmRWtCLWFxNlZpbHpEazFYLVdvUWU1Xy05QXZyWGVfOXhqOVB6TFdiYWZiQ0QtTkhjcnpQeWpNaHJ4UzlqT2pNZE0zWEVrcmhFM3dwYWxmTzdIVkNXbkFQaFdPekJMZVV6bjlMRnBZTzUwcjJuMzA2dTVxaEtCbm5EU0t6SFNyYk9iYVcxSmlUNWhyTUJtSVJBNE1ybkM4cWZFSWtLa2NhajRTcnN6eUwzR2xPRHBNMXUxUl9yN0NkY0lzcXZiVy1ZS182SGxrNUsxQjlpYVE3NWVfYmJ2d3k3aw,UPSC Aspirants,Ignite IAS Hyderabad Celebrates 77th Republic Day with Emphasis on Constitutional Values and Nation Building,2026-02-02 12:32:00,2026-02-02,ANI News,ignite ias hyderabad celebrates th republic day with emphasis on constitutional values and nation building,0.7506,0.33,0.67,0.0,0.7506,Positive
CBMi1gFBVV95cUxQOWdkNUg0MjRkcFBjb0hGV3JpMDVjektDakVkOTRkT1BncEdWcHRlanpUemNYb0FvRnE0NXNqMVZOeGJHZFRVX053OW1WNGZXMFNUT0xXeHVBazBDU05EU2Y0eVFEVXRrb2JCdng3bFo1ZEVhbndhR3VBX0x0TjB4Zjh1V0g3cXZkU1FwMkNsWEd0YWZsWFJSbTI1YVBJWnN1N2o0WjMyYm9xTDZCSEN5Q2FyX3I5OUlUR3pSalRCZ3QxSlBuTFp0dHk0VTFiNlJKeFJlTnJn0gHWAUFVX3lxTFA5Z2Q1SDQyNGRwUGNvSEZXcmkwNWN6S0NqRWQ5NGRPUGdwR1ZwdGVqelR6Y1hvQW9GcTQ1c2oxVk54YkdkVFVfTnc5bVY0ZlcwU1RPTFd4dUFrMENTTkRTZjR5UURVdGtvYkJ2eDdsWjVkRWFud2FHdUFfTHROMHhmOHVXSDdxdmRTUXAyQ2xYR3RhZmxYUlJtMjVhUElac3U3ajRaMzJib3FMNkJIQ3lDYXJfcjk5SVRHelJqVEJndDFKUG5MWnR0eTRVMWI2Ukp4UmVOcmc,UPSC Aspirants,"UPSC Key: Union Budget 2026-27, National Population Register, and Tariff",2026-02-02 13:32:15,2026-02-02,The Indian Express,upsc key union budget national population register and tariff,0.0,0.0,1.0,0.0,0.0,Neutral
CBMi8wFBVV95cUxNaFBCOHIzQjRjeC1XS0YtUk1Hc3FPOWhBM1VFQ1J6UElORWdWcVpUNjVfSnVLbC1LV1M2eTNYbzk3bnpmcjBqV3hDbThsSGk1MU5LT0k1NHFrQnFlZUhNaDRrbDdRb2NhdE1RNklQdjBHQUVmeUx2RElBLVBrNi14Y1FNamFBVFJ0QUViQkhfOXJNNXlibUktWnJWVnNZQ2thNGRCdjFrZ1p1TUZVSnRyTW5hYlh0YmtSODBYZ1JtSWxPdWd2cnowUXlESjh5OC1yNUt0TktwUFRadDZOZlZGYnpRUTYxWjVxTnlSY1hwUnJlT0nSAfMBQVVfeXFMTWhQQjhyM0I0Y3gtV0tGLVJNR3NxTzloQTNVRUNSelBJTkVnVnFaVDY1X0p1S2wtS1dTNnkzWG85N256ZnIwald4Q204bEhpNTFOS09JNTRxa0JxZWVITWg0a2w3UW9jYXRNUTZJUHYwR0FFZnlMdkRJQS1QazYteGNRTWphQVRSdEFFYkJIXzlyTTV5Ym1JLVpyVlZzWUNrYTRkQnYxa2dadU1GVUp0ck1uYWJYdGJrUjgwWGdSbUlsT3VndnJ6MFF5REo4eTgtcjVLdE5LcFBUWnQ2TmZWRmJ6UVE2MVo1cU55UmNYcFJyZU9J,UPSC Aspirants,Maharashtra minister Pankaja Munde’s chopper develops snag in Maharashtra’s Chhatrapati Sambhaji Nagar,2026-02-03 07:53:38,2026-02-02,The Indian Express,maharashtra minister pankaja mundes chopper develops snag in maharashtras chhatrapati sambhaji nagar,0.0,0.0,1.0,0.0,0.0,Neutral
CBMiygFBVV95cUxOZkRYRGo5NTJUNTJZLWxpbGtQSDVhTHZjNmhqV1NVX3hzSkRkQU0yX0VxQXZrNXl0UUREdy1xcmxmQXBzbDIxckEydXZFb284Y281VlE5Z1REeG5iUHZleWZ4UXlqRzlvbWlvZUtVZ0tib1RzV1JHVjRodS10bGFmaXRaWlZMam0zdXZPRlQwamhaRl9VMjZDWnZPU0NXOXRFZ0s2Mm1YaXJjVXFoMjdoSWNtQ3BDcXFZbi1aYzNnR19yZ0tydFBiaC130gHKAUFVX3lxTE5mRFhEajk1MlQ1MlktbGlsa1BINWFMdmM2aGpXU1VfeHNKRGRBTTJfRXFBdms1eXRRRER3LXFybGZBcHNsMjFyQTJ1dkVvbzhjbzVWUTlnVER4bmJQdmV5ZnhReWpHOW9taW9lS1VnS2JvVHNXUkdWNGh1LXRsYWZpdFpaVkxqbTN1dk9GVDBqaFpGX1UyNkNadk9TQ1c5dEVnSzYybVhpcmNVcWgyN2hJY21DcENxcVluLVpjM2dHX3JnS3J0UGJoLXc,UPSC Aspirants,TGPSC Recruitment 2026: OTR update deadline extended till Feb 25,2026-02-03 04:42:50,2026-02-02,The Indian Express,tgpsc recruitment otr update deadline extended till feb,0.0,0.0,1.0,0.0,0.0,Neutral
CBMixAFBVV95cUxPR1Q5aFZ1N0pjNjI5Z3dRVmprbVRNTEpjT3FUZG5tY2QxTXN0Tnlma2xfMUVKM2gzR2lkNGdmQ0JneWVMaVZ0SFh0OGN0ekd2U3V1ODdwTUV4a19nT1RmRjhtbm9hTFhqUlBjcG8tVDUyeGUtMmJMQ3Y4SEN3UUd3Yi10WU5CS3ZaQ09LTUhqQzJHb195XzhablIweWRJeXUzcHlsLTktaDE4SW1vYjZlMGVNSE82cHJ1U0hwYUxWbnRVaGJM0gHEAUFVX3lxTE9HVDloVnU3SmM2Mjlnd1FWamttVE1MSmNPcVRkbm1jZDFNc3ROeWZrbF8xRUozaDNHaWQ0Z2ZDQmd5ZUxpVnRIWHQ4Y3R6R3ZTdXU4N3BNRXhrX2dPVGZGOG1ub2FMWGpSUGNwby1UNTJ4ZS0yYkxDdjhIQ3dRR3diLXRZTkJLdlpDT0tNSGpDMkdvX3lfOFpuUjB5ZEl5dTNweWwtOS1oMThJbW9iNmUwZU1ITzZwcnVTSHBhTFZudFVoYkw,UPSC Aspirants,Donald Trump seeks $1 billion from Harvard University in damages,2026-02-03 06:48:46,2026-02-02,The Indian Express,donald trump seeks billion from harvard university in damages,-0.4404,0.0,0.734,0.266,0.4404,Negative
CBMipgJBVV95cUxNRkNCa1l2a0JrUHJtWlFidW1BcFM3OFJYXzIwSWFxcldoRno4QkhKcGxVUm0xY0FwVW82dlFKS3R2ZU9WSVVFaUNidWxoT3RqbG5oY0phY0pkaG5Hd2FmWjJhTEk2N0h1dVJYU05KTHVsTTRxd3NNR3ZEREVROENmYVNEVXdpY21BSDlGX05RT25BLUVrRFhSWkt2VEVPX01na1l2TkM0cWhfa2F2Z1drWjN6b1hSTEdhVW4wUDNVcmhIYk1zMXREQ0hyRXZ3Y05Tb3pDMXp3cW92LTJKZVMxeHE0ZmtSSG5iOENXSThFZGNxMEgtQWJDT2gwclhiOEFGa1BMVTlQd1pPTW42NjFxZ2hLRTF5TVlQSWdvMmU0bTVzZzJWRVHSAaoCQVVfeXFMTkNHRXZUcmhQdnpjVFNuVEZWTm16dU5QN3FjeTBKYkRTYlF4MU9FVkpWb2hjTmVVVGdXWXJGZ0pDbUFFQU0wb0d5TVMzMC1JaTVsN0tzNzdNSHVsMnNsMFU2WVphdEJtLVl3eXAya0VRTmkzOUpXUk1lSWZaOEtXSFZ5RG1wRWdhRFRsbVNDZld5Y3VyYzRKYzc4YUctYi1rZUdLMDBVZUNmOEhic05iNFphWC10YlFGZFNpdXMxeExWMzhFbUR2N1VEWjlmbVZ6N3VFT2pYMVlqWmhGZ2JUOUhHNFU3SEEwRUNkS2IwZlpUTnkwR3RsMmtucjB5akI2SkJOWVZucDN1SmdIME5NYTM1OW81OXNJbGtFNWFTS3V0MkJ1ZkliV280Zw,UPSC Aspirants,"UPSC CSE Notification 2026: UPSC CSE prelims notification to be released SOON at upsc.gov.in, check latest update here",2026-02-02 09:14:58,2026-02-02,news24online.com,upsc cse notification upsc cse prelims notification to be released soon at upscgovin check latest update here,0.0,0.0,1.0,0.0,0.0,Neutral
CBMipgFBVV95cUxNcklTRkV0TkNoYzRWcDZpcVo3LTZDUG9ZOEZqWEZYVno0a3ZzQ2d4d09JVWFnb09HT0I2MEpvQ0ZqMGlzNElqNTlHWnZ6eFEwN0NvYTBOZzFoTkFfTl9ITHQ5TElYVWlKRTZYZTFsajFGTnhEbVZkN2NxcEtmUUVXQ0M5djhJWUJaZXlBaFVxOXFTZ2FTXzl6UGVfYzRmaGdQdmFmV3hR0gGrAUFVX3lxTE5tTEY1NnllZ0lyUVlRQURsMUVSMl9aWTgyQjVTVThvTGlyXzFPQVR3MFo4bUg4QjhzYlY2UGh2d3J4bV9EbE5mMzRMQUw5R1RwM2hkcTMyX3pUcU9mczBCc3pKcVVUY1BXMV9MSG05NlplbWV6RGExb2hZM2szbXdJajh1c3JaMjl4cGUyRGtWX29WT3dnR0ZuUlJGZmViVFp2cWNFdlFnTjNWbw,UPSC Aspirants,Wetland conservation rooted in traditional knowledge: Experts,2026-02-02 18:42:28,2026-02-02,MillenniumPost,wetland conservation rooted in traditional knowledge experts,0.0,0.0,1.0,0.0,0.0,Neutral
CBMingFBVV95cUxQWG1ZUTZiQWU2R3VNcTBIa1B6OXQ2Q09FS1JBd242QU8zY1ZoQmh1REFzRTM2VWg1ZkcxTHdLVXEwU1dzVzBYcWNZUkh4Rmc0QzR4NnIwUVJRQXZSVUE1TDhTakpUUlZ5aXBhRGZHd0xwTWZvUEVYOHgwOUhWbDRYUV9SNWVIbEF2UzNjSUNNVi1Qb3RmZmd0Zm9YZUhYQdIBngFBVV95cUxQWG1ZUTZiQWU2R3VNcTBIa1B6OXQ2Q09FS1JBd242QU8zY1ZoQmh1REFzRTM2VWg1ZkcxTHdLVXEwU1dzVzBYcWNZUkh4Rmc0QzR4NnIwUVJRQXZSVUE1TDhTakpUUlZ5aXBhRGZHd0xwTWZvUEVYOHgwOUhWbDRYUV9SNWVIbEF2UzNjSUNNVi1Qb3RmZmd0Zm9YZUhYQQ,UPSC Aspirants,"Trump speaks to PM Modi, says US Ambassador to India",2026-02-02 16:08:42,2026-02-02,The Indian Express,trump speaks to pm modi says us ambassador to india,0.0,0.0,1.0,0.0,0.0,Neutral
CBMilwFBVV95cUxQRVFLYk5CbzhuekYyeWdINEFRVnJId0pKYzFkSEZGUjU2OGdreDJiVTg3S0VlUF9NbTFIcjJkXzNvVVVjbHB0QTJsU2diZE5neWN6dGtRUGdUVGt1czVhRGxZSUs4QlVhOWpPZ0txTVpsWjY0R2VzVFFSVjl0X3EwQ2swRzktVkU1M183VTVBTXBtYktXWTE0,UPSC Aspirants,UPSC CSE 2026 Notification Postponed; Official Notice Soon,2026-02-02 09:35:29,2026-02-02,KollegeApply,upsc cse notification postponed official notice soon,-0.2023,0.0,0.769,0.231,0.2023,Negative
CBMimwJBVV95cUxQN1RVWUUxSkJ0aVlxQzBZR01ZTXZoMnd4U05wQU42Wmx2bjJrUk9kMDhKLVlFa3lFSDVnZ1VRRk00VXdYTXUzMklmMFplaEpKQ1puZmoySGZYNDh4aU1vTUlCQktoQ3BhUHYyT19CYUttZmMtSUNkN3pZSEdYU3RCbm1jb3h6T1BtdzRFZkctQWV4QkMyRHBGSnE4NF9FQTdpUmUtekNoMTFhT3Z5RHNPRkJLdWEyenA5UzNIekh0QlR6elpCYnRHd3RHUzhjSnpBY3ZEdERObG5FU05xeWRNOWFJVzMzRUFFWUhyOEZzTWFqNnNzajQ4TXhmTVJfWnB3UWFtekU5c01fNjJ5N1RhbFhsbC04WHZYeTA00gGbAkFVX3lxTFA3VFVZRTFKQnRpWXFDMFlHTVlNdmgyd3hTTnBBTjZabHZuMmtST2QwOEotWUVreUVINWdnVVFGTTRVd1hNdTMySWYwWmVoSkpDWm5majJIZlg0OHhpTW9NSUJCS2hDcGFQdjJPX0JhS21mYy1JQ2Q3ellIR1hTdEJubWNveHpPUG13NEVmRy1BZXhCQzJEcEZKcTg0X0VBN2lSZS16Q2gxMWFPdnlEc09GQkt1YTJ6cDlTM0h6SHRCVHp6WkJidEd3dEdTOGNKekFjdkR0RE5sbkVTTnF5ZE05YUlXMzNFQUVZSHI4RnNNYWo2c3NqNDhNeGZNUl9acHdRYW16RTlzTV82Mnk3VGFsWGxsLThYdlh5MDQ,UPSC Aspirants,UGC NET December 2025 Result Live Updates: NTA to announce NET-JRF scorecards by Feb 4 at ugcnet.nta.nic.in,2026-02-03 05:41:32,2026-02-02,The Indian Express,ugc net december result live updates nta to announce netjrf scorecards by feb at ugcnetntanicin,0.0,0.0,1.0,0.0,0.0,Neutral
CBMi4gFBVV95cUxOS2t2cFROM0JkMXRpcXRfNHl5NzdaWnE2dmx5Z0V2U0xsMHZRNjlTek1sRDQxU2t2UlpJRzVfczFIUXpYVE8yeWFZcHluWlYwUnh5UDJ5NkJwVTBXcXBWTm1BaHFDRF9qSUdGak1OYUswcVlpMy1JTDR2RGpkXzdOd0NUY1BOLWJBcnYwTXdFR19JeFZzVEo1UExHRnlFZnJIUVUwODMxZjZaN1dwUDRTM1ZYRUdORUVJYjVZWmVONi1jd2ljTmtZMF95bGZhTC1NQmRDS0N0bktOQnVfN0s3elN30gHiAUFVX3lxTE5La3ZwVE4zQmQxdGlxdF80eXk3N1pacTZ2bHlnRXZTTGwwdlE2OVN6TWxENDFTa3ZSWklHNV9zMUhRelhUTzJ5YVlweW5aVjBSeHlQMnk2QnBVMFdxcFZObUFocUNEX2pJR0ZqTU5hSzBxWWkzLUlMNHZEamRfN053Q1RjUE4tYkFydjBNd0VHX0l4VnNUSjVQTEdGeUVmckhRVTA4MzFmNlo3V3BQNFMzVlhFR05FRUliNVlaZU42LWN3aWNOa1kwX3lsZmFMLU1CZENLQ3RuS05CdV83Szd6U3c,UPSC Aspirants,"COMEDK UGET 2026: Registration starts at 2 pm today at comedk.org— Eligibility, how to apply & more",2026-02-03 05:40:47,2026-02-02,The Indian Express,comedk uget registration starts at pm today at comedkorg eligibility how to apply more,0.0,0.0,1.0,0.0,0.0,Neutral
CBMiuwFBVV95cUxNdEV4TGJrV1cwUVd5VkliMWZKaHZmcWFEdXRWSDhCOWV5LWZZeEVyemdqbEtBN0FSVjd2a3NBSmU0ckVRLXJuOEJYRzVCd1lFZmxKOUJNa000TTVPU3NmQ0RUSnMxNGdSX3FUMjltSTJxb1Ezc0NiazAtZU5KRi1FaUJvRy0tVmo2OW9Id2ZsSmJKTkNQQ3EtNjc1aERnRktrdXE4SDEtS3AzX3FSTzFLS09HZjV2bGhaSGs00gG7AUFVX3lxTE10RXhMYmtXVzBRV3lWSWIxZkpodmZxYUR1dFZIOEI5ZXktZll4RXJ6Z2psS0E3QVJWN3Zrc0FKZTRyRVEtcm44QlhHNUJ3WUVmbEo5Qk1rTTRNNU9Tc2ZDRFRKczE0Z1JfcVQyOW1JMnFvUTNzQ2JrMC1lTkpGLUVpQm9HLS1WajY5b0h3ZmxKYkpOQ1BDcS02NzVoRGdGS2t1cThIMS1LcDNfcVJPMUtLT0dmNXZsaFpIazQ,UPSC Aspirants,UGC equity regulations and upper caste protests: Why the spectre of ‘fake cases’ is misleading,2026-02-02 10:40:07,2026-02-02,The Indian Express,ugc equity regulations and upper caste protests why the spectre of fake cases is misleading,-0.7717,0.0,0.609,0.391,0.7717,Negative
CBMihgJBVV95cUxORm1yR2xRc0x0a09JRTZXTzFXOFJWV2MyLVFuQ0FyZlpxVHloaHZoTEJfMEdrLVVLT0pyNlg4S2l5ZUlodlhzMU55WC1zVVVYN3pPTzR2R1FxQWhaZk1CajJNTlFwNVhhcEREblV0dGVUTG8zQzJMVTI2SFp1eHFmR1p0VkxreDZnQnYzZWhnLUVDMWVCc25xNzA2dFcwXy00T2FsTE8zNFhLX0ZXek0tVE1DZ0tfbVN4NkJodWpBVnRaanNFMklRTEw1Zjd5T1VYbk5iRWN4anhjMGR2NHp3RERVYVF4ZXJSRXM3U3U4ZmZxZ2I2Ri1NSHlBYzNVd3Y4Tl9RY3JB0gGGAkFVX3lxTE5GbXJHbFFzTHRrT0lFNldPMVc4UlZXYzItUW5DQXJmWnFUeWhodmhMQl8wR2stVUtPSnI2WDhLaXllSWh2WHMxTnlYLXNVVVg3ek9PNHZHUXFBaFpmTUJqMk1OUXA1WGFwRERuVXR0ZVRMbzNDMkxVMjZIWnV4cWZHWnRWTGt4NmdCdjNlaGctRUMxZUJzbnE3MDZ0VzBfLTRPYWxMTzM0WEtfRld6TS1UTUNnS19tU3g2Qmh1akFWdFpqc0UySVFMTDVmN3lPVVhuTmJFY3hqeGMwZHY0endERFVhUXhlclJFczdTdThmZnFnYjZGLU1IeUFjM1V3djhOX1FjckE,UPSC Aspirants,JEE Main Answer Key 2026 Date Live Updates: NTA to release provisional answer keys by Feb 4,2026-02-03 03:48:09,2026-02-02,The Indian Express,jee main answer key date live updates nta to release provisional answer keys by feb,0.0,0.0,1.0,0.0,0.0,Neutral
CBMivgFBVV95cUxNR3BCQi1FcDhUZXZiMEFDMkJ1Z0Q5VFhORk1zQ0txSy1rNUFjQ2RQUkpHQUJBZXZ2N0dmd1RfNl9BSU5jOHVKamk4WThUckJEZGMxZzlsNHNBT0htb2FiU09JWmpDY2tmdW40RXpqNmRtSE5MNVZ0U2Fmdk5jMGdBcHdOR3JGcHRhcFFEaWZoOWRBcFlNWmhOc1p1QWdZMDhrZ1FVSV9VZWV5SV9BV0dIYjR6dHgxYjMycmc2SXpn0gG-AUFVX3lxTE1HcEJCLUVwOFRldmIwQUMyQnVnRDlUWE5GTXNDS3FLLWs1QWNDZFBSSkdBQkFldnY3R2Z3VF82X0FJTmM4dUpqaThZOFRyQkRkYzFnOWw0c0FPSG1vYWJTT0laakNja2Z1bjRFemo2ZG1ITkw1VnRTYWZ2TmMwZ0Fwd05HckZwdGFwUURpZmg5ZEFwWU1aaE5zWnVBZ1kwOGtnUVVJX1VlZXlJX0FXR0hiNHp0eDFiMzJyZzZJemc,UPSC Aspirants,La Excellence IAS Academy Shines in APPSC Group-I 2026 Results,2026-02-03 05:06:25,2026-02-02,Devdiscourse,la excellence ias academy shines in appsc groupi results,0.6249,0.339,0.661,0.0,0.6249,Positive
CBMilwJBVV95cUxQM080d0ZlTnJhemtMM2Z4bjVnLWFIZ2g3b2RRcnpXcVJKQWdqdFBaWFgtaV9ZZ1UwSG9aS2pIdWxmQ2RkbFBkSE5CUE1jZmpneVRuNkhsV1JmSFBhUlNoX0NMQ1VDaHR2WlRueEZ1UUZCMUg4aTBMRERjclBYMnFqaXd6SnNSMkc4YURFYzd6OG5ySEc2SGdmeVYtYXNYU2x6MC1KNHFpWUxSQVFqZVNPd3ExS2pNMkEtWHZNSTRxOV9ScGItSEFXaXZ2emEtaWpmdGpwYWIxUEJaSkJWNHh2V0R4WXp0R19DUHM4a2VHMG5qWVkyRFlkdXNMWXZMQWYzQ3c1dVdSeFczbXkwUGw5TmFKdEVIWjjSAZcCQVVfeXFMUDNPNHdGZU5yYXprTDNmeG41Zy1hSGdoN29kUXJ6V3FSSkFnanRQWlhYLWlfWWdVMEhvWktqSHVsZkNkZGxQZEhOQlBNY2ZqZ3lUbjZIbFdSZkhQYVJTaF9DTENVQ2h0dlpUbnhGdVFGQjFIOGkwTEREY3JQWDJxaml3ekpzUjJHOGFERWM3ejhuckhHNkhnZnlWLWFzWFNsejAtSjRxaVlMUkFRamVTT3dxMUtqTTJBLVh2TUk0cTlfUnBiLUhBV2l2dnphLWlqZnRqcGFiMVBCWkpCVjR4dldEeFl6dEdfQ1BzOGtlRzBuallZMkRZZHVzTFl2TEFmM0N3NXVXUnhXM215MFBsOU5hSnRFSFo4,UPSC Aspirants,"Before you study abroad, read this: Weather, money — harsh realities from an insider",2026-02-02 13:45:00,2026-02-02,The Indian Express,before you study abroad read this weather money harsh realities from an insider,-0.4404,0.0,0.805,0.195,0.4404,Negative
CBMi9wFBVV95cUxQZklUbmh1bExraVJVNlRCMVF4U1l3RUpzd1ZCNlRZNEl5VG1iWlpPOUV0TFVEdy1xLVFYS1F6cjZXVXBrWHE3bTNBX1RreC1WUG5xWlhXNUR0WlpkX2RYeG9yX3RmdjJ4LTdSZ01Ybm9MWlhzTnZsNDloMmJjYnZmZV9qU2VuX2s0WV84cHdfS0NnZkRUc0JVUXZ3RzZBX0xGeUdIY1ltY0NITzVXZmhJOVgxRGxPNTZfU0hMal85aVlZSHVLODdPenprY2FXMmNaOWpKd1I3RE9OOG9lMDFLUHRNSENKN3dwWkw2VzNPRmFKVW5DWkRn0gH3AUFVX3lxTFBmSVRuaHVsTGtpUlU2VEIxUXhTWXdFSnN3VkI2VFk0SXlUbWJaWk85RXRMVUR3LXEtUVhLUXpyNldVcGtYcTdtM0FfVGt4LVZQbnFaWFc1RHRaWmRfZFh4b3JfdGZ2MngtN1JnTVhub0xaWHNOdmw0OWgyYmNidmZlX2pTZW5fazRZXzhwd19LQ2dmRFRzQlVRdndHNkFfTEZ5R0hjWW1jQ0hPNVdmaEk5WDFEbE81Nl9TSExqXzlpWVlIdUs4N096emtjYVcyY1o5akp3UjdET044b2UwMUtQdE1IQ0o3d3BaTDZXM09GYUpVbkNaRGc,UPSC Aspirants,"Bihar Board Intermediate Exam 2026 begins: 5.58 lakh candidates appear across 1,700 centres",2026-02-02 14:19:23,2026-02-02,The Indian Express,bihar board intermediate exam begins lakh candidates appear across centres,0.0,0.0,1.0,0.0,0.0,Neutral
CBMizAFBVV95cUxORl90clk4TW53WnFycHJTNHlscjZBLVN3LWt6Z0xHTzJXZnF2MF9qam1IaVRaQ3ZtdzMtb0lITE9ZUUZsMmtMRFR2UHVndS00Qno3eEFWNkRTZEhkX0pRRVd4MGh4Vkp0ZXJzdzRJa2wtUXBLdGhaWC1aaVpXNnBPQXBzNEd3WnhLT3k3dzVLZzROVkptWS05Q0pvNjB6YXBDSE03WFMybTBGbTd0Q3hkeWNhdGcwUV9VNnE4OVRRNnFFaHh3ZlF3eVd4TXLSAd8BQVVfeXFMTmtHUlVDeEhnRmhuYkNzczB6TjQ0SW03OWxBaC1QbXU0WTZpcU9Da0xKeVgzd3N2Y2pTMjMwRlUwU3VZQW9LZFNFeUpoc0xnbVVqV1lEVURpQlQ4ZHU4a2Noam5OcUFNX25xSmphSms5aTNXdlVlLU12d3dCS1c0eVU3SVA2UHNBUU9oTFZhemhWTjNxZGlpUFBKUmJJenl5SUt3bEdOUlczU2R4T0RnUkNPaThEeG9PR0FpSkNiVzdrUHp4Y3JPaGNSeV9pbmtsUVBraUpKZ3FZQy05VEU4UQ,CBSE Exams,"CBSE Admit Cards 2026 released: Class 10, 12 hall tickets now available – how to download",2026-02-03 05:03:00,2026-02-02,Gulf News,cbse admit cards released class hall tickets now available how to download,0.2023,0.141,0.859,0.0,0.2023,Positive
CBMimwFBVV95cUxOV2R2YjBfbUx4NklqYXJsNGljeGZEQ1pzcGw5QzhKNWJUZmd5MzlFc0xNN21TR2ZSSUt0SzkxZTBLbnBvTHdsTTlUOGdFUmZwTHNVanVsSUZYMU5fb05BU3BsMjNvVUJ4V3g1QXRNbDVVdS1yQ1ZYaXZNUUNSNGFVLUdEY3lRRGpPSFdWRmpqRlprTmJKVkZ4WGdxMA,CBSE Exams,"CBSE Releases Admit Card for Class 10, 12 Board Exams 2026 at cbse.gov.in",2026-02-03 07:52:31,2026-02-02,Physics Wallah,cbse releases admit card for class board exams at cbsegovin,0.2023,0.167,0.833,0.0,0.2023,Positive
CBMi1gFBVV95cUxON0F6QUZjZUJxQVd6bnVpTHcwX1ZjZXJ3TVBXcFUtYWsxQ1lDekZSTW5DZFA2dEllcFdyNE96RjRrRnlHWTNnb1J5bGgxdjZ3cU9MYVBrMGZHTnNYV3lzMlNVaElKWFF3Ul9zYjVrUTR1RWoxZmMtYW1UbGRQRmJJLXhTaWFZbXg2R0RTQUVxeFJLLXZCSFI4V1hJMWxLend0T3VVQVREMjRNalNNX29vM1ZHczZWdUxTZDNROEp3ZGRJbzFMeW5hT0lONGJlcnlCYk9ZX0hB0gHbAUFVX3lxTFBOUTMtdDV3U0Q5cmVNaVp1cXdaMnRSdVFuUUR3T3NrMmphdTZTVERvY1FzQURTSEpuWXdmSEl3M3RmVGI3bnFEdDNQMl9KWUdrYmIxbExkNGx0ODc5RHhrZVRfM1lJQl9rYnJyYjl6UFBrYUlzRHdhc0FlMHd0ZG1acEhaQkJ5RnZlTVJGcU0tTTUyR1hLWUtlakdSY0JfeTRUWGRfaXpQWVlRMFdmeWdRZ2RJeDYwZGxQMGdhbEl5dmFWcUJnWkFmamdlN0kzU19kdk5NR2VQOG1Udw,CBSE Exams,"CBSE Class 10, 12 admit cards released for board exams 2026 starting Feb 17",2026-02-03 04:42:59,2026-02-02,India Today,cbse class admit cards released for board exams starting feb,0.2023,0.167,0.833,0.0,0.2023,Positive
CBMixwFBVV95cUxNMlNrc1N2cFZ4ZnFSeFhybXh6Q2lDZFZzNmRtRjdCQ3A0eThuT1hrT2xtMFV0SnVIempOTnEtQkRqU0ZMQWFZUFZGNXJCc3NGa2VEV2cyODU1RlJzYTRRQ0ItbmFmOENJbDJGdmIwSFFGTng1cktKaTBqY0pOU0ticzMwVWt1RUhqN3FrRUpLOEZyTWxRR1h6YXhVR1RreWljRDRKTUFpZVZyZm1BRU5xQksxdkpKNmFDZnp5S3RoZVByak1nbzdB0gHMAUFVX3lxTE00NkVRejIyLU02My1sc2wwS1M4TEF3MG4za3FCMEc5a20wN3l2bDROVHpnSDNOa0dkVk5oV1I1MlY5UVNmanlPRTAxNmdkbW5oVGRzbTdxWDJWNU9BOGJjbmc0UFJ3SGRsZEd3a1RsTUEwXzVieDM4WFNldE9TbTNoVkQxcWNXNXkyWXN5TEpfZVViendmVG9fcC1YcENfbFQ0T29Ld1dSRkFUUjlIRVFJc3NnaXQ5RHZtTWJhM1ZyM1k2T0FOeE0wd01JQg,CBSE Exams,CBSE Admit Card 2026 (OUT) LIVE: Class 10 and 12 theory exam hall ticket at parikshasangam.cbse.gov.in,2026-02-03 07:53:06,2026-02-02,Careers360,cbse admit card out live class and theory exam hall ticket at parikshasangamcbsegovin,0.2023,0.13,0.87,0.0,0.2023,Positive
CBMizwFBVV95cUxPU3RMNm4xYl8wbWhnZVF0LVhlVGl5UDdjVlhWVFVtQTExRjQyV0lhTllzU0hoV1FSSEtnWTQzWDF6X0lIRGkzcm5LdGN6VDkzLTdkR2hwTV9EeXJkOW9USkJrWjE0bEUxVzVIeGVvaXVSQk4wRllVQ0JrMzI5NXZLRXdSU2loV0hJVUdwS25aYkxwVmFvQ1pTZ0luQV9IbVp6VGRnX1JYUFRPbmsyMTJYbzk1Slc2bXVUT1BLeUFuRVpZOUo5UmYwTHhQNUp5Yzg,CBSE Exams,CBSE 12th Admit Card 2026: Direct Link to Download CBSE Board Class 12 Hall Ticket PDF,2026-02-03 06:26:56,2026-02-02,Jagran Josh,cbse th admit card direct link to download cbse board class hall ticket pdf,0.2023,0.122,0.878,0.0,0.2023,Positive
CBMi9AFBVV95cUxONGd6V19YQ3laT3JDSGs3c1NZOXIxSXFSYjJ2S1RxWk4td3g2Q2FSM0NUWURLZURhdjdHQ0g4cjA2cUtUR2hBWnU3bGlCS3llbEtJSHo1Yjd1Mm1kdUdHdHdvSWVnMENSMm5xVFl5QXdjb3J1X1ZGb2VDWG9XXzRxODVkaHdIbXk2YU1rRUY0c2RvNUhiSEtzZTF6cGM2Ni1zaGMtZDFfa1F6U3F3TmF1bFJKUkZ1a2NTTDFjUGpPVnVPcllGMlpDRHRkc0xlWUJWdkMtemJHX01OVTJ4VnpwUjZReDNZd1ZCM0JVR0dsV3VaYUxh0gH6AUFVX3lxTE1CZi1CdWdVQldYSXNEOU4zbUNKZXBiQ3FEb3ItR3JSMTJoMEV6eTJKY2t3SU9PZHJkZ041M3p5VC1Db21uZ0UtTWJIY0ltUlRhQzZpa2VFa1ZOTXFQa0lSSXJzWFBvRFc0ZGZBSlVsc0pxMzFzdVduTFI1bGFlUnhteHc3MzRqLWFaMzFyX0oyeEJQTnotaVBWbi1kVjcxQWwtcnpVRjRYMGRpTU1DSDF3UUU4YWVMTXQyS3h1ejktOHNwWlZRYWI4NWRwT3hvNXlXRS1qMnZRNDFsN3BjeWpKdjNyUlc4TURDa0Y2NDE2ZEZZSHNzVVQwd2c,CBSE Exams,"CBSE admit card 2026 for classes 10, 12 out at cbse.gov.in Pariksha Sangam portal: Direct link here",2026-02-03 02:58:00,2026-02-02,Times of India,cbse admit card for classes out at cbsegovin pariksha sangam portal direct link here,0.2023,0.122,0.878,0.0,0.2023,Positive
CBMivAJBVV95cUxQdXlwdTM2SjNrNzNzMUJuTnZaSmpSRzhjUkd6NW5RckNFd1JVSWRRZ3F1WldKQXhWTmJyN3h4cEVxYzJTMTQ0OXJRbjlyczdIQjd0NU1GRjVIeDZ3UWtTUnJaS1lDd1R0NV9nNjFqUUpEQlBXTWdFOFNSOVNGYU9TblFXckk0aW1vTUgtOTUxaTYteGw2d2xtNjNtTGc2aGNubV9WQWJVLWNEUHZqSFByMWs2WXU0bXN6ZmwxQ0JHTDk5NFIyZnNtUHNUdVdVNlNiNWNtcTdpdmt5UU1YcUNnNi0ySXpoZDNISDJQRTlLNnF4RG8waDJPbEtPRFdLUVdmLXJsd0pZUWgyODNmYThvT0VsdnFsS2RhNGRTd09FWjAtZVhnbFZZeXQ1U0ZLV0pBVFNGNHc2dEJweGVY0gHCAkFVX3lxTE1fNUp6YzJndW92WFBDR2V3M2lvdU5mcFZ6cTNJM1JwY0ZkQ1JETmlKOWxjLURSOEZYUUNyeGNMXzQ4ZkpfdmZCd0J3M1VaQjdoVXNxZ2U0T2twekI2TndieGt5anBYekJyOWhDWkZKa2NRaHNYYXNxa0h0OVVnaWxpeUZSbVUyZWpHZ0lBYVBnUHlsaDljMU53dVIyNXg3Z2lfZWd3czdfQTdJME51VS01WXFFc0VnLWtMX2JnbFlPeElSUEtrR2MyRnhNTTdJLUJLQm8yTTdQUUdHZ2NsMzg4TVNKMm45SWNqcDJUVnduZEw5emVZYm5INHR0eF9JLTM2SzB0aTJZZklvalF5OVBWSGdTTFYzMUdDNkQ1bWpSTTNaYUM1dnhBLWVuNjdxY0YxZUExTUUxXzJkbmxIRnQ4T2c,CBSE Exams,CBSE admit card 2026 for classes 10 and 12 released: Check direct link to download hall tickets on Pariksh,2026-02-03 05:30:39,2026-02-02,The Economic Times,cbse admit card for classes and released check direct link to download hall tickets on pariksh,0.2023,0.107,0.893,0.0,0.2023,Positive
CBMiugFBVV95cUxNZEZNV2E2Z21KeXVVNlBaZVlEeVQyWlVCMWYybkQ0UHB4bVk2ekV3Uk5jUnl3M3dycW10N0pJNnFFTmFRMm9TanVXMG5JNU5ULVRkME8wdGxMYzZMcVdzLWozakt2b2NwT3NTemEyLS1mS2tQRjdrRkRXcWZERE1tQkZHNWRrN2thR3NQZXhzR0VpWURKUURONXdFbHRGb2EweUhoRWRiMDhkbmNQakNEeXZ3WW5LdGJmT2fSAcIBQVVfeXFMTzNkRWgzYXpzaWhkZ2c5NmIyUjIxYnY0VmZVZXllUFZ0LXVpd3F0eWJRckJWZDJSR2U3amdZbmdHYmd1R3FhRE5yb2oxcDJRYmpwalhieXNEWDRJcDRYT2FqWDBfcFQ5SmNPMmQxaVZ1bXVERUVNRkFQdHRvY21fdGhGd2dnbkV3eERPVXdHN3pwYmxodVVqVlB5a1RoT2paT1k1cVBIWng5b21walUxVm5LbnF5TmlVblF4RXc5MndRUmc,CBSE Exams,"CBSE Admit Card 2026 Out: Download Class 10, 12 Hall Tickets Via Pariksha Sangam",2026-02-03 04:01:21,2026-02-02,NDTV,cbse admit card out download class hall tickets via pariksha sangam,0.2023,0.153,0.847,0.0,0.2023,Positive
CBMirwFBVV95cUxNTnQwRUFBalI4VjJ1Ym5zazhKNnhfZ0c0Rlh0Y0UxZEdqeFdDTGhSY0NMYnE5bTdJbUxrejNCR2pKZWt0RVZOODc0NkwtR2syR05PMzJxaklkR0VfeE9YeTNnMVBsRnJTRGJyTGxtTUJjazJHdmhGZVNNNGhHZ2ZKSEQtQ0hyNzE1YmhUTkxZenAwSmdmbFJjSE1VbDUzd0hjYndRMWRNT3FNOGEwU25N0gG0AUFVX3lxTE5Db25oVlhhTTRwSnlyQ0oyQVVxX0s1MGdNMlpzR25KNXJkVndPaGxfZXhKUWtsMWhKSE15QVRRek9XTXpoM3U2cHhtamMxelpnN2lhS1VrYmxTZ3ktdVMwMTBIcjlkYTVGSUR1Tmw5ZHMyakoyTk5SWTNsMFNJZFItR2llbXZoa3cwdzdNZllHQnJHNUM4RG44d0RYY3luWEQxdGVJV0lKbFZfY0Q0RWlZWHNSVg,CBSE Exams,"CBSE Class 10, 12 Admit Card 2026 Released At cbse.gov.in: How to Download Hall Tickets, Steps & Exam Day Guidelines",2026-02-03 07:20:48,2026-02-02,Republic World,cbse class admit card released at cbsegovin how to download hall tickets steps exam day guidelines,0.2023,0.107,0.893,0.0,0.2023,Positive
CBMirAFBVV95cUxNOXdhb252dGhRVlNhZnNEMDJYZGdmcGhFWTNmQ3ptWEg5emZsdVkzY0lrV0ZJbTZ1empZSTg5cVBLTDR0OFFETGpZZEJkLVV4VXpIaTNZVVRFTGdxWFVpUTI2TE9pVDFsSlJyRnc3UTBUZHVTVlN1TjFiZVJHbnExbnpLaUh2R3FtVTBrcjFGZWdGUERFa2VYYXVQVkQ2WVVJdWs3OENKMnBCRXFt,CBSE Exams,CBSE 12th Class Hall Ticket Released: Download Now,2026-02-03 05:24:40,2026-02-02,Sakshi Education,cbse th class hall ticket released download now,0.0,0.0,1.0,0.0,0.0,Neutral
CBMi9wFBVV95cUxNdmV2NFUtTjgwM1o4TjhuZHY4bWlMNFR5MV80TWlRaGNQYXRJRGwyaWwwb1JXMXNNYmRoRVZVYlZjRnM1ekNHenNlTWduaVRJSUxpRkdpRGJKQ1plUllwTFE1eWpFWlo1Mk51cW5XSUtJLWc0TFpCNFhzTzhrUEU1eU1WbURxai01dVpkYVJkbnQyM1VoSnk3VjBCT2Rvdkl5T3NlT0RPVUpqU2EyUHB5NFo0aWw2WnBKM0VGSVd1N0JBUnRjY0FHdXlvdTA0S05wbGRQbENqZjBYSXpOeGVraV9pVUNIaWNZTmhtdmRuX3AwSEthcGRR,CBSE Exams,CBSE Admit Card 2026 OUT on Pariksha Sangram Portal; Check Steps to Download at New Portal,2026-02-03 07:08:09,2026-02-02,Shiksha.com,cbse admit card out on pariksha sangram portal check steps to download at new portal,0.2023,0.114,0.886,0.0,0.2023,Positive
CBMilAFBVV95cUxPUmt2QXhXdW5tZUZTVU0wcG9rVTdLSE1tRUVtUGphUnpWRF9zTVRBTzhXVFBZQnRYVi12S0w4eTdpSWtKYzJBeTZoNzhEUmFtWVE4YWl4UFZOUVo2Z1BJcC1yeUZMbHBKNUMxcFhZZnVjejFVNV9pdUdJNU1zQnV5S3VXTnc4bmZab04yZTFsR0lEV0Fa,CBSE Exams,"CBSE Class 10, 12 Admit Cards 2026 Live for Feb 17 Exams",2026-02-03 05:21:19,2026-02-02,KollegeApply,cbse class admit cards live for feb exams,0.2023,0.205,0.795,0.0,0.2023,Positive
CBMigAFBVV95cUxPTWNURkdpZFV3OVl5ek8wR2NsN2FCY3U0N3V3Wm5ReHRsZF8xb01odXQ2VWtWZFNMUlBwclJsQkE2enVMN283NF9adEZOVXBOMm9QblhydGdFekg2NVRJalQyS0Rrc0kzbENNbG5XcDBKV0VHcmFJN1ZUZ0xOT1JZaA,CBSE Exams,Who Can Download CBSE Admit Card 2026? Class 10 & 12 Download Process Explained,2026-02-03 07:52:30,2026-02-02,Physics Wallah,who can download cbse admit card class download process explained,0.2023,0.167,0.833,0.0,0.2023,Positive
CBMi5AFBVV95cUxQRlNLallnalVwNDJBVE9fSEpVaFYwNUV3YTRMNU1ZVVVDMDBhVWQ2Mk84TzZ6U01FQzg2c052bDM5TURGVDdDblF5VWxURmJiT1lUak9tLTg0X0t1TVZqT1JkNjdVU2hRN241TXNZb3RzVjRJblRrWHNYa1V3Zkl5UGloczlRQkdXVDRLZzRUbUNSWjJXVHR6RVh6ekNfWUxIZncySTJxa0xZS1hGTEdfdGhMTHkzcEFJclFMLUpJekNBZUFRZ2g3MEJSanpIeUg3Tk85bXpHMXBMUUdhZnlkcUM1cEg,CBSE Exams,"CBSE Admit Card 2026 Released: Check Class 10, 12 Exam Hall Ticket Direct Link, Dates & Guidelines for Students",2026-02-03 06:15:39,2026-02-02,Jagran Josh,cbse admit card released check class exam hall ticket direct link dates guidelines for students,0.2023,0.114,0.886,0.0,0.2023,Positive
CBMingFBVV95cUxNUXNrUXRxQjdGTGRuY09CR0N6cUhNMXFZRnQzSFJZUEJEWFV1M2JLSkVCVGg3cGdjS3BKaVkxWEt3NWRYZ1BnUERJMnlXY0Q0WTBhbGE2TFVtR1dZMG1nS3JFY0EtWWEwT3ZScWRWYlRCdEJwTTRGMXFHY3FwdGNJY2NaSVV0dC1paWQyRHk2YUZ1Rk9IWm0wYTRzM2Nrd9IBpgFBVV95cUxNOE84aHNBX21LVlNFWkl2QkI1dEhkbWNZeElxR1hEUEVtbDFDVm5mSHplVFJMem9CWVVNbWkyWmE2RnZ1ellaWVUzdVIxc0pOVGxvSlNNbXpKN0lDd3U1cEVZc3RDUGhZekUtS1RSVXNtell1VnUwb293aXNOQ25sOEwxdC1QSElVWjBKZ0hYZldxVWhhb3dmMlE4anVkX2o1c3hfcGx3,CBSE Exams,"CBSE Class 10, 12 Admit Cards Expected To Be Released Soon",2026-02-03 01:27:09,2026-02-02,NDTV,cbse class admit cards expected to be released soon,0.2023,0.184,0.816,0.0,0.2023,Positive
CBMirAFBVV95cUxNSkFzcWp0R0QzZWFJTkF5VnJGVkNka1dNVzcydTRzOEQ1Y2xfem1pTnJoajNiVWdGNE5ObFBIdmhfRUpwNmFCY1JXVTZCNWR3RGU0X0IwYnhTUkNpNGlIVU1hX3ZtLThrNVJvZWZJWWVBUDRHdGljcDhsZ1JzWHZ3UXV3MGJWUzZ1NE5kUFI5bjVfZE10ZUZHT0s5dHMyelllMkxHMFIzR1YwaHla,CBSE Exams,CBSE 10th Class Hall Ticket Released: Download Now,2026-02-03 05:58:14,2026-02-02,Sakshi Education,cbse th class hall ticket released download now,0.0,0.0,1.0,0.0,0.0,Neutral
CBMizwFBVV95cUxONXJXeWRBWU5OckdkdENfNWlKVnU5aDJRdWRzVkN5ZEtSVmhpMm5KX1FFbUt3VzVEeTYwaWxoT19wd0YxOHBQSTdGWWFJa0o1Y1hEQk9SX1d5YjF6QjU0U0JDYlZheXVfazhsd0NkakhQUl9aMk5kQ0xQZHhxOVFkS0lWdmtTamhqdVdFN2NQdm52Uk9oTEZTWXBQbHlZYjVvaWM2YXBsZU9JQTRqQ0VvbUZYeWJiLWtIQW5uS3FHdzFzVWplQzlOLS02anZfYjQ,CBSE Exams,CBSE 10th Admit Card 2026: Direct Link to Download CBSE Board Class 10 Hall Ticket PDF,2026-02-03 06:51:00,2026-02-02,Jagran Josh,cbse th admit card direct link to download cbse board class hall ticket pdf,0.2023,0.122,0.878,0.0,0.2023,Positive
CBMi2AFBVV95cUxQNElJeFh3dzdJQll5WnRSX00xMnlZRU9RV0pHZFJ0SWppbVVKcVFjeGF3WVV4ak1OV3BEYm5GdHVhOG5ZQXNQdGRtcFQ2MlJFY21QdkJ4NFNFOTJwenphLVJvWnFzZmN5eUg2LUt6NzVCWXk2akZzUFlWdVJsNFlieC1iWmRjUHRlOEZ5QXRpMXZuTHdETXJpLTRsTHJFRG5yejhkLWI0X1lsZm00MUdFbENvcExQWG5ZZkFOSXJqX0NMd0U2VlY5T0cyR3c5WUEwMHdZRUwzdXg,CBSE Exams,"Central Teacher Eligibility Test February 2026 on Feb 7, 8: CBSE releases schedule",2026-02-03 05:42:37,2026-02-02,India Today,central teacher eligibility test february on feb cbse releases schedule,0.0,0.0,1.0,0.0,0.0,Neutral
CBMi6AFBVV95cUxNdUxjZ0I1dVRfTjk0aFZMX29Rdm5QQW1ZMW9NTm5vUndKRnZ1RGJWQ2ZrY3FPZnVBcWt4NkxLWU9CcVlHcmtybXNCOGxBUEo4VUJoc3M5c1hUdlcxTEFnN3RQYlFTTzhhNVN3OFBNblJ5Vll6U1doeXA4Ym5abHV3Tk5kS0lSME51a2hSVHZjWmRuNWRjMXJ6b0RLQXpOQzA4UExZV00yWVowZlJzRGxScE9hSDh2YzB3UWlrYXFBZ1dlajMySGpxblBiV21UVHpNX0NoMTJSaVNSM0J0UjBvNVlnYTRmTElL,CBSE Exams,CBSE 10th Admit Card Out at Pariksha Sangam: Download Exam Hall Ticket at cbse.gov.in Direct link,2026-02-03 04:17:57,2026-02-02,Jagran Josh,cbse th admit card out at pariksha sangam download exam hall ticket at cbsegovin direct link,0.2023,0.107,0.893,0.0,0.2023,Positive
CBMiswFBVV95cUxPYWhGcjhvVHlrT09ILW5PMmpwalpUVVhhSnY2LXhURTlvMkYtc3g1SDVHc0l1QUROeVpKcXhsQ0NZU0ZWY2o2U0VMLXVWdEk4R0pjZlB5S2VOUm9ybE5FaUxNM0x0ckNaRkdKZUx5dHZWX0hOaFNvb0VsaE5OSHI0Nm51azd6Q3BYdGdiSnhPRlBYdjVScGhBVlNNVHJ6NFpkckVBMV9IVWx1VlFtRE5yenl3NA,CBSE Exams,"CBSE class 10, 12 board exam 2026 admit cards released; check here",2026-02-03 07:16:13,2026-02-02,MSN,cbse class board exam admit cards released check here,0.2023,0.184,0.816,0.0,0.2023,Positive
CBMiwwFBVV95cUxQV0dReDRFMzdiYWVDRTEtenlFTFczQVFqRUJiTFBrbi1JT0ZDN3JDeFJWVVVTMjR0NHR5WVU4R2FXUGpPU1FJdFpiendjMjBJMGVrUXJZd0tVNlVvb1JZMzFWeExDd1dMN1RZTnVoQ2N6dVVhRHpYc3R1VXZEVGxlUGZ2dzF1SGZad0tBcUxKNktGS3RNaEtKUll4Zm5GWGFHNkcyZm9XODVDeWE4TmF3STJuSzZiZ1BOXzg1RzhlRGlvbFnSAcoBQVVfeXFMUDRZZllDaDNrZ3VIbGRreE84ZWlRZHBsZTg0ZlZjc0FOWWNfdGlpaEY0SEJvSGNjdHFVWDh5aGNkdUQxN0hzSEc0N2dJQzY2b1dqM2NlNFB4NG5WdG9yaVVMNTUwTTdScm9hRHVYWUdOSm5iMnA0a1RhOHdhMzhvSHh0S1VSUkdTVE8xRjBmbmhqMXVFeWRYQzNCS2IyVEtMRHp3dXd6b1RjTWZ3YTRULTRPS1hUbU4wU0xFaFllelhNa1c3Tm1QNEpDQQ,CBSE Exams,"CBSE Class 10th, 12th Admit Cards: Board releases hall tickets at cbse.gov.in",2026-02-03 04:13:00,2026-02-02,The Indian Express,cbse class th th admit cards board releases hall tickets at cbsegovin,0.2023,0.141,0.859,0.0,0.2023,Positive
CBMi2gFBVV95cUxPcFhNajJkSngxVk5EOXN5Z1ZodjVWcnNfemxwZ3E0SWdZek8yUnY5WkZnQ1FQdjUwSUhnZGpiRHpyelZSOU5jSFFKZDdpOXpFaENEMU45OEs3VG85RmlRQmFncWxGUV9SMGZRRi14UGMwckxQUVVublVCaHZub1MzT1lsNHV2dVExT3pabWRpUm9fZTViS1pTZ2hiMFRqTWhRQ2pJR2tPcTdFX3MxcldrWXpIT0ZjeUNkVll1cDljUVFKeG5Jak5jU05RbXFXZDFYUDVvdlgxQ0dWUQ,CBSE Exams,CBSE Class 12 Admit Card 2026 OUT: Download Board Exam Hall Ticket at cbse.gov.in; Steps to download here,2026-02-03 04:50:36,2026-02-02,Jagran Josh,cbse class admit card out download board exam hall ticket at cbsegovin steps to download here,0.2023,0.107,0.893,0.0,0.2023,Positive
CBMi3AFBVV95cUxNOUFqN2JBeDdwa1lEaG9EOEhyUHFMUjdJTzNRelU3blkzTUV4a1dqMFFaMkZKWGRLaU1CQ2hFeWdUdEFKRHhqempJSW1wYW03RU1oZlJ1bTR1U3Z2OWZUZmU0RWJUX0dCdmVyNGpJZ2ttbXptaFBlUGVKcTV5bGRhdDhlNlIyZGxqT2c0QzVJVndDcy1iT0lySU5fZFlhVjBFVFRiOFZHUHJKN1ZfOEpWb1ptTTdKWkh4VmhqSWM0V3lzTkdGLTdwSS1sZEltdzRFaTJ3N0x1cFlKd21Y0gHiAUFVX3lxTE1BazNrNXNTd3dneDMzZ3R0MEM0SlNFTWxwdW14c21NVDdmay1pMzhNUlpad1lvY0MzRmo4S1Yyb0d5SS1BaXhaUkZtTFZmZjdCTDZmU2NWb2NqOFdWVGdPZjk3MjFJQ1B3VWNBR290WTBZVllDWmtDVjlQSnRBNkRBLW8zVFM2LWhPTmRFYkNGV2JwaHhTc0k1QnRvZnFRLUJuUW1xalRyeGpWRnh6RGgyMmxqMGZjQmljalZiUWU5N0s4X29fbEhwZWw1aGlDQ3hySU5xbVNoQlFFMFZtcERKcFE,CBSE Exams,"CBSE 10th, 12th admit card 2026 out at cbse.gov.in; steps to download",2026-02-03 03:31:39,2026-02-02,India TV News,cbse th th admit card out at cbsegovin steps to download,0.2023,0.153,0.847,0.0,0.2023,Positive
CBMi7wFBVV95cUxQbDNzUFdyVlRyMFV1WTRObXphX2ZaR2VrMExaMC0wd2ZCRmJoZUJ2UDJjbUFONjRJNlVMQnp2aDBhTW9Cb3hCVjZqYW96U2VKUnNkenNEWUpjbUp0YW1TZ0RxRGZzLUZJYXlidkJyZC10aC0wQTJYZEVjV0RjRFUtM05URDBzNFczeFpJTW5fUEJrdHZNU2NZbHlGQmc5amItb2FDM0UzdmFNZzBRRjhkV0p2LUtwU3JzYWFCRDdZZ3pya0diTXhaMElqa1d0bDRnQTlhdVZkcFI5TVUxWkJxQlh2ejdXMlJfdnUxSEE3UQ,CBSE Exams,"cbse.nic.in Admit Card 2026 OUT: Download Class 10th, 12th Board Exam Hall Ticket at parikshasangam.cbse.gov.in",2026-02-03 03:44:17,2026-02-02,Jagran Josh,cbsenicin admit card out download class th th board exam hall ticket at parikshasangamcbsegovin,0.2023,0.122,0.878,0.0,0.2023,Positive
CBMi2gFBVV95cUxPUGFXRE54SDBpVTNlNXZBeGh3c3ByZXdrQ1dwTldnX2RsdkQwaVYzbzQ0U2FXd3ZYOVI5dFpWSy12MlI5cE9KcUJvdUN0ZDcwMXRkYUZIclE1eGZzSnRSQ1MydTNERmxLcGxhQS1OOEhkcU1vNl9pLTB3STJmSmI5b0pQMnJyNkJjdThKSjNvZ2xCT0FPbWpNejVpazVLVk1mY1lWYjV4aUNsdUoyWGloVm5pUlBmcWxxdVRGT3lueWZLbURZYU9CWVRoQmhQVmhDVjU0NlMwcTJqZw,CBSE Exams,CBSE Class 10 and 12 admit card 2026 out at parikshasangam.cbse.gov.in; check direct link here,2026-02-03 03:12:43,2026-02-02,India Today,cbse class and admit card out at parikshasangamcbsegovin check direct link here,0.2023,0.141,0.859,0.0,0.2023,Positive
CBMi1AFBVV95cUxNTU1SaGJVczRSZXBMTEs4NWJObzBETC1ETXBnU1dSVEJFMjZ4Vk82b2pwSkZKMUVub2hpWHlpQnBXYUQyQnBBaG9fYmgzbGstNVR2SnY3OGFXZktuZEZERm9Ca1ZidTMzaGI2ZFpoU3ZWMGNISGN6dFVQRzlIWEZaVkN1blQ1MkE1Qm40QjhLZU9GemVMcEo1VG1ZUGdYdlBJek1xLU1YUUNyZGxlNW56dThCS2Y1MnZXZzc3bGMyakduV2JDZ3ZmYzN2cGtBaWFLZ0ZBNNIB1AFBVV95cUxNTU1SaGJVczRSZXBMTEs4NWJObzBETC1ETXBnU1dSVEJFMjZ4Vk82b2pwSkZKMUVub2hpWHlpQnBXYUQyQnBBaG9fYmgzbGstNVR2SnY3OGFXZktuZEZERm9Ca1ZidTMzaGI2ZFpoU3ZWMGNISGN6dFVQRzlIWEZaVkN1blQ1MkE1Qm40QjhLZU9GemVMcEo1VG1ZUGdYdlBJek1xLU1YUUNyZGxlNW56dThCS2Y1MnZXZzc3bGMyakduV2JDZ3ZmYzN2cGtBaWFLZ0ZBNA,CBSE Exams,"CBSE Admit Card 2026 OUT for Class 10, 12 Board Exams",2026-02-03 03:45:14,2026-02-02,Telegraph India,cbse admit card out for class board exams,0.2023,0.205,0.795,0.0,0.2023,Positive
CBMiakFVX3lxTE9kZGhqU2gzSVRndjBYMDNORjdQSmM1aXJ0eUNJNmd2bWs3bUR0aVBFRDZWSjltcW9GS1Z1dG5TaEl4NGxSaDhySlBIZ1BaTm1qd01GRGFLaEZlVlhYcGp5VFd6M0tZdi1ZR3c,CBSE Exams,CTET 2026 Exam Schedule Out: CBSE Revises Paper 1 & Paper 2 Dates,2026-02-03 06:29:17,2026-02-02,Physics Wallah,ctet exam schedule out cbse revises paper paper dates,0.0,0.0,1.0,0.0,0.0,Neutral
CBMi4wFBVV95cUxORTZjXzZ3VUlmTjBZN0lGZk83OEU5WnlBRFV2eEZvNURRUlhrZ0gtTWlTMEt6N0lZSWVuZ0tPVDBZRU5ZMjNlMGNWVHFYWWl1UWNnRXg4alV4QmtIcFVIVm9HZzdKU1RxN0g0aU44M2hBeDliMXZPMzRIYnd2TTdGM3J6MVRka2ZQaFVBMDBqZ1NlTGRlWjEzZEVPTW9qc2Nka0R3emV2dEEtenZWTDdnWU5fb0RvdV9CLUZqcHpmdmVUcGQwUU1hT2lBTkR4UHYwMUN6aDF0ZF9PZThrNnBDc0N0TdIB6AFBVV95cUxOQm9leWRXRGxOdFNlTGZBSExPMmY3SnpIb2JiYUJndFpSeTZhTl9kZkdhTmhFZy1mMEl5VzlibWRvSmNzb18zRGxyS0I3QkFzVGctNTFDUlkwcm4zUy15bTJxSFZxNldnWFBKWXhhUi13N2JuVE5lMWRuTFFtM0ljdDk3UFpoY00yZjNtSVQxeF9vX25wZC1pNGQ2cmZGdXZVWG5OV0JMbE0ySUFMM2loUUhpME9BODZva2JobjlKVHVrVFBadG1KdDRYaHpUcUQ5MXV3UnRCTE1HMDR0OEJDZF9sYmozNE5S,CBSE Exams,"CBSE Class 10, 12 admit cards 2026 out on Pariksha Sangam portal; board exams from February 17",2026-02-03 02:04:53,2026-02-02,Careers360,cbse class admit cards out on pariksha sangam portal board exams from february,0.2023,0.13,0.87,0.0,0.2023,Positive
CBMi-gFBVV95cUxOMWhMQ0RhY3FTNUNHQURCWnlMdG9CNmxNRUNabVlVZk5QTDdZYWxkbFNIa1VnNDdMdGQyNDJzS0pSM2szcmNRTFRUanpINERNeTRUYWFvX1hGQ0hhQTI2TXo2Rk1tZXJ6RUxzeGlzS1J2OXo1YlNJdGZCRXBJQWd1QjQ1SDBoOGl3WExxaGZlR0l4eHhyOFJmdWdpRHdIdV9OcjR5SEY2M0NVNFpDbG1RVjNHVWFtZHcxRTRFaFNhUXRTdWpSQXpINFhoYzd1OUNIZkxlOUdsbEkzVHFHZVp4eU5WaDYydmZYb2dRYzhDR3ZGc2gzY3dxS0N30gH6AUFVX3lxTE4xaExDRGFjcVM1Q0dBREJaeUx0b0I2bE1FQ1ptWVVmTlBMN1lhbGRsU0hrVWc0N0x0ZDI0MnNLSlIzazNyY1FMVFRqekg0RE15NFRhYW9fWEZDSGFBMjZNejZGTW1lcnpFTHN4aXNLUnY5ejViU0l0ZkJFcElBZ3VCNDVIMGg4aXdYTHFoZmVHSXh4eHI4UmZ1Z2lEd0h1X05yNHlIRjYzQ1U0WkNsbVFWM0dVYW1kdzFFNEVoU2FRdFN1alJBekg0WGhjN3U5Q0hmTGU5R2xsSTNUcUdlWnh5TlZoNjJ2ZlhvZ1FjOENHdkZzaDNjd3FLQ3c,CBSE Exams,"CBSE 10th, 12th Admit Card 2026 released @ parikshasangam.cbse.gov.in, here's how students can collect it",2026-02-03 05:13:52,2026-02-02,Moneycontrol,cbse th th admit card released parikshasangamcbsegovin heres how students can collect it,0.2023,0.13,0.87,0.0,0.2023,Positive
CBMizAFBVV95cUxQVlJSUVJ1aHZLZlZSbEpYQXZtZmNvUkZKMHNXdG53VlgwSWxTMlVUVDVSc3BjRFBOVERvelB4YTl5RWVlT1dmUzJWU21JZUp0ZnRMMlhLZTg2ZlZjQWZyVTd6MlJxVnBsN1Z1X2dlNVhhUm41bEJKYko1OTVQMjNjNnhDRWQ3X2xKSXQ4aFR0OE9oaHZTb0hTcXZveDZEbEVjbm10eW9nMGZHX0VJMmJXOGp5QmEtZElQWFlDcHZqTnpSTjMydG14bFJPVV_SAdIBQVVfeXFMTXdUYXpCMHpFZEM0d2pvWlJXYmwyRzdKNmxRbTRtR3BxS1ZuSDkxUTlKUFVJZndMbmcyTS1JMFB1VXdUUjMwR0podWd6eEFGZHJzTTBBa1JCdjdJSXZvNWI5Y1ozZFVfaXJ6ek9rV2dJSTdGR09vSS1CY081dHl6bG10cTlacVI3LWZlWHdSMmxxcE5JS081aUpzbWQ4SjlNNE1oM290MV9NaWNIS0h0OEFPYnBqc3RTRURMRUU3clUwQmN2eE12d184RkdGMzQ2TnRB,CBSE Exams,CTET 2026 to Be Held on Two Days After Date Revision by CBSE! Check Exam Schedule,2026-02-03 04:33:10,2026-02-02,Telegraph India,ctet to be held on two days after date revision by cbse check exam schedule,0.0,0.0,1.0,0.0,0.0,Neutral
CBMijgFBVV95cUxNYXJtRGZENmkwM05QajhpMWh1c0JhU0pXM29uU2lzc2I3TzB3VDRMendWNzkyQ2dIOXRHdEVhSnplZGhnMWxKQl9VTDlqUHUyX3YxbDk0OXJLRVYtMlUwaFhQaU9QWjgtQ2g3dmxiSHpfLXFaSzZtblc2N21lRWhjcDl0bDJQamFRMkxpYUhB,CBSE Exams,Board Exam: CBSE Releases Admit Cards For Class 10 & 12 Exams 2026,2026-02-03 07:00:20,2026-02-02,Argus English,board exam cbse releases admit cards for class exams,0.2023,0.184,0.816,0.0,0.2023,Positive
CBMi7gFBVV95cUxNYnRYZFBKNnpQaGgydHQxd0NLS2swV050NFpCQUFhbXlYUkZHV3RzRXpEQmpZMGJKSHRfSFp5V3M5NGtrMmx0ZFlHRTI3SVhDVU1NMGNsZms0MGJLcXFGNzhwdGYwUmRLR19UQkpTbTBheGEwSWp5X1JUaVBXc1p6dzFSUmZybXN0dzNuVmg1MXBfX2NVaVM1eFp5SndSeEZkdjc3WHc4TWp1UnBRS0dwSlRnSDBlX04xY190MXZnMERaZTNmTU1NZnJkTHJoZE5JcE5kd2pUVkNURUJFYjZwOFYyazUxMmJpUHZqeXJR0gHzAUFVX3lxTE5SOWpHRWtNbExtaVpTNlh2TmVVaFRfZkFQTEZHeWo2cElfVXJqWXE3dktqeWlVcGdVRWFrOTA2OFNYWmQwQU5YQVYydTNRMnVJZ0dMSEJPNmljRFlvTkNrUUJ3bG9KRmtoZVQ4eFNBYWhRaHdPN0lGa1JaUnl1cDJXWVJLMTJnOGZZb2Q2NHV6TmlHZGZuRkFQeWpIUTZFM0IxanRncUxOd2FFdUY2WGVoY3BqMXkyMTc4QTc1SXdVX0IzcWdJQXVRVlBGQXRnYmpzdzRlcTEtVTdyMGx4WWYybWJMYzZnS0VQRS1VSGtmZGhqbw,CBSE Exams,"CBSE Class 10th, 12th admit cards expected to be released soon: Check details here",2026-02-02 14:50:00,2026-02-02,Times of India,cbse class th th admit cards expected to be released soon check details here,0.2023,0.122,0.878,0.0,0.2023,Positive
CBMiwwFBVV95cUxOeno3eXB6azdCVlE1SURFZjlYWGxCUTFubEkwZUpONjhwanlLemVWWFBaV1FzU2xBX01EMW8xYWxPUC1oZEpKNGg5NWh4TGp5VmFNd2ZwYktCekpVS2k0TzYyUFM3cUpmOC1VYk1rM2ZEd2NxOWhiN3FzdzB3ZjlPM2pvb1g4N2h0R1Y4amNUZzZocVFtTk5zNXZXWDVrb1k5S1RBWUlsbV8zSDZQTVdiSFdOazRsQnV0R0NwOUw2NUZWOEXSAcgBQVVfeXFMUGZUc25rdi0zT0ZSRUtlMEZkTVBUM3VKRDBaU200cDJobUJ0OWh6cU41ckJwLXQzd3Nhd0N1MGpOZ0hQak9ad3hOZUJFMFFlMkhGekxMclZadFM4UldRRFlhdHg2YjIxSjZBc25TUkFpSzVULWItNGdXc09nSUNkZThhVXlOc0JZZjFzYnp1ZlEzeE5jdkJsOURlTEhWdE0zRGQ1ZDAwUi0yQm1ldW9LRUMzUVJSLW1GRzNqZFRLMm43T1BLOEF1bkE,CBSE Exams,"CBSE Admit Card 2026: Class 10, 12 Hall Tickets Out At cbse.gov.in, Exams From Feb 17",2026-02-03 04:36:40,2026-02-02,ABP Live English,cbse admit card class hall tickets out at cbsegovin exams from feb,0.2023,0.141,0.859,0.0,0.2023,Positive
CBMi9wFBVV95cUxOVTY4YWJMRnJpOE9oV0ZsZjJXdURPWDBnRk15QWRlSUpnV1pwTmFBbE9MVGRlYjEwZkVKb2NVUkNNLWw5TEpaTkhQR3ozNFM3SjVxZngyd1d6TDRuNGVYOVg1R2N4b3Y1WTRQdk5QckdyZ2NSLUd0TS15SXR4XzF5QnJ3LXAxWkdXc3pwSmZYYU1pQ0tCNF9KbHBpX0lxcWo5ZVN4SzJybXdhYmo3YTczOXJhQmxLX1huai1LbUhucHdkTF9TX0pWUnNCdm5MZEVNa2N2QVF6eTkxMDJnUlVEX3pZZEdBYTJMdjdIYjF6UWxmblFjNDBZ0gH8AUFVX3lxTE81aTlPdDdydFVES3dBTEZOSloteFo2WFlBekhvWUhULXdLZTRXaUlXTTJnZ25qVndWRFZQQ0tLRjg3OGdZb2gwRHVfN3lGMFRHTmJiTjNlSTMyMGtmaFc1Z1NBSjUyUm5RcWRqYjFWRkh4WjRPT0cyWU1OR21faE1ocXBCMDBTd1dRc1BHS0tIaXFFc2dFeF9zalB6MjNJTlRPWUZyWF9IYzlHQlVjWmNMcUtTR3JYZ01QTGN0RGh3VkdvN3k2ZkhpbDJiSXR3NUZWbk8zSlREZ2xtcGRiQnBwOTJ2dFF6WUhkMzdUbDdOdDBKUFA4RC1LM2k0Mg,CBSE Exams,"CBSE Admit Card 2026 LIVE Updates: CBSE 10th, 12th Hall Tickets Soon; Exams Begin February 17",2026-02-03 02:07:05,2026-02-02,Times Now,cbse admit card live updates cbse th th hall tickets soon exams begin february,0.2023,0.122,0.878,0.0,0.2023,Positive
CBMi4gFBVV95cUxQcktraExZWWJDR1RsaHpVeGdnMWpUM3FjNVRIWTF1dUZqTF85eVlxR3Y2NHFyODZWMld5TXppZU9ac0J4NFJWTHlBbXdYZThTUnV6am9Gbzd1RTYtTy1TbjhTYUREMHUzeTBnd0k5UUNYLTBSVzZRc2dtQlVkUVQzU0NkZGZTbE1idm5mYXgySjYyejRCa2lRX0VaS0hHNnROLVN2N3hFQ3l6TVFVM2x5QTFaSEpzS19RRlZaVkJBRGRHM1RlRmJsMi1GeFFpd2E0T2l0VUlhVmFsTnVpcXRLNXN30gHiAUFVX3lxTFByS2toTFlZYkNHVGxoelV4Z2cxalQzcWM1VEhZMXV1RmpMXzl5WXFHdjY0cXI4NlYyV3lNemllT1pzQng0UlZMeUFtd1hlOFNSdXpqb0ZvN3VFNi1PLVNuOFNhREQwdTN5MGd3STlRQ1gtMFJXNlFzZ21CVWRRVDNTQ2RkZlNsTWJ2bmZheDJKNjJ6NEJraVFfRVpLSEc2dE4tU3Y3eEVDeXpNUVUzbHlBMVpISnNLX1FGVlpWQkFEZEczVGVGYmwyLUZ4UWl3YTRPaXRVSWFWYWxOdWlxdEs1c3c,CBSE Exams,"CBSE 10th, 12th admit card 2026 released at cbse.gov.in; steps to download",2026-02-03 05:11:14,2026-02-02,Business Standard,cbse th th admit card released at cbsegovin steps to download,0.2023,0.153,0.847,0.0,0.2023,Positive
CBMi0AFBVV95cUxNanVDR1hTR1BfNFl1SURTRHFmekREQm9aYXBseHIzOFJYcTJGbW5KZzN1VmJmNUprd3JjMmxIZTRidE9LLUREa3Vidm56UFI3aEJXNDRvYW54blJXbVpUdWw4eDN1ZW9DSktjR09PZmJLbHRfWVZWSU9RTGZYRkQ0YUIyNGdlZ1p2a0ZMX3FWNk9Tem52eFB6YWlKXzBJS0NHaE1rYWpSeDNEdTJncXAxVUFGT0MtYmxldzBONjBnX2RjbVotaUUxMlVJUFEtNUt30gHXAUFVX3lxTFBWb2N5WmJNMnBwcHEwQ1JOMU5NRFczNHU5T0JZS2laR0JNRjBYUHNMblhiTUxKN1IyNE9qZ25EemJCMVZTc0ZMSHEwWmtmMjNXZjJrc19Ea3h5SFpxWHRCb05sVGNmU1p1SUhTOHRoMTZtREJMRnZ3enBScEVrY2U2eDNjVE0tRWF3RUVBSXRYMFNXU2Y0WmJ5VXBpS01fZVRQSUJyNDZOTkN0N2xhRzRoV1MxalJSQm5KdHg4QlIzRXdBWmljV20xMXlVaE5Kdm8wV2ROVS1J,CBSE Exams,CBSE Class 12th Admit Card OUT: Check important guidelines here for Class 12 Board exam,2026-02-03 04:08:03,2026-02-02,IE Education,cbse class th admit card out check important guidelines here for class board exam,0.3818,0.231,0.769,0.0,0.3818,Positive
CBMi9gFBVV95cUxOdUtDVjBidWJVc2lFS0J2OVFrZjAwMTMtaWlsUFI3emJYdlJ5TVJ3UGhVODIxcmpjUFIzN3Z0V2lua2RiazI0UlQwZXRucjg0d1l2dHZvMG4tRDdMaUlTQWQtcVcxOWdqaTYwcDV1akFaMGhGck5MNWtWY1V0WnRsa1NZMENyRWs5VTFKUzNUQ0hjMnJ5MldXQ3JUZFY2aThsOGtrR2h1RHVocUFteDVtMldYQ2szSTgyMjg3SHlLV2w2ZXgxTW5ZaHFPR3hfYV9EVGJIRVlqMTJDQ3p0dXF6bmczbzJ0aHV2MWF6dFpUUVVwMUNNRXfSAfYBQVVfeXFMTnVLQ1YwYnViVXNpRUtCdjlRa2YwMDEzLWlpbFBSN3piWHZSeU1Sd1BoVTgyMXJqY1BSMzd2dFdpbmtkYmsyNFJUMGV0bnI4NHdZdnR2bzBuLUQ3TGlJU0FkLXFXMTlnamk2MHA1dWpBWjBoRnJOTDVrVmNVdFp0bGtTWTBDckVrOVUxSlMzVENIYzJyeTJXV0NyVGRWNmk4bDhra0dodUR1aHFBbXg1bTJXWENrM0k4MjI4N0h5S1dsNmV4MU1uWWhxT0d4X2FfRFRiSEVZajEyQ0N6dHVxem5nM28ydGh1djFhenRaVFFVcDFDTUV3,CBSE Exams,"CBSE Board Exam Admit Card 2026 Live News: Where, how to check hall ticket link when released | Hindustan Times",2026-02-03 07:57:10,2026-02-02,Hindustan Times,cbse board exam admit card live news where how to check hall ticket link when released hindustan times,0.2023,0.096,0.904,0.0,0.2023,Positive
CBMimgFBVV95cUxOcVl5ZC1ackd2YmNEVF9NdGVwdmV1VXpydFZTZkdSQUlMbWtEeUsyZnJkQnNiZGpTRWFfUDN2ZVFlUEc2M2hpU29raUlBcnlrc1hJb2lEWHJLb25LYmVXX2NBVVpkZ18tRldvQTJtc0JreHpYOHF3ZjM5aXczakdLaW0xREZXNEtUUWhITjE5Zi1zd2pieFRwdTdR,CBSE Exams,"CBSE Revises CTET 2026 Exam Dates, Test Scheduled on Feb 7–8",2026-02-03 05:59:28,2026-02-02,KollegeApply,cbse revises ctet exam dates test scheduled on feb,0.0,0.0,1.0,0.0,0.0,Neutral
CBMiyAFBVV95cUxPdWNhWXpMQ0hZc29zWUZlZ3VoNnBXNklqQVluUlBub2lSUWtiZVJTSVRuT093aFg4WW0zM0QzV2ZhU2JmWjFfOTRHd2QwaDRwd3FCV3ZxdlZIeFhrTnlKM1J0NlRYU05mNkFQMTVqZzhXSGlNQmxUcy1PUEVQejZIYVlILVhWaFVobmYxQWZtd2JDLTU2eFFidWcxc0FmMlF5aFhXUEsxR3FmbjJqRzU5Vk41REZveENHYVMyQUZxT01tX0hlY2E0Tg,CBSE Exams,"Central Teacher Eligibility Test February 2026 on Feb 7, 8: CBSE releases schedule",2026-02-03 07:31:30,2026-02-02,MSN,central teacher eligibility test february on feb cbse releases schedule,0.0,0.0,1.0,0.0,0.0,Neutral
CBMi1wFBVV95cUxNbVJqd2ZIX2Y4TUtEOFVGR1ZYSWlmUTZ0emhCZU9uSGtXZDRRTHM5TGRYb1VDT0lKTmVEQVFUVmZHMU5VUVNud3Jyd2lRTGN5aTRCMzk2SHNpM2ctTk9yUWhhbGptM2FvT3hlZzYxSXl6d0tJVkZwZWVKSEl5V2dZbGg4MUdQdWxhNG16TnM1TGI0c1BqbWF5a3VucHRJa05OdkVVWmIteVY0NHZUVzIyVldfUWZkRVBUYlVib3pndHRfX3ktQlN0WFI1UU43RGZTT1pPM1F0TdIB3gFBVV95cUxOZHl6RlUyZFJJejRIUlVoQUxLS3B3cmduOUVFbUJqeFQxamZSMWZwUnAxUE1jLVlHM2VMT3I2Mm45NndaZkhoc2N4cmV1VXVBOTlFbkpvcnFnVFdnUmladHZGSnE2U1JrbXFxNjlvNE55dVh4VVZ4R29LQ2tTdVA3QTNOOGpXY3VfSHJzdWtlZ1cyem1lX1BPUUlZbnozUENLV3JMN3M2T3h2c0N1YmZfNHpkQk1wZFJ5X0dJOVBlcW9TalVfdHJYV1N2RTRYODRnMklRbWNRczJfQ2w3ZXc,CBSE Exams,CBSE Board 10th Admit Card 2026 Released: Check download link and exam day instructions here,2026-02-03 03:58:11,2026-02-02,IE Education,cbse board th admit card released check download link and exam day instructions here,0.2023,0.122,0.878,0.0,0.2023,Positive
CBMiuwFBVV95cUxObWs1a2haQjBoUzFRN1VNQXFhUEdWMnlTU0NZVXczWVhXRUhtdFRWVVA3ZnpSMm1WMmFPWDFSV0ltT1ZTUjJSc0JqVExrSV9rR1htTnJvalNSOHFLOUJuSGkwalE2eWktSFlhMlhoNHdvM2dyN3JUbGVvOHpCNHp2NWJCTHlDODYxOWdWcEdlQUY3NWVYQzFOU3FlYzdLTXdKNjNPTHJXTUIyQ1IwbTNWeW1zTEd4bnRmeWlV0gHAAUFVX3lxTE4zN1dvd2dfaF9Ncjh5M1Q5NkZ0YU5BVTBUbFc2U050VFJfWjRtUkNwczlsYlRiRmJTOHQxTUhVa0VVdTMtanF5RTVWdTlYcEhYSTVNeTYtbWdMT1dzeDFSQU0zRGJ1VkNVLWhWbUFDaVJvcVNSOHJWckV3bnZzajk1VUFFVzlIYlFuVVdDMmhObmRHQ1VEQkIyMVNWaDl2Mk1Nd1pxZE05MGZpZm9oUXFmVDZkYXRyTTlQYzJrUlRrZA,CBSE Exams,CBSE Admit Card 2026 LIVE Updates: Download Link Activated at parikshasangam.cbse.gov.in,2026-02-02 19:48:19,2026-02-02,Getmyuni,cbse admit card live updates download link activated at parikshasangamcbsegovin,0.2023,0.167,0.833,0.0,0.2023,Positive
CBMipAFBVV95cUxPNDctUXdWdTJCTFJENURXQkg0LVpiTVE4QTgzR1NhQmdHOThDcnYwYm94eXZhQ19JcDd6UkRkLXhMYkhkTEZJUUQwamV6VzlYUGdNWkp2QzJ3bWtab0JnNmU3eTl4MThkQ0dHNVZfa1NmRXVDbXdpVGkwX3Zaa09Jb0JiWkFfNm9tR01Tcks2bHRFY3NfbURIQWFTVlVwZEQ1eXhQbA,CBSE Exams,CBSE Class 10 English Question Paper 2026 PDF: Pattern & Download Info,2026-02-03 00:47:46,2026-02-02,KollegeApply,cbse class english question paper pdf pattern download info,0.0,0.0,1.0,0.0,0.0,Neutral
CBMitAFBVV95cUxOLS01anVYVHJRdkowTUI5TTM4akYtUEFFSkZXZnJONmhPNmRuSU1BZFI5cXVkSGxDR2g4dmt2Vjk5cE80STREdWExRnlIb0JkNEx2WDY4dnlhd1JmTFNtSUxiQTZJQ2RmWThyV3RFeElTWUJ5UG9DcVZYaWJhckJGSzFSMW9MdHRQVFk0NFgtWjJ1RXBBc3FUOVlDR0h3UURRbDVRQnRWLTVWVUVjcTNjNVAtdGc,CBSE Exams,"CBSE class X, XII admit cards released; check details",2026-02-03 03:39:07,2026-02-02,Education Times,cbse class x xii admit cards released check details,0.2023,0.205,0.795,0.0,0.2023,Positive
CBMi0AFBVV95cUxNdFlBOGliUDNFN3pVSnpLaVdRVFR5TUVlVjNPNkpxMWhJSDFNdm54VFhscEF4cnh4bXBLZWFsMzNOcjBNZ2dBYlN2MVI0WGRnNFMyT0d5Ul9ueVdqa0pCU0xqMUx5S25BalRBTU5US1hVQkE4d1FjbnJTUnNESHhkM2JQUmEtMXN1V3Q0YURUX09jYkhuSlVteW5fTU9KZlo2a2tsYUh1RVU1eTBmZVVaOHN3QVVBNkR5ek1La3Yza1pYTF9TQTRJdzl2aXB6by1f0gHXAUFVX3lxTFAzamNDanpReFgyNzdQV1JRTlpYRW9EMTZvdG5uUGtrN3AxZ05sT3FUTElNb1BNam1YamFFVHN1MTQ4bnlDVUpPTVBqOHo5Mnl2SmtJc2hrSV83UW54TEREbVluTElpbTBhWVg5Vm4zd1BfbVQ0OVJDN3BtWmxCRWJjeTJmUkhoYXJHMVlaMElldkNzYjlSV0hBTUpWbUVVR3VTSHFaN0YwLXZLcXV6THFpSVlPNE5TTGVRazhtU0RvSHhiZjlvN2Rreml4ZXRidnIxc0Jyc0hR,CBSE Exams,CBSE Board 10th Admit Card Released: Check download link and exam day instructions here,2026-02-03 03:58:11,2026-02-02,IE Education,cbse board th admit card released check download link and exam day instructions here,0.2023,0.122,0.878,0.0,0.2023,Positive
CBMizAFBVV95cUxPc2hfMGtNdGpzUGU2SVBOWmlSWGFDU2owbkVJSDV4NDkxMEJqYUVmTzZWTWdfOHRfR1V5dHhkRFp4SWJsOTRwdUpjLUs1d19NZHBsX25NQ0dObnY3c215M1l2Sk5CZlNqLUJKSUtSTmtqY0FoZmp2QVhjMDBYR2pqOUFXU2dfV3RqVlAwdThrYlRRMHpaUmp3ZU1sWWg5cUJDZ1pfaExxQ0tVc0psQ0UyT3ZlY291N2Jlb3BWQnZqSWQxRm9DVjFmRFdlOEo,CBSE Exams,CBSE Class 12 Admit Card 2026 Out; Download CBSE Board 12th Hall Ticket @cbse.nic.in,2026-02-02 14:40:41,2026-02-02,Shiksha.com,cbse class admit card out download cbse board th hall ticket nicin,0.2023,0.141,0.859,0.0,0.2023,Positive
CBMiqgFBVV95cUxPTXhnX3JCR1FxX3ZSWmFHUXJuajhjN1NTSk1Mal83My1XTEJEcnVPSG8tOERENlFyVWpTbzRyM1QxYVZlbzgtZHozU1Axd1ZNQ2o1Z29aenVzaUhzX0pSbVNFb1FvSmJHWUxTTXdneFNLS3RlN1NXY2xRam45SmU5cGR3VUtBYlk3bzhaak85NXczZnY1djVxWmFxclktZXRwZ0FmSlNBX0FOdw,CBSE Exams,CBSE Admit Card 2026 Released on Pariksha Sangam Portal for Class 10 & 12,2026-02-02 19:17:30,2026-02-02,KollegeApply,cbse admit card released on pariksha sangam portal for class,0.2023,0.167,0.833,0.0,0.2023,Positive
CBMi6gFBVV95cUxNN2ZFTUZaVTMyRDVycmNwcEVBVml0ek5pRTBPcVdHN0dfXzRhZWRId2kxcVFOdm51bVZnU3NFVE4zV1VRUDRKYUNpUzJ6NExDUVFDTG43dkZqdUJZSnlaQWJOYW5wOTU3YUF4aFZHdVFlU3c1SDh3cHBFREI5cE5DZm9qYXdfTC10alZ2bjJGLWVpSkxjb1dibVRldzY1UnozZXNVNzhsZmFsa3lmb29oX2hLdEdSSURNa2wyWGZ2TGE2TndEU21oRjRLVnMxMFRfOXc0QXhMcDZNOV9tNk1zUE94QVA0el9aY3fSAe8BQVVfeXFMTXd1MmZxN1RwUmFJYjRqa0VjdHNVdkt3NjRGRWtobHFjYWZhRlN4R0txU2lNM2tsTHRHNFhMWXVzckFuMkhVZDZHQ1dhZjhLeENEY3lZNG9IYWdZWmRkTnJqOW9lRGZ1QzU3R0lUOVBENlJJUjlDV09fTFhxdXltbkhfVUZBUUUtdkYyWHREb3d3NDBSeVY1TXBDRmE3NjAtbGV0WWRwUG5rT1BBalMxMTN4TTk0Y0VBYzZVLUlwTGNrSVJoMXBJOWllcDJySUdqSzJ3cW05cEU1WFlrU19EN0k1UUd4ZllacjZKVVdtb1U,CBSE Exams,"CBSE Class 10, 12 Admit Card 2026 Released on parikshasangam.cbse.gov.in; Direct Link",2026-02-03 02:39:10,2026-02-02,Times Now,cbse class admit card released on parikshasangamcbsegovin direct link,0.2023,0.184,0.816,0.0,0.2023,Positive
CBMilAFBVV95cUxNcWFNdEplWnAzVnFYZGZIN3F5cllyY3o2ZjlpeGY0ZC05LUtwclJZRlRvQWxXVHUzcU9fRnhUSWZaTEwyUS1CQUdqSzVqVkxTeGRwUXBIZUthZnFTS3NxWTR3MG9uUURRenJlaWJ3LTdlSXZMd3RuY2U5RFJtOGpMa29URWNiN1ZMenNwZHpQYm16VlM1,CBSE Exams,CBSE Board Exams 2026: Class 10 & 12 Theory Papers Begin From February 17,2026-02-02 10:28:24,2026-02-02,Physics Wallah,cbse board exams class theory papers begin from february,0.0,0.0,1.0,0.0,0.0,Neutral
CBMi0AFBVV95cUxPc0I1UmFDbHFKTEhjWWxndWhUaVJvbXRNU3ZyeFF0RWlMOF9XNkJjOG9zX3VTdkVUSVdkdDlPUUxadjlIdGlNSXdiTk12Z3NtaTNWT3M4cjh2cnZ5UDYwSldLWGowQzEtTGJlc3VxeVJ5em5iMnJkQ18yS0t1cEZaMW1saktnelVTRnQxQ2paZGhrSXg5WFpNSDBJamNBYkN5Z2xzWUZfNG5VZFBNeFlUYkk3N1RtMHMyXzg2N2FXSXJDVWZHa0FtWnI5SzVIdklZ0gHQAUFVX3lxTE9zQjVSYUNscUpMSGNZbGd1aFRpUm9tdE1TdnJ4UXRFaUw4X1c2QmM4b3NfdVN2RVRJV2R0OU9RTFp2OUh0aU1Jd2JOTXZnc21pM1ZPczhyOHZydnlQNjBKV0tYajBDMS1MYmVzdXF5Unl6bmIycmRDXzJLS3VwRloxbWxqS2d6VVNGdDFDalpkaGtJeDlYWk1IMElqY0FiQ3lnbHNZRl80blVkUE14WVRiSTc3VG0wczJfODY3YVdJckNVZkdrQW1acjlLNUh2SVk,CBSE Exams,"CBSE Class 10, 12 Admit Cards Out At parikshasangam.cbse.gov.in; How To Download",2026-02-03 04:38:56,2026-02-02,News18,cbse class admit cards out at parikshasangamcbsegovin how to download,0.2023,0.167,0.833,0.0,0.2023,Positive
CBMimgFBVV95cUxPOGVjeWpnV1BtVlVBSnNZdmhfNjdBRE5uRy1VRDVOT2ptRm93R2VKLWlFVWZDNVl3Nzg3aV9wTkpCb1NlbmdDWEowRGNRSmxUMkxHMVk1Q0pETktndl9fcEZrcDBhX2h5OGF3WGZHTkg3THlOMWdIdnNWSkxXNTc1QXJhcUg3Y2pnSGNGRVhraU1EVWJyZFZiZndB,CBSE Exams,Last 10 Days Study Plan for CBSE Class 10 Board Exams 2026,2026-02-02 13:13:02,2026-02-02,Jagran Josh,last days study plan for cbse class board exams,0.0,0.0,1.0,0.0,0.0,Neutral
CBMiwgFBVV95cUxNTmNuODZCWVZrOHhwQ3Ftcm91SjB6NkFUQnBoM2M3aGU5MlV2R2prd0s1N3N5NzBfbDR4YmpKc0pZZHd2eU1ONWFFSmxvenJ5MTNveVpGeVZQdzBRVHVNaC12bmxfYXJOWUt4QlJ1UUh2Z1lJOFVyY1BIZGxlUnZnTHhXQ3JyYTdPSzhCM1A3RktrVnBTZ3RkY0g3SjlxcHBqZXBFSnp4RmVEc0dHRkZkRTFTTG9NVXZ4RHNzeTZscXpBUQ,CBSE Exams,CBSE Class 10 English Question Paper 2026 Releases Soon; Check Details Here,2026-02-02 14:24:46,2026-02-02,Shiksha.com,cbse class english question paper releases soon check details here,0.0,0.0,1.0,0.0,0.0,Neutral
CBMiwAFBVV95cUxPNXYxbS1MeGRRQzREc2NKa2p2eTZpN2tFY3VTTUhvNjhYZjBrUGNKdzRDbUYtRVZzdmVNWEp2ZGo3c3V0VXlPMWZZN2liNHZMR0d2alpWNnVqSk5mdkhnXzRnaUNNWFFJS2xmTWp2UnNCV0FlNDJGd0tpZ2dVVGJ3ZmVScmNHVWhqeUVveVRFVDJkNGNDbzUzV2VxVEIwMWF2Um9hbXRPUVVKaFFVSUtsS1hlZU1Bb0EyazE5X0ozQlfSAcABQVVfeXFMTzV2MW0tTHhkUUM0RHNjSmtqdnk2aTdrRWN1U01IbzY4WGYwa1BjSnc0Q21GLUVWc3ZlTVhKdmRqN3N1dFV5TzFmWTdpYjR2TEdHdmpaVjZ1akpOZnZIZ180Z2lDTVhRSUtsZk1qdlJzQldBZTQyRndLaWdnVVRid2ZlUnJjR1VoanlFb3lURVQyZDRjQ281M1dlcVRCMDFhdlJvYW10T1FVSmhRVUlLbEtYZWVNQW9BMmsxOV9KM0JX,CBSE Exams,CBSE Class 12 admit card announced: Download hall ticket at cbse.gov.in,2026-02-03 07:02:53,2026-02-02,Zee News,cbse class admit card announced download hall ticket at cbsegovin,0.2023,0.167,0.833,0.0,0.2023,Positive
CBMirAFBVV95cUxQUTBZc3lXVzdwQmFNNTdGUXh1aEtmR2psMUdicGJnTnZwUkdDMDFWTjlGSEdreEZDMklMLVh2dFZlam1lVmZPNG80N2hMN3ZHWU0waldMM2NJVXNiYWFKUHZ3NGpTSmVrT1JkYXU1NkxmdEFET2lPS1NHWDktSGRiREsyeGk5ZDB5Rmw0Ym1GM19GTjVMcHBBM0lLQkxDVGtRQVVxQmhNQmJyaXB3,CBSE Exams,"CBSE Class 10 English Question Paper 2026 PDF Download: Check Important Topics, Weightages & Pattern",2026-02-02 14:13:03,2026-02-02,Shiksha.com,cbse class english question paper pdf download check important topics weightages pattern,0.2023,0.141,0.859,0.0,0.2023,Positive
CBMi9wFBVV95cUxNOEFrbVdwdF90azVzUlFaUGYzMW12a25rYm11MjlwZEhxbzYzYmFQSVAtMGxyNEdmaFU3Q3VPa3VwbW83RzBOdUxUdHRqT3dyRWMzUzY1YzFoc29ha0hXeTFfZ1JydUFOTVpnVVhKMEJ5X25uSnlaeC1DcmdUTG1ETXlVeTg0bDQtcDliZkZnSy1ueFBVaFVsSHVoc2lScDFnR2VwUU1YY2pYcFN6V0hpYkVuSXZUbXBqbU9FQ1dkWDFvZ2htOEMtQWVDV19UU2xCYnhCY1VPVjNCaVhhYVM1d0o0REt3ODlUNjdwdXBaQnZ0azV6cjJN0gH8AUFVX3lxTFAtZFNZNjZGRGRIQ19pcVBZOGhhZ0Jpa1Axb3I4OHp0U1Y2Qkc2STBfOVlVNk84aUc4dG11UXpNM2J3d1lRTlFkcVVwY3lCcFloYUhtZ213c2FtUmlyWl9HQ0tHMW5OUWNYTFpMNGwyUWRPSWRvSTBwREtvek53VjFMbUNRdzhFVDVBNlZUSk9aOERrb1hRYVp2TXByUUNhaEZoMl92NjI3cjVoMlhHeGlWYWRlQU1LRkNvYmtlMHZGRDJORk5MLUFVR09pdGpqS2pQaG1xc1BpcHFRemtzY3pMVjJpcnNpQjczQnpCR2dnWldYNm9Mck5fNXpFWg,CBSE Exams,CTET February 2026 exams to be held on February 7 and 8; CBSE releases complete schedule,2026-02-02 13:03:00,2026-02-02,Times of India,ctet february exams to be held on february and cbse releases complete schedule,0.0,0.0,1.0,0.0,0.0,Neutral
CBMi8AFBVV95cUxNWThMT0kyRGZLMWlqSzgzMnh0Ylloemt1el8tZmU2RjQ0SnZBXzVQOU9ydVRYRDNHLUdzcm8wRHUxaUdJeVpsRGNzUkpjdTFOYlBDTjdpaFV1LW4xYUoyaHh0azF5S2NfR09lN0pTdkFiUWE2cmRueFg3U1FpQnM2eHRTRlJnM2ZfMGUtcUR1bTA2OFpkblJlVThadlNhVlprTzQ5U0R4VW4yMXN0Z0owclBBLWswUk1GeTZuOTM4ZG9zMmZfeG5sS0dxQWVUUmhzbXk0MXBWSEJPRXNZV25yWnhIT1BOTkJDS0dnaFFCcDDSAfABQVVfeXFMTVk4TE9JMkRmSzFpaks4MzJ4dGJZaHprdXpfLWZlNkY0NEp2QV81UDlPcnVUWEQzRy1Hc3JvMER1MWlHSXlabERjc1JKY3UxTmJQQ043aWhVdS1uMWFKMmh4dGsxeUtjX0dPZTdKU3ZBYlFhNnJkbnhYN1NRaUJzNnh0U0ZSZzNmXzBlLXFEdW0wNjhaZG5SZVU4WnZTYVZaa080OVNEeFVuMjFzdGdKMHJQQS1rMFJNRnk2bjkzOGRvczJmX3hubEtHcUFlVFJoc215NDFwVkhCT0VzWVduclp4SE9QTk5CQ0tHZ2hRQnAw,CBSE Exams,"CBSE class 10, 12 admit cards OUT: Steps to check and download at parikshasangam.cbse.gov.in",2026-02-03 03:58:25,2026-02-02,The Financial Express,cbse class admit cards out steps to check and download at parikshasangamcbsegovin,0.2023,0.141,0.859,0.0,0.2023,Positive
CBMivAFBVV95cUxORjN1RURSZzU2N1BlY3Y5bW1GN1ZzVW1oMDZfRTFjZ2t0MW1pbGpYS0hUYm1qVW5zelhYZmctZ21MLWNqVVo2bXhLejFGQ1BnMFIyQVhzYW9HVldzMEpEMDVxRjE2V1RSWEM3SVlVOW9YNWQ1czlTWTl5MWJLY0VKVU5JNWJIS3Bpd2Q2VUxiU3dLdjZpdGJJSTR1UzBObFBmc0FUWFh3Sm1QM0RQUmZPQndVTTZnYUpLS3ZwU9IBvAFBVV95cUxORjN1RURSZzU2N1BlY3Y5bW1GN1ZzVW1oMDZfRTFjZ2t0MW1pbGpYS0hUYm1qVW5zelhYZmctZ21MLWNqVVo2bXhLejFGQ1BnMFIyQVhzYW9HVldzMEpEMDVxRjE2V1RSWEM3SVlVOW9YNWQ1czlTWTl5MWJLY0VKVU5JNWJIS3Bpd2Q2VUxiU3dLdjZpdGJJSTR1UzBObFBmc0FUWFh3Sm1QM0RQUmZPQndVTTZnYUpLS3ZwUw,CBSE Exams,CBSE To Hold CTET 2026 On Feb 7 And 8; Check Exam Day Guidelines,2026-02-03 04:08:26,2026-02-02,News18,cbse to hold ctet on feb and check exam day guidelines,0.0,0.0,1.0,0.0,0.0,Neutral
CBMiiwFBVV95cUxQM3FyX0tLMmwxSm9nMTE0MDJobE5vSUpJQ3NZYnVKeWdPSXk3TmFXaG9reEl5cDNxeFc1akpvcmtHcFc0RWM2TEFrUnY4Ti14WlI0SzJXV0I1ZG14dm41b0JzVThmaFo5Z0pscjhRV281bHRpazgySUlJbUpqbXg4SEQzUWxRVmNxeUpj,CBSE Exams,CBSE Class 10 & 12 Board Exams from Feb 17,2026-02-02 09:27:26,2026-02-02,UdaipurTimes.com,cbse class board exams from feb,0.0,0.0,1.0,0.0,0.0,Neutral
CBMimwFBVV95cUxPN3ZlXzg5bGRwOGJ6ajJ6VlFuUWVrNVlyRmgyVzBBQVNub193dHE2a2VTak1RUmlzQ2RWTWJkM29naDFINTV5OGdWdTl1dG5uTE56YS04a29Wd29ONWw2MF82NUtxS0R6SXpaUGNCXzRKaEQ4OE9DSWhhY1RFbndad0gtOV9aVkpuV0VJa25UR1FVeDNoQ0E3djY3Yw,CBSE Exams,"CBSE 10th Board Exam 2026 Live Updates: Exam Feb 17 to Mar 11, Date Sheet & Latest News",2026-02-02 12:32:00,2026-02-02,KollegeApply,cbse th board exam live updates exam feb to mar date sheet latest news,0.0,0.0,1.0,0.0,0.0,Neutral
CBMizgFBVV95cUxPQVhFRzF2RkdFblk3SGlLOU1qaDBTamRwblNPc1dGUHduTkUxZHQzUnBnUHdJY21ubDUzejdxR01BNU9RbjVTT09mLTZhTk1lSl9uTDMxQlp0WkV4MVFCQWgtMmJBcXJHWjZGUDEyNzdRTXFWM2Z2RTZQNlQ4VGRMU1dHYzFyTHNmb3U4OUw2am1ycFhuc19lV1NCRlR4UWlwNU1HbDZlYXN4TXl5Vll2alpkUjQ4NnhRUjhxMDljTVNzMGpqS0ZsdUk0MWhyZw,CBSE Exams,"EMRS Result 2025-26 (OUT) at emrs.tribal.gov.in, Download EMRS Hostel Warden, Teaching & Non-Teaching Posts Result PDF",2026-02-03 04:57:00,2026-02-02,Jagran Josh,emrs result out at emrstribalgovin download emrs hostel warden teaching nonteaching posts result pdf,0.0,0.0,1.0,0.0,0.0,Neutral
CBMingFBVV95cUxQOW40UzVHaXBsNGdyM1lLVEdIc0xrTnNfVENhbVJhSUh5aHRmQkU4azBuc3Q3LVd3ckplbTI2bkhQNTNfVktKd1E4V3AzdTdaVUwwc3E1UkZwR2pwNk12UlFTWWhQeHNrM1FGbERLSEZfeHVFalRHRDdQSkFuSXBjR09oWUQwcnhTUFhVSW9fTkFsbkVQcTZTVEMyTnNIdw,CBSE Exams,"CBSE 12th Board Exam 2026 Live Updates: Exams Begin Feb 17, End April 10, Date Sheet & Latest News",2026-02-02 12:00:00,2026-02-02,KollegeApply,cbse th board exam live updates exams begin feb end april date sheet latest news,0.0,0.0,1.0,0.0,0.0,Neutral
CBMi3wFBVV95cUxPNTFSblBXU2lrNTRucWhRdUtob0NFTzdYdXRsRm5aQmNJelZheS1aTzlXcll1cWRVUWo3Sk1HRkQ5Ul9aVE43TzJlZUphdldCdVpRMVJLX1BaN1UwcXoxdV9hSWxJNjhUUjVNYnRFR2dmcUlaNXJPWkQ5TUNRX3lQRjdaTEtCczBBMHdDREhYdWcxZWtMWWlaZUI3ZXA1Y2xleVJ6S3VnZWpPRXprYVgzWnNFb3lJRHpmM0VESnNjLUFPVkRFLXRrc1pDTUlyTEZsdzk3a0VGbkhXZjBkNFlF0gHkAUFVX3lxTE9DMVB1LXFqRnZXbVRzTllFMGRxR3dZNlBiYkFKTm9PTm9uZ2xWTlpXV1ZicFFzcnZwSTMzb0dpem5NcF9MSTVyMk1MSzBsbW5nbVhyUldCUFptM0lydEgxMFZnVDRKVlZjcHVOVFVQV1lWZ1dDN05PeVQ3amtESHl6d01aYXBUbmpRX2JTMVpkdzBnbWRKZkFabFJkb0VQWlM5ZTJ6aXJFTndzdWtobHJNYmtvckF0X1UwbXkxdVdvSmR4REtTcFFRX3VzM1Ntd050UnFnQ0VMeXNNck40Z2x2d2FCQg,CBSE Exams,"CTET 2026 on February 7, 8 in two shifts: CBSE",2026-02-02 15:45:01,2026-02-02,Careers360,ctet on february in two shifts cbse,0.0,0.0,1.0,0.0,0.0,Neutral
CBMi2gFBVV95cUxNUDMtMTJiR0FGeGR0dUI2eG5Pd1NCRUYwamwxUkZnWGp1elV0XzdGblo1a1JvQWlqal9aVURQenhNZlc2MEdobEJKRjBvaC1zOHlHNGtFbmFmTzRVTTlqN0prRFBPQWNxNGRING10dTJMZThKVHFJR0VYVkVIaWctYUE0MUwxTG04Q0RQaXVOdmp2MWdhc1ZZNFFSUmkxRkpGbzN3NVRRWTA0enB2eVMwQk9xdkR3ck42OU5zVnYyT2N6RGJVQlctdXEwbjVIbnIxdk1WancxQnBod9IB2gFBVV95cUxNUDMtMTJiR0FGeGR0dUI2eG5Pd1NCRUYwamwxUkZnWGp1elV0XzdGblo1a1JvQWlqal9aVURQenhNZlc2MEdobEJKRjBvaC1zOHlHNGtFbmFmTzRVTTlqN0prRFBPQWNxNGRING10dTJMZThKVHFJR0VYVkVIaWctYUE0MUwxTG04Q0RQaXVOdmp2MWdhc1ZZNFFSUmkxRkpGbzN3NVRRWTA0enB2eVMwQk9xdkR3ck42OU5zVnYyT2N6RGJVQlctdXEwbjVIbnIxdk1WancxQnBodw,CBSE Exams,"CBSE 10th, 12th Admit Card 2026: Details to Verify on Board Exam Hall Tickets",2026-02-02 13:48:56,2026-02-02,IE Education,cbse th th admit card details to verify on board exam hall tickets,0.2023,0.13,0.87,0.0,0.2023,Positive
CBMixAFBVV95cUxOeUtGc0JrNUxuTi00UWdPOVo0WmZ2amZ3N1NmUXhlUkNwU0UxMFdZVHo0WW5yTUxtTTBNQVhEbUYzZWItMzBqZnRpbkRtMnN5b2JOMDB3UkU1ZC14NG1MZWNCU2owZ01CWDRjN2xxODUwdDJ2UjhiWGtnVHRZWU1ZREYyY0hHQ2hsWlBiN2VZaW5FZ0xxdlFHZFF6TjNPVFJIenZBZUFIWHY1YjEzdW5LY2tJNFdhQktpV2VRMGhoVTNCSzZi0gHKAUFVX3lxTFAxT1NTVm9ZZEJvakFiUl9PSGNvd2w1UkMtcUFtRTFHZTEtNm95anp6RHFpVE1zME9KcHRYQ0lnNVpjXzVHUW9HUDRadnQwX2J2dU1ISTVwYnVWdGZscjFfcGFETEF4d0dUZ3U4bjNaMDlGNER5X2lxRllaWlJGbHR5Vlg4c01ER0RDcTB6MVdrclp4NnZFcXBQYUMyVi1DQjZBZzg2ckh2cVBoODVHNHI1X1FUZWdHLXRYSHM4OEtfTGJJLTJZN3VQT2c,CBSE Exams,"CBSE Admit Card 2026: Class 10, 12 Hall Tickets Soon; Exams From February 17",2026-02-02 08:03:07,2026-02-02,News18,cbse admit card class hall tickets soon exams from february,0.2023,0.167,0.833,0.0,0.2023,Positive
CBMiiwFBVV95cUxNeVpiOUpsWTY0RmRqZmc2dWRVLU1jcHd2T1R2UjlOcGYxLURGVjJPNWtmTFYxcDFVRjRsMVJ3MjVDQm9LVGg2aGpTN3NGcXhFTjRwVUcwVEFHaUEyd05TeHlHZFZBNzJ2VHJqdzc2ODQ2alJvc0Itci1wQmJ1dVJMNTFnRzFSVkdWUjIw0gGLAUFVX3lxTE15WmI5SmxZNjRGZGpmZzZ1ZFUtTWNwd3ZPVHZSOU5wZjEtREZWMk81a2ZMVjFwMVVGNGwxUncyNUNCb0tUaDZoalM3c0ZxeEVONHBVRzBUQUdpQTJ3TlN4eUdkVkE3MnZUcmp3NzY4NDZqUm9zQi1yLXBCYnV1Ukw1MWdHMVJWR1ZSMjA,CBSE Exams,CBSE 2026 Class 12 Admit Card Download Link Activated,2026-02-02 09:17:50,2026-02-02,Getmyuni,cbse class admit card download link activated,0.2023,0.231,0.769,0.0,0.2023,Positive
CBMi2gFBVV95cUxQT1lBVXNqR3JiY0ljVmxuemJjWHl6RVlzVE81SXBfMEV1NndjTW9KR1ZPcjZ3R21MeHBWWXpScHBtNEMyNG9WN1N0ZEdhV0Q4WkZTN0dkRVREcWh4dGV1bm9vZE1MdW40Z3ZUeFduREluTXdJdVR2T3NWZ3ZKU01na1hBaTRUMEt4WWRlUTBsLV9tOFJSY0lnazRLNXBpZmpaRFdQZHNxTDRRWm9ZNmY0QXRpcTFBLW8wdUVYT0VZMkNYMnRFcm1MZXBlbDdncjk3ekhCd1RIYnNjZw,CBSE Exams,CTET February 2026 exams to be held on February 7 and 8; CBSE releases complete schedule,2026-02-02 14:58:30,2026-02-02,MSN,ctet february exams to be held on february and cbse releases complete schedule,0.0,0.0,1.0,0.0,0.0,Neutral
CBMijAFBVV95cUxQZXduRjVZVGdkbVJjMmVsQzNCMmZGd1NiM1V3TXNIb3lZTmpORDFHcFUzQlNEUjBSZW9DUWotY3N3QlplbHRaaENySlF2cjRYcTlISWRuRWxTSExrQmlZd180VGlJR2haZXlGRTJHN19zb0xFd1pNclMtaFNTQmV0LW1za24wdkhiblhTcg,CBSE Exams,CBSE Class 10 Maths Exam 2026: Last 15 Days Preparation Tips,2026-02-02 10:28:24,2026-02-02,Physics Wallah,cbse class maths exam last days preparation tips,0.0,0.0,1.0,0.0,0.0,Neutral
CBMi3gFBVV95cUxQQUN0MDl0bENFTjQ4OVJYR0YzT25CLTNWZUFYa1NQZzJZcUIxSHJYZnFwQW5OWWNyM0JLbm8tNlFvVUVtY1lYOGR1VlJaeDVMSXhtOUJaTTMxRFpuMkhXUi1TWm1TbGFaYkJKM3ZXN192WVo5b1A0NVhIWFdDekRibG1TV090aU9kcnZjQmM3WV9NVFROUjRKM19GUkhEb1A1dktxMjV1R2daNW92dVNEZDdqb3JtNlFBc3VQMExMTVQyc3RxOWxCb09JVEtKYi1fblBLcm1lNjllT3cycFHSAeMBQVVfeXFMTzgwQnp0SkdvNHpQa0lkWFVsc1V4YU5FVE1GQkdTZ0J2SWZIRGx2Z3p5QWdMUHlpckl2MFV1TldUMl9KWkc1dm9nZ3NlbEMzLXg0dHBoMDNnWmVUOVZyRDRfN01aVF9ZQ3lHS2pMalBpUUo3QmFWdEpJcGlLd0JiU25xeVNQSF9TdDUyXzRMZHNjdEJnY2FsZFQxc0NpYlpiQ1gwZDVLUmZNdUJuWmhhZDZXS0hhV2RMVDE2ZjR0SWc1dGx6blBETnpxS1BqQ0ViUUUxd3Vxd1JRb1NZb3k3TlJ4TW8,CBSE Exams,"15 Days Left For CBSE 10th Exams: How to Revise Light, Reflection and Refraction",2026-02-02 08:56:51,2026-02-02,Times Now,days left for cbse th exams how to revise light reflection and refraction,0.0,0.0,1.0,0.0,0.0,Neutral
CBMixAFBVV95cUxOZnBWRXRxRUVJaHluRzZ3SHl0ZDRCaTBUTXpNblVrNmE0dU5yRXpicENPb251MzVwQ2NSTU9sQXBPQXhrbWFnaF9Sd2FOaUxzRWJfM0dKekZubHhFQkVubHVpZEwzNFRIcEozckVkV2gxdmVIY09RR2lWblBtR3lHX005Z1VaWHVVUHp5MUprTDRlMGYxa0xPOGQ1RFR4bnI2LXNud3BmWDcxS2VpOG5XQ2QwYlY1bU5nT1lLNFhFSVNTZ1M1,CBSE Exams,Bihar Board 12th Exam Date 2026: Download BSEB Class 12 Time Table Date Sheet PDF,2026-02-02 11:27:00,2026-02-02,Jagran Josh,bihar board th exam date download bseb class time table date sheet pdf,0.0,0.0,1.0,0.0,0.0,Neutral
CBMitgFBVV95cUxPV3lGRUlQcTdpY0tzTDA1SGZTM29ieWFURTk0eXd0Qzh2cFRvNFU3UkpMVGl1OUlMaTJYWXU5N3RTZXh0TjkxWHZMQWZPUWFQY1o4NXVBSXFFdWxOaXpZeG1Edk5SWlJSbzl3dHl5TGFtdjh5ZUxYbzhnNlZXSTZrN0pUNnFHOW1vT2pFQlRZTzVpUnBmMDdFdElfRDdKVjNyM3VVeUprenczQm5FR1IteG12SWM3Zw,CBSE Exams,CBSE Class 10 Social Science Board Exam 2026: Check Last 10 Days Study Plan & Important Revision Strategy,2026-02-02 08:25:04,2026-02-02,Jagran Josh,cbse class social science board exam check last days study plan important revision strategy,0.2023,0.122,0.878,0.0,0.2023,Positive
CBMihAFBVV95cUxNMjhPc3BTQ3pmV3JCM2ZPZ3lKbWFiUWtNMW81ZUtPS2VLZnEzUDI5bkhCSld4MTFZQ1BZUG9hQ0YtMWs0bFdJRE1QN1hVUFNvYnl3Yi1NNEIzVElpb2d4elR0M1d5M2U2Z2Mxa2NTN09nRjdHSS0xbnF5LU5oZTRDRFE3THc,CBSE Exams,CBSE 2026: Diabetic Students Allowed Food and Devices,2026-02-02 08:05:27,2026-02-02,The CSR Journal,cbse diabetic students allowed food and devices,0.0,0.0,1.0,0.0,0.0,Neutral
CBMivAFBVV95cUxPTnFtVjBza3J6V2dFWTloQTI1cHJiTld6cVNYNHNzNmlMbmsxZEptX041bS12bEJpcGYtUk5waVV0b0I3ZHJkb2NMcXVnUTBybi1tYml0eGJxOWpLRkM2V2RMbHI5cXlvM2ZMN09wbG0wWm5tLV9PbVkxUnNJMFVrVE1TbU1ILVlhSDNVbmJ2OHdPaUQ3REdtdW1McEV1YTZVODVzeWgxMkJRZjFyZmxXdVUzSGdpUnlob3BDVA,CBSE Exams,CBSE board exam 2026: Important details on admit cards and exam schedule,2026-02-03 04:51:20,2026-02-02,MSN,cbse board exam important details on admit cards and exam schedule,0.3818,0.286,0.714,0.0,0.3818,Positive
CBMiogFBVV95cUxQbTdsUjlXamtMdmRxZ21UQVFJX0pLdGRGT3N2dFRCWi1TT3ZNbVZqd0FWRVd6Smttd2VwcjlTWGQ5ZU40YzE3YllPc3Q0REx2Wkg4S1gtVEFlU2o4OW05NTB1TVFCUENWTjlMUjh0Z3VSa3NOLUxNVEdBaDQ1QzBXdjJ0c09jTHZFdGNLVjluLUJWWEUyUnpvOHNIS0ZKNnhva1HSAacBQVVfeXFMTmI0Y2FqRkQyNEl0WEcyTDlONm10TTI4UVhveWdZdXFMVm9IOUhWd2t4ODdzYTJaNno5LWFWZ0VRblJPZ1ZlQ2hMc3lhSExhOGxocEdyeGk2dEs0NG5hVDEzQlFtdU1YcEhtd1MzV3M4SDAxTmlVMUY4WTJjVGdWMHc5WUFPNVZ0YUZya3dNNDJDWFo1REs3a0tWWWVlUE54U2FucFVSUTQ,CBSE Exams,CBSE 2026 10th Admit Card (OUT): Know Where and How to Access the Hall Ticket,2026-02-02 09:08:54,2026-02-02,Getmyuni,cbse th admit card out know where and how to access the hall ticket,0.2023,0.122,0.878,0.0,0.2023,Positive
CBMi1gFBVV95cUxQeDA3VGlieGxFS0RFWEsxaFBFeWVwcEhDQV80NHRuZndOQm9YTVNSakgzOVJxdHdROTZ4amJldWVJNm9Rb0VTRFJUYlJtdzhSQ3R2VFM3WDdYeVFQbVJ0cmVZR25XTW1sdHF2Z3BzNW9vRk9HLUdDV0Yxb0RGd2tfQnhkRzlucHozemNiYXh3bDI5Z1FZMzFXa2tZUUp4bG1jWlo5RmR5dUVydGJBWk1EeUV3MmRxX3c4WWlnOFdXbmw0XzhxT0JxY1hDWXZ6cFlrZHRtM05R,CBSE Exams,RBSE 12th Admit Card 2026: Direct Link to Download Rajasthan Board Class 12 Hall Ticket PDF,2026-02-02 14:26:10,2026-02-02,Jagran Josh,rbse th admit card direct link to download rajasthan board class hall ticket pdf,0.2023,0.122,0.878,0.0,0.2023,Positive
CBMizwFBVV95cUxNRC1lUHNRQ1ZTaWl1djhnTTNMY29jM3d6cWxUVy1iX3lqbENaZndmR3cyM2V6TWJTdE5qT0lOWk1mc01MeHNncjU0Tm0xZGFfUVNtQ0htMzRQLS1JSnVzZV8xTTJuMzBKUWk4d3VqdTdCRTBFemZ6WEFFQmVaUXFWWWlJelhfSXRIQ3BpSGQ0bHNUd3ZlbUR2eHRucmFOcXJFLVI5c0FYVVdyZFhFUEFyWk1fcHBpOUFQRlRyMHJXNFItQkZJT1J0WEFpMndpRTDSAc8BQVVfeXFMTUQtZVBzUUNWU2lpdXY4Z00zTGNvYzN3enFsVFctYl95amxDWmZ3Zkd3MjNlek1iU3ROak9JTlpNZnNNTHhzZ3I1NE5tMWRhX1FTbUNIbTM0UC0tSUp1c2VfMU0ybjMwSlFpOHd1anU3QkUwRXpmelhBRUJlWlFxVllpSXpYX0l0SENwaUhkNGxzVHd2ZW1Ednh0bnJhTnFyRS1SOXNBWFVXcmRYRVBBclpNX3BwaTlBUEZUcjByVzRSLUJGSU9SdFhBaTJ3aUUw,CBSE Exams,CBSE Board Exam Tips: A Smart 30-Day Plan To Boost Class 12 Mathematics Scores,2026-02-02 08:46:13,2026-02-02,News18,cbse board exam tips a smart day plan to boost class mathematics scores,0.6597,0.351,0.649,0.0,0.6597,Positive
CBMivgFBVV95cUxNV3VXS0I2MTBjclVKdVdmRFlHdjNBTjRNd19PclFlMWxkWUFWbFk5N1BHOGozOHpnaGpwemw5bE9wZnpON3QxTEtUZUM5b3dGQWFuaEhmQVVROXZkenJSZFVyRVoyWkREbGZSckZLcEN1NHY5dGRIM1lvXzVKaTVfb3prajNwSHdlN1ZaYmRaVE1qQUdMSVdGWlI4UWdkeEktQkZLZWc1NnI5VXJDTmNGZG41Y1pRSC1LSFBOWklB,CBSE Exams,CTET Admit Card 2025: Download CBSE CTET Exam Hall Ticket PDF at ctet.nic.in,2026-02-02 08:24:00,2026-02-02,Jagran Josh,ctet admit card download cbse ctet exam hall ticket pdf at ctetnicin,0.2023,0.141,0.859,0.0,0.2023,Positive
CBMi9AFBVV95cUxNbzVrd19YR3JrZkZSQkx1d0dWMFZiTDl5LW42R1R4TVlvRXNrY2VQbi11a1d2eTh5LXBXMDU5QTUyWHNmdXo2RnhEd0tVTEw2b2swcDRmOXRfUGlVdGRFNUpMYzdNWkFIYVNZa3JLLTQxamRQUmN5S2FZaUhmb0xRcmREb2MwNW9NVnRCQkhBQjZaUmIyMWdhNDZEVE5vLXRRb3hHLTRVc3BrdC1NQWFGSGdZQm5rZXZWUi1feHhCWEx6MFpibHBPR3U5bmRldXhJYnZ2VWx4VlF5UnpvbXlSX0prVVdZci1qelFkbFNHTjlOZjBQ0gH6AUFVX3lxTE9hV0lQY1FoU25SS2ltU01GZWViWkNnb0JYdnVuWmRhNU8tR0hHSkxLclpSTnI5QkJFeUNtcEZUS2ZZVzhQajlPVFVCVzNUSDZwa2dyTEpQOUhNa3NoVVk1WVg4Q25mTDRXVmNOTlBCVWxyWFVRRGp5WnpsSVdDTGVSUGRIcmJGTHhrU1FfbmhZaXUwcDY2aWdrQ1B1c3E2ZHNFZ1kzU2NYalBLVFhEQVFxVG1FTWxPNE9WV1FYS09aRUxXLW01YzNic2oycUNQV0RXUE02b3U3VWV4cFllRC1fWkdLdEFBNURtRk9QdkJQY0xYdThDcGFxbWc,CBSE Exams,No More Maths Fear: A Proven 15-Day Strategy For Class 12 Board Exams,2026-02-02 08:20:56,2026-02-02,Times Now,no more maths fear a proven day strategy for class board exams,-0.6887,0.0,0.613,0.387,0.6887,Negative
CBMi1wJBVV95cUxQa1JXY0M5dW1PLVJsMWJXajl1UTJxQl9qMEllSE5YeE8wcXFhbF9lSXJSR19qU3UyV3dqUnMyLV9mdzFnTzE3R3NGZ2QzdGcxR2N2d0VUanRqMG8wRnJ4Nk1EMzlSM00zS2dxTHNsanN2NDdiVlpUNWdFeV9YZzlDdzNETjd3czk4NnV6d0hCeDk2Rk5OZUF4eW5aLW5SUnlxRHpFQzlTWVgxSTFCdkE2WHlxYm5udGtaQUNzbl9kNDJDamRXbEh3VUlqN21XMW1Ld2RkWi1mUVNwT3NndFo0LVBHNS13UHZjVExxM2dCNWt0Z2dQTmdockZ5Y2JmVkhhanRaaWVNZDFkNEE2b3VRUzN6MHhsX3lxY21UaTQ4LTA0Y1pKLWxaRkVqeDdlVnNFU3BCYUFIV1VOT2VDN0YzeTBvMnpadjVxNW9xVWRTclBwOG02MDJZ,CBSE Exams,6 ChatGPT prompts that can change how CBSE students prepare for board exams,2026-02-02 14:39:01,2026-02-02,MSN,chatgpt prompts that can change how cbse students prepare for board exams,0.0,0.0,1.0,0.0,0.0,Neutral
CBMi1AFBVV95cUxQVEpQdWQ3MVBGRWZyLWxJeHoyaVV2aGtmZXVJbEZ2UTB6RDR2djQ5OHlrY2locFNheVlNRlc0WThQM1hpMEs4bmoyUDJBTmJwZlhXcFpzc0sxS2FsYy1MOXFjRWdHb2xSQmgtN1ZScVAyaW9XRVg3ZjJyNTVvUGZ2MzVBTnByM3lPTFptYy1qd1lKcXd1NktyWDRIY2hBR05Ka0lNdFNZc2lTZm10ZFJXUnBEVW4waHFmREIwR0lRRWhWcW5KNUxJNUxHQm5qa29fN0FuSw,CBSE Exams,BSEB Bihar Board Class 12 Maths Model Paper 2026: Download PDF,2026-02-02 12:20:00,2026-02-02,Jagran Josh,bseb bihar board class maths model paper download pdf,0.0,0.0,1.0,0.0,0.0,Neutral
CBMiiwNBVV95cUxQSlFrVU5jNE5CWERFTGU5X3dsTFJYVDFiSmhWMmJSaFVhSVJZZTJkMnI3TmlIaFFOYS1oY21CeDhkc3ZOOGMyRkJzcWFDeURLbWJ5QUtHNmpocjlqdzZySWpoakVMbXpIcHN6OWN5VjRxRlFSc0YwQUVPNjZXbEVKSmdOU0lOLWZsOU9yeERBdTFPckppQVNORWh3WlNWMEZtbmNBb2hIX3FHelFXdFM3QTAwOVFQS1o5clMzM2ctUjZlb1JwNDlQa1NIOHlwYjBVbldyNE4tem1ERW9Bc0YzTE16b0tubUlKVFV0QkJvNDRJUjFnT3Z3azJTM0lDLXZaMV91LVpMVVFMN0E5Rm9LazRCclJFcDRRaldEdmZwQUFyLWNwTWhhakwySWt3WkV4N0Z3QUtNM0czYjFvdm5fczhmQWFuVUVPRU85b1B1WW9BSjBFSkYzTHIzQWZCd29rU0M3TVltWUtnVnNXaGJIUERkY0dDMlVLRXJNRjRoRXRqT2F1RGFZNnA0bw,CBSE Exams,"CBSE board exam admit card: Big update on CBSE class 10th and 12th admit cards, find out when they will be released",2026-02-02 14:55:50,2026-02-02,MSN,cbse board exam admit card big update on cbse class th and th admit cards find out when they will be released,0.3818,0.153,0.847,0.0,0.3818,Positive
CBMivAFBVV95cUxNOXg5LWc2UjR4bFl3SzduT2FuNWhjVHcwQl8yM0dBem4wVmNkSmw3VWRDR3FRY2V4YmVnTVNKa3lZUnMtdVU0T1NROGV5aWRjMW5yMUN4b19ZdE04aFdmWWZMM1doMEd2V3dLN3ZDaXRoWUZCZ0s5Y2xoVkE5Vk5rRkIxVnNNaVY4S0ZQX3J3bnNDSDNpcTRZZ3RXX05NQ3Zudi1XMWxjVUQwOE5yQnFQYVdzWGg5bnlBWnlQbNIBwgFBVV95cUxQVnhhQnd4TFBHeVdvM0hJeENXdldnNE94OXlWZ0tYWFNJUU0zUEw5NUtUdlJSTFJhQTVaV3lXZDRyY1ByVTIxb21uWkJOZm8tZXVhZGxsSVlwRnJMQnZFQ3JTRmVRZHpoalV5eVhVaURzOTRud3puMkhXYjBVQTNwbjJhX050MTFaWlV0UFBTR0FVTl8xYkdJNHJlaDkyaWVKeVpSNkQ3SGwxZHdibVhFaU1qS0M0clk1MVlydmpIQ1Z2Zw,CBSE Exams,"CBSE Class 10, 12 Admit Card 2026 Released At cbse.gov.in; Exams Begin February 17",2026-02-03 04:00:04,2026-02-02,Free Press Journal,cbse class admit card released at cbsegovin exams begin february,0.2023,0.167,0.833,0.0,0.2023,Positive
CBMivwFBVV95cUxOTUhwa2J6MGJCRW5ZUUxIN1ZPMXhxMGFIb3RNdlJZZDVwcXhyVHpRV045V2d3VFFsR0dCVVFieEpjSHZmSWFLMGFkN0dOajl6cUg0MlE1MWxxZzZ0dHkzSldqX0V4el9lOFVPaU5DX2J2T1gtVHAyODNGVG5oaGZ0TC1zNlZ2cmV6eVhUVTl0SnJJTEcwU0ZLM2w4MGpsWnFjLWpGZ3RTdVU3RnEtc2g4R3hOMndfMEU1WTVpeDBCTdIBxAFBVV95cUxNYmxCMWJhWWI2RENjdnVDZ0NCOWt1b01UQm5TbnQ5cTNBRi0xd3JBTUF5WjMxNlBJUDlzNUl1enZTQ3huV21JNkZXdzl1cTVrQlVXNV9KYzZ6UFlTcXhXakJXU2VTNTBxNkdmckZFeV9TSDhHV2tfY3AzVktBa2J5UzIta2x3dENkWVI0ZVVQNUZTYmpuVVJEQ25sSktrb2hhbDB5Rkx5OUJHcG53UDlZQl85SkNRckJQYkxSVkZwaE90U1hY,CBSE Exams,"CBSE Class 10, 12 board exam 2026 admit cards released; check here",2026-02-03 04:14:42,2026-02-02,News9live,cbse class board exam admit cards released check here,0.2023,0.184,0.816,0.0,0.2023,Positive
CBMi1AFBVV95cUxOMDM0X2xGb0pqX1NwRlIxQVc4blpCYlRUNGc3Q3RyeXJmRXY2V09SYlpHTmlNNnJHLWhMWEpidFNTMXoyQUZ2dzhNRWdiRWFxTEd5NGhBY3gxMVJHQ2J6T0hLRFZBRHhBM1ZrTzFMRkdzRnJ2Vk1NY1dJTHpVX3Z4MGFpQmh3TVlORDEwdk9ENHI2TVdyNWZXOVNnV3FJRmZLT0ZXZk9CVGV2Sm5LYlZUQkZ0OFNOTW1HTlZlVUNrQnRQQnRfRXNlam8yYlpRczN4b2FTWQ,CBSE Exams,"CTET Exam Dates 2026: CTET Exams To Be Held On Feb 7 & 8, Check Revised Exam Time Table Here",2026-02-03 07:33:00,2026-02-02,The Daily Jagran,ctet exam dates ctet exams to be held on feb check revised exam time table here,0.0,0.0,1.0,0.0,0.0,Neutral
CBMi0gFBVV95cUxOR0F6aElPbWhBbVZRQWs2QlNWakpOSEpkTC1fc0tBSTUwdDNEcFIxQlFBbWdrVDlxTkpXbEZ6M1JHMHZSemFjTURzYi1XMm9sdzNBUHJUYlVZa0tYNE9GV0xIbE55MVFvNDRhZ2hCeVVpQWRBSnNYTmhpWExCTTFLWWhkSFRPVmFYVTN1cFZ2QmR1UC1UUDdQRFZ4Z2pfRWQ0NUJjUTRON0dHN3cyMVRjZE1oVGJDOWpVU0puSlY1VTRHcjNlcmt4UXl5UlREZWEzYVE,CBSE Exams,CBSE Class 12 Admit Card 2026 Finally Released – Board Exams Around the Corner – cbse.gov.in,2026-02-03 06:01:11,2026-02-02,Times Bull,cbse class admit card finally released board exams around the corner cbsegovin,0.2023,0.141,0.859,0.0,0.2023,Positive
CBMi0wFBVV95cUxPNG5Jbk1HczZqTG1Ld1BrcWN4Z2M1aTg4RFRobmZwN1J4S2hGdG1oMm4zRlBiWkNqR0tPNlk1NkpfbnNibXRuVzJXYy1xT1Q0QVEtOUtORjNtbE1ialZDNGRtRE5yakdhdmI1WXA0YjRmSnZ6WURrYXBvYm91U3hhWFBoVlpocWQ5VXVhTG4wZ2FNUk1UTFNYSExiTDFwODlyYzN3RW5VSl9NMlllTDVaem80ZDJfbWhvUEI3THZzQlVjVG5Sa1QzZFdid3RXLXJVd2Fj,CBSE Exams,Big Update for CBSE Students – Class 10 and 12 Admit Card 2026 Out Before Exams cbse.gov.in,2026-02-03 05:39:11,2026-02-02,Times Bull,big update for cbse students class and admit card out before exams cbsegovin,0.2023,0.13,0.87,0.0,0.2023,Positive
CBMiyAFBVV95cUxNVDNydkpHVzFiVGFZb0xLaW9McXo0YkdVWGx6LTczMTR5UW9JeGhBUXMwSjBIdU0xYzdfdFFvZ2pZNXlpR3E3Y3U0U3VBNmdJMzFWdWpNc1UzS3dLckNwajhrbjNRdTJnQ2RHZ0EzeTZhNktGc0JfMG5rOXBYVndFdi1FYVRYRnUtdXphLVFFQThiYjF4WE9kbkF3NmZRNDI5OEpBSjdxRVF3dDh5RGVWc0l5MTc2VjQzemxVU3BMdEdBbk1jWm0xOA,CBSE Exams,CBSE Class 10 and 12 Admit Card 2026 Expected Soon Ahead of Feb Exams – cbse.gov.in,2026-02-03 04:37:17,2026-02-02,Times Bull,cbse class and admit card expected soon ahead of feb exams cbsegovin,0.2023,0.141,0.859,0.0,0.2023,Positive
CBMixgFBVV95cUxQaXR4aFdLT3p3TjA5X1hBRzZGZzZjVnhoWjdieW81MjVTa1podmNDLVFRNjdvRkN1ZkdCbjdpTTB3bndTUjB2SW45eDBxVWhLeHlVbndla1RBdkFSVzV2TXhkYUlFZmZSbExyZExwendPNjlUemo0ZTlHR3ozeExaV3V4dzlDWEhRdXp5a3pZa3JYbkFOQlJEUjZjVW5iaXZqX1Zsc05qb2xwR2FFYldhT1Y3emhscS1xdmN6dUJ5dGlYYjVVd2c,CBSE Exams,CBSE Board Exam 2026 Admit Card Status for Class 10 and 12 Students – cbse.gov.in,2026-02-03 03:45:50,2026-02-02,Times Bull,cbse board exam admit card status for class and students cbsegovin,0.2023,0.153,0.847,0.0,0.2023,Positive
CBMi3wFBVV95cUxNcklVa0hMWVZDd3RuTDlZa1R1UXhlemZyVmstSUd6M3Q1YjlhNTVweDh3MkVfM2ZsNVRrNVhjRVBxX2FhQ3BZYjhUaHZwbE05VG1nbXVYV2ZxUU1NbDZGZ3poYVFWUERPYk1UdHo5Z0lDRXVLVEpYbnVHNmh1WVNEdXU4RmoxS0hEU3Iya3NvWE1mV3M0cUcxa3A5d2owLU1td2RTNWJTLURQOTQxYVBSa0Q4TFlQTklsTzhKSjBsZ29wTzhsSjdBMUFuNGpMMFcwVHU2anRyMzB0LTJ2eEY4,CBSE Exams,"CBSE 10th, 12th Admit Card Announced – Steps to Download Hall Tickets at cbse.gov.in; Direct Link Here",2026-02-03 05:37:32,2026-02-02,Times Bull,cbse th th admit card announced steps to download hall tickets at cbsegovin direct link here,0.2023,0.107,0.893,0.0,0.2023,Positive
CBMi0gFBVV95cUxNeGREcnQ2d29zLXctZVpxNzZJNkF2dUpieEMwVVdfT05EWnd1VmlPTGZJM1RlTWxablNYRkhaVGVQZ3lyb3k3clBqVVNBcnRkZ1ZnZjBIYUcyYVlhWXhEOVh2S1ZBOXlMWEV0ZncxWVVUZHM0V2ZwaUp1QVo4VUxOcUZ3ZlE2UHJ1Z09fSU1ONzdmWTlaMlB2VTBKNktPNWVoOU9GMG83R1JocEFYejVaSFQycFRJcVMwUzdJX1U2eXl3bTVpYVIyRmI0MXBvR3hHTXc,CBSE Exams,CBSE Class 10 Admit Card 2026 – How to Download Hall Ticket Via parikshasangam.cbse.gov.in,2026-02-03 05:51:48,2026-02-02,Times Bull,cbse class admit card how to download hall ticket via parikshasangamcbsegovin,0.2023,0.153,0.847,0.0,0.2023,Positive
CBMiywFBVV95cUxQclNpWWJKUHNsZVBJTkZ4a1ZXeWplWS1TQ1J0bmFXUEdsN1V5RjAtUHNpZnc4UV8zSmdVeXhrMmxaaDc4UlloVXJLa1VwVzB1VWx6TEFUbDI4U0pXRWhTanhsVWJlX0Zkc0dYZDN5cXlHSmtWanRDaE1wMk9SVjVQNlRWT2gzSkJnYlRkd1FuYVFTWDB3S1l6VDBPdTA1UHpBUWZiS3NBRU5pVk9EUXMteVR0Z3pjc05VdkJ1RHRsQzNvSHNqeHJWTHRVYw,CBSE Exams,UP Board Admit Card 2026 Update – Class 10 12 Exams in February Download upmsp.edu.in,2026-02-03 06:06:33,2026-02-02,Times Bull,up board admit card update class exams in february download upmspeduin,0.2023,0.153,0.847,0.0,0.2023,Positive
CBMizgFBVV95cUxQTVBnM1BjOEM5SUxQb1licWZCaUtZYnBVaFFQUUJuVm9VdUtGWEl6dFdBMTBUWmJCcUhrYWtaNjJNSWhremlWbkJ3ZUlGd1JnTnRaZzdHLUhOWlJsVGpSdUE2WmFYZGIzdHNmcHZUV3RnaVFqQkktU0s4SEJBUFdic3VkSjFCNDVSUlFpb2V2amJwZk96T2E1OHBvM24xa3ByOFBtcXZiQ19aWGF2LTNhSjZBZHdPOTJabkk2bU13OHF2MEthZm9WSWtRdG9XZw,CBSE Exams,"CBSE 10th & 12th Admit Card 2026 – How to Download via Pariksha Sangam Portal, Direct Link",2026-02-03 00:27:11,2026-02-02,Times Bull,cbse th th admit card how to download via pariksha sangam portal direct link,0.2023,0.122,0.878,0.0,0.2023,Positive
CBMipgFBVV95cUxQalc4MWhJdGcyNzM4S0ZIZm1RSXBzZm9keWpqWlNIa2hoVktaZV84UHBwanVkaHRfMGZVRTh5NWNFSEYxUnRfcUJjSEM5Y0RzLVVPc1c4WXc2WldCaVFsSUJ5VDNPVjVyM1Y2UU9FcGVoeEE0aFRZZFYxQXBwRGRUdFZJa3U1ejJPaUl3WXNQM3lSMDBENkhtWHBDaE51T3JBUDAzSXpn0gGrAUFVX3lxTE80VWFyT3RHSEl0MDVwMl8zSG9jUmNLU1dCZl9QUkNIWEpSbDE1MWU4ZWw0aHhyYkF0Mmx2OVoyMlVTaFFNbEVZdVNiZ1FYeHBmcFZfUHNZcXZwODR5SG5aaEdyTFBrYVJ3UFI2MzJCTEw5OVd2dGxEa2xnRzV3a1RXVnFLUkdBUHBvZVBHRTlXRjkwZ01uQk92WmtKSzRCcmxKVFJrNzhMQTdtMA,CBSE Exams,"CBSE Admit Card 2026: Check Class 10 & 12 Hall Ticket Release Date, Download Process Here",2026-02-02 14:00:30,2026-02-02,newsd.in,cbse admit card check class hall ticket release date download process here,0.2023,0.141,0.859,0.0,0.2023,Positive
CBMinAJBVV95cUxQMlhDRFNDd2hHWXo5LWZYOHhISWNDZlVreHlmMk4zN0lNVmlBaFduZ3Q1UjJRRlZpUDB2b3BTYXk4dktIQVJzQnNOSGZvNVlMMjJDSkJYM0pHRy13bXRrQmlSZndndG9STi0xYkN1R1Vhc0I2Qml5LWVyS18ySmtoYjV0aFlrZXJaZ3ZtYXJ2ekJmZDd3NzR1TFNJZXpXSXdiX3hwWEVoalFTT1ZEOWoyY29Fby0xaFFfYVY4Q2ZjbE80T3MtTk5QU2pqdkdrRElVcWpleGJxX1g3UEpSSjRsMEtIbVJjQUpoTnpSUFZaVVYxbElmT3Y2VFU5SlNoaThZbGhuR0FnR3Z6QWl1QVFqS2c0N0ppR1BaLUtobNIBnAJBVV95cUxQMlhDRFNDd2hHWXo5LWZYOHhISWNDZlVreHlmMk4zN0lNVmlBaFduZ3Q1UjJRRlZpUDB2b3BTYXk4dktIQVJzQnNOSGZvNVlMMjJDSkJYM0pHRy13bXRrQmlSZndndG9STi0xYkN1R1Vhc0I2Qml5LWVyS18ySmtoYjV0aFlrZXJaZ3ZtYXJ2ekJmZDd3NzR1TFNJZXpXSXdiX3hwWEVoalFTT1ZEOWoyY29Fby0xaFFfYVY4Q2ZjbE80T3MtTk5QU2pqdkdrRElVcWpleGJxX1g3UEpSSjRsMEtIbVJjQUpoTnpSUFZaVVYxbElmT3Y2VFU5SlNoaThZbGhuR0FnR3Z6QWl1QVFqS2c0N0ppR1BaLUtobA,Indian Gamers,"SAPPHIRE Technology Strengthens India Strategy for 2026, Expanding Beyond Gaming into AI and Enterprise Solutions with ARK Infosolutions",2026-02-03 05:17:00,2026-02-02,ANI News,sapphire technology strengthens india strategy for expanding beyond gaming into ai and enterprise solutions with ark infosolutions,0.5719,0.239,0.761,0.0,0.5719,Positive
CBMisgFBVV95cUxOYldSSzlkNzFWLV9vWlBxNkItZlZoT2RYVW5VbFBtb3p6NGFYR29RdmQzc1FRUHdnQnVlMk4xdV9xMlNDanR5VVE0T09kTWxDc0xEVjRsRE91TkZLN1RvaUFXZ056N2w4X0pqS3ZSUVUxUzlmZjdEOFZHcEhjVGozQ1gwNTF6am9zWWJ0S0M2RWVGNWcwWVdiaHViamxfQWlaek1HdEhzVmdFd3dPbTdjbU9B,Indian Gamers,Indian Esports Mourns Loss Of Free Fire Star Tahir “Fuego” Mukhtar At 24,2026-02-02 10:35:52,2026-02-02,IWMBuzz,indian esports mourns loss of free fire star tahir fuego mukhtar at,-0.5859,0.17,0.412,0.418,0.5859,Negative
CBMi1AJBVV95cUxOenBnTHM2Rm9MaHFacGs0dE4yX3l4Mm1VbFVjMFduQjdRTkwtaDAtVEZPLTl6WVQ4dHp1cDluU2VBS01lcVVhUFBBVVZoMDhOM2NTUGViZFYyQldfd1lwbTNFN3hSeS1wN2hpb0RGWXRlTlh0aXNtME4yeWpTU1YxdlctUTd3d19jZ3pUcFVWYW9xcW5ObHJuMjRlRTlUeVFaak1qWFUtbGgzb2tZaVBhYzN4VkNIampFRi16M0VyZzlVOTQyNjBnX3NYN2E1VlN6ZktOQUg3RXhyOEh5UlNOb1pZbThUcGppRDN2YlhKWDAxeWtHWFQ0OWROWFhud2V6LUJFN2F1TURuek1yVFVrUXF3aGJ4MURsQlVObGR6bTEyYWpSNEtqUmc1VEZRbzIwWWpWSjNUczh5ZXZCaHlad09aSzZhR2pLM2ZTdTdVcE9lcWt5,Indian Gamers,"HP launches HyperX Omen 15 series this Republic Day, available on Flipkart",2026-02-02 14:47:49,2026-02-02,MSN,hp launches hyperx omen series this republic day available on flipkart,0.0,0.0,1.0,0.0,0.0,Neutral
CBMi6AFBVV95cUxQb253c0FGaG8tX0ViT1JkRjBYbTFoZjFhdnp3cng1Tk5QMHNyV0ZjdFZoTWtQVkdZc0lERmtldTJDM0hyN2RQWmY1QTJoeUxYVzc2T0I4eFA0RDZDTVpaSmRlRlRPLWlMVkN4R3QyZlVPS0xlT1VYTEd0QmdZT3pNcjB0cDEtNHEtOWU5QzJUdTI5dXF5SGNCUkZjd3FHTWhDcGhFTVBLaUNkbDhMOGhaNkN6THVsWUM5Z0VFZlFZM3J1V0pZVXpvWHVackFwZEsxTTIwSFZaQjRaWFplZkk3UzdXX184eWVr0gHoAUFVX3lxTFBvbndzQUZoby1fRWJPUmRGMFhtMWhmMWF2endyeDVOTlAwc3JXRmN0VmhNa1BWR1lzSURGa2V1MkMzSHI3ZFBaZjVBMmh5TFhXNzZPQjh4UDRENkNNWlpKZGVGVE8taUxWQ3hHdDJmVU9LTGVPVVhMR3RCZ1lPek1yMHRwMS00cS05ZTlDMlR1Mjl1cXlIY0JSRmN3cUdNaENwaEVNUEtpQ2RsOEw4aFo2Q3pMdWxZQzlnRUVmUVkzcnVXSllVem9YdVpyQXBkSzFNMjBIVlpCNFpYWmVmSTdTN1dfXzh5ZWs,Indian Gamers,"Garena Free Fire Max Redeem Codes (February 3): Act Fast & Get Skins, Diamonds, More For Free",2026-02-03 04:29:36,2026-02-02,ABP Live English,garena free fire max redeem codes february act fast get skins diamonds more for free,0.6369,0.314,0.571,0.114,0.6369,Positive
CBMikAFBVV95cUxPdDh4MWZWOFBhS1N6ZkYtQU9ZeVFaYVN2R2lTZnBiRWV2aExUblBvOGlqT2hXRlA1TVZsNEd2YzdEQk92QWhwT0Q5TkFGdGhocURPTmNyZWZUamZiU25CMldUU0VvWTczd2RzaE15OVdXWGtnVjBDWVhMSjVqcjk5ZHQxekE4UnlpMk15MGZQZWU,Indian Gamers,Budget 2026: Impact on Gaming Console Prices Explained,2026-02-03 01:17:18,2026-02-02,Observer Voice,budget impact on gaming console prices explained,0.0,0.0,1.0,0.0,0.0,Neutral
CBMipAFBVV95cUxQOEtmLU51UVJadERMdjNWcEhrelI3YzlMRkxxN0wxOVdxcXFodmNPNmlIN0F3T3NBS3RWRFdZVVg3WmhhYWh6VEoybGhsMGtQOXg4SWU1YUVwb3NrVldCSlZqS3g1bFUyLUNRMXJjY3dqdFl0YXhjcGktQy02R0I5S21qVVJOa0ZXTmtOSHN4LTNQakRPUFkzOHM1S1BKYy1JZkQ5SA,Indian Gamers,BGMI 4.3 Update Release Date in March 2026? Check BGMI New Update Date,2026-02-03 07:00:35,2026-02-02,TalkEsport,bgmi update release date in march check bgmi new update date,0.0,0.0,1.0,0.0,0.0,Neutral
CBMioAJBVV95cUxQWDZRZWx5SmVacy1QQWgzRFlEWGRGbjYxMEYzWWNDTXNNZ0h0RUJGWTJHM014WmRfMTg4T3g3U3VSQ0xzcGItdW1YUzdaZ0V5Unp2TjZXWFE5YjE5QTBGOWlORWtDX1A2ZngzX0MzUEFNck5UbGxjOXFJc1BEWVJLSFdzODBteEdrVWw1cjBXX3RSUDZMQVdURWY1WjBTOUxtaWhMdktKU25YQ3E1Y2UtM0xVdWhaTzV6ZXBfZ2M2U0dqcFpycHdvUk1rY0ZyVzI2eExuN2JDOWY1UDVjQnloMEJ6cGwtWVRWRUNmMkQwVlZZNC0zZ2Q3eFNndklra0pmTVd2cVlRVnY0NVF3ZWVYLVhWYUNva0E1ZE9aYU1YSHPSAaACQVVfeXFMUFg2UWVseUplWnMtUEFoM0RZRFhkRm42MTBGM1ljQ01zTWdIdEVCRlkyRzNNeFpkXzE4OE94N1N1UkNMc3BiLXVtWFM3WmdFeVJ6dk42V1hROWIxOUEwRjlpTkVrQ19QNmZ4M19DM1BBTXJOVGxsYzlxSXNQRFlSS0hXczgwbXhHa1VsNXIwV190UlA2TEFXVEVmNVowUzlMbWloTHZLSlNuWENxNWNlLTNMVXVoWk81emVwX2djNlNHanBacnB3b1JNa2NGclcyNnhMbjdiQzlmNVA1Y0J5aDBCenBsLVlUVkVDZjJEMFZWWTQtM2dkN3hTZ3ZJa2tKZk1XdnFZUVZ2NDVRd2VlWC1YVmFDb2tBNWRPWmFNWEhz,Indian Gamers,"KRAFTON India Introduces Industry-First 'BGMI Career Mode' in an Attempt to Offer Real-Life, Career-Relevant Skill Insights via BGMI Gameplay",2026-02-02 11:03:00,2026-02-02,ANI News,krafton india introduces industryfirst bgmi career mode in an attempt to offer reallife careerrelevant skill insights via bgmi gameplay,0.0,0.0,1.0,0.0,0.0,Neutral
CBMiqAFBVV95cUxQNzFIVzEwcU9JXzlrMHhuVy1VV0xYelpRVnNlS2N1c1YzQWZ4eDVveUdqV2ZPUVV4cExEMHdzYnIyclNGM3JJN2x5emdtUmxhQmJIQnBaZ0kzeGpyUlRmRlVmUWg5MTZiSGwxcGEzd3VHcHNsa1lJbTVUY1lFeVFHMzQtMVJvbU9RdjdaeGI1NEhKTFFRcU9vMWJOenI4T045aTc3Sk8xQlTSAa4BQVVfeXFMTTZ1T0lfOHRFRXZrYlRXTHc5elI3X2JnYndSS2lib1hsNS1OUjdPOXVwMU50Mk5KWFlNd2ZjU2d4eWxkUWVtZlFTZ19iWGdGb1ZZLW9GbnlwOGRZRENnNThDT25PWkFoS3NHd2swRnZYY1ZkVnRzalAtS01UTHhYWHBaaWVNaThsZm9XMEt6Qk5KalVJbWNoQmJDaXVWR0tlZDA2SmlyZHJqRHZUUkJR,Indian Gamers,Why Budget 2026 is making gaming consoles costlier? EXPLAINED,2026-02-02 08:17:55,2026-02-02,ET Now,why budget is making gaming consoles costlier explained,0.0,0.0,1.0,0.0,0.0,Neutral
CBMixAFBVV95cUxPNGw0QWREVFkyRmlVWXZlS2JHZGh4VG5LZXNPRHNLQnhESkhEbnBvNGxSLXMyR2xveUtsNFA5bFBsR0xvaXJMam8ySGlTV29qMmplVy1mdnpEVmo3TkhYUWZNSXVBbEtycVpTZHhBRFlkekNNZGNqdDBTR3dSbFkzcHFGdjhUbUVnZkRkb0d6dWRSZGZLczZpVHcyamFvQjRvT1ZtWnRvTkJ3NXItY3lKa0xzcmt0N1IxN1M2eUJ4SlgzQ0t1,Indian Gamers,KRAFTON India launches BGMI Career Mode to review gaming skills to real-world career abilities,2026-02-03 06:26:07,2026-02-02,GamingonPhone,krafton india launches bgmi career mode to review gaming skills to realworld career abilities,0.25,0.133,0.867,0.0,0.25,Positive
CBMiwgFBVV95cUxPZzNEbzFYYkxkYmh3cUZwdC1PNGlia25mM1I2OHJLS1lJYUhud3NtbjZMM1FQQnRxaVRtMGdBN3ZZSzJ5NDRBOVNBVHN2SVJTM0NkQ1dDZm1IQnlVaWJkRXo4QlNlMkdhWHA4UXRyOVNOd0tpYkxMX0drNE90dDJyejlxeUpwN1F4QnkwTmRhS2ZDaWNWZ0VrWVE4VG1sQXFNcFpxUkJwMEQzUURqMVFXYm4zVzNxVG5ZZlR5a1JkempyUdIBygFBVV95cUxNUlpCTzlvOEt0UldrckNzODBSUGc1dU55UTloMk1mTGpuaHhBN0lrQjFtUVRrcURoQ3p1QUh0aFY1c0VVbjdzWWlYdFpxYzQ1S0tGRDJULVNqNEViclRnVjNjMHNBN3IxNl9RS0x4S2Q5QTlHbzlUcER1a05aZmtqOTR2cGpKQWptYjlMTVJvai1WUzNVcXNlZmdSUzBkcWxwZ3pNYm1DMW1rcDZ4MVhNRDJsZUNxam02RDV6eWVyZUZtRWhzaEllQ1lB,Bollywood GenZ,"Anupam Mittal Says ""Stop Shaming"" Gen Z For Frequent Job Switching, Shares ""Right Strategy""",2026-02-03 03:22:42,2026-02-02,NDTV,anupam mittal says stop shaming gen z for frequent job switching shares right strategy,0.0,0.143,0.714,0.143,0.0,Neutral
CBMikgFBVV95cUxPMFQ4ZC1EOW1OOU5aeFEwVnN2WWk3c3huRmNvQ0dEXzhJM3ZwT0xWaHBkbmFGbUE0WWlKM29Ub05FYi1JUlRYemZNRTIxWDdITzc2SHV3clk1d2sxdGFuckMwelA2SHZoeGg4RmNFbzY4amQyeTFVeHlwanBnbzV2Snh5WTJRZkJzdVEzcDRVanhJdw,India Fashion Trends,Garima Karwariya | Creative Director | GKD Edit,2026-02-03 06:33:45,2026-02-02,Fibre2Fashion,garima karwariya creative director gkd edit,0.4404,0.367,0.633,0.0,0.4404,Positive
CBMiygFBVV95cUxNcmt0RDUySmRwS200VzU2UVltSUpvb1BIZDZ2Y09SNEFhQTBweWM4UUo1Z29mTWZvalczb3VGcTg4TUFRQ3RNOW1FV2xSUU9jOWFEWHl0Z3UzYVg1Yzd0eUhfY3JUYWpPZXplQXF1cXl3aDJXSnhWVEprUHQ0a05sTWxxZkc2eWFQMW9mY01qRzRvbmtyaHRpOUVOWXBCSG8yUWsxcGRHVFRxWDBSMXplbFJyay16THRVZElFUnhxRzVtOThmT1JpbzFB,India Fashion Trends,"VIRGIO Opens New Flagship Store in Hyderabad, Bringing Sustainable Fashion to Southern India",2026-02-03 01:01:00,2026-02-02,Passionate In Marketing,virgio opens new flagship store in hyderabad bringing sustainable fashion to southern india,0.1027,0.104,0.896,0.0,0.1027,Positive
CBMilgFBVV95cUxOZFJXLUs2Uk8wT05xaG1tb2EyczdIX2dvemJjZTlnNzNWM19qMW9laEo5Z3VzOEk3RllXS000ckRBelMwWjdfa1l2SDdzdW5BWlpITXU2U1YtMVB1cmZlclhUaXE0VlU1Zlh1dUhTZEM0NGo1cm1BY0Z1bkZBWEgzQWcxZW9qLXhIZjZ4U012UGZ2M3lmdnc,India Fashion Trends,Munich Fabric Start records steady footfall,2026-02-02 18:42:22,2026-02-02,FashionNetwork India,munich fabric start records steady footfall,0.0,0.0,1.0,0.0,0.0,Neutral
CBMikgFBVV95cUxPTktRbHg4STBPX0tlRjB4X0tFbUp5WEtQSGhBUm5fYWg2VE5zLW5UeHM2TXBpb2Z4RG5vT1pCLTcwSmxmSFpKQk5JOExXUFV2WEpuZ2tRNWF2VFpIS0ZIcDB3UkVON2kwNTFLVkhjUFpjNkVuZlF6cGNkRVdOdXV3M3FrRGlVS3I0cWV2RkU4YUtWUQ,India Fashion Trends,VIRGIO Expands Offline Footprint With New Hyderabad Store,2026-02-03 06:03:43,2026-02-02,Indian Retailer,virgio expands offline footprint with new hyderabad store,-0.0258,0.157,0.674,0.169,0.0258,Neutral
CBMiqAFBVV95cUxOdU1EMWFQRDc2c1hlZXJGQ191ZFZiT1Q4Tk9HT3l2OUhiZ1JWWXJqRS1vak5ZeV9OQ3lXcW1vM1Bta2lWYWxQSXA4NXlsME8yR3hRMVlFMDlheG1odFJhc3VHZXRIZl9Gd2JCQmZvWjJlNFM2Ri1HTWZPQ0xvUFRtVzRIanJnYmVXd3gwLTdYLVBkOFhQT1RzYm4xS2lsRlNRRElwQUo3QULSAa8BQVVfeXFMTU8zVlVjUEZwUTlIMXBOeGhFQWNzMXRJbllfR0Q5eER2WWRtZlBfU09VeVNYVkgxTFdsSGo1NjRoT1VDcVZ5NmMxU3dxaHBQdjFsOVh0LW41Z1Z4N3c3TnZFbzhCTWtKZkd3NjBLWGtSc3hnV2RDcE5oQUZVRTF3Y01RNWxhOGxmdG5YZlUtMHlRMURZbFNkd2xvVzJjMVd5LVhFMWZ4MDJjbks2bHF3MA,India Fashion Trends,"Chennai’s India International Leather Fair showcases 2026’s trends: Corsets, athleisure and cowboy chic",2026-02-02 12:13:00,2026-02-02,The Hindu,chennais india international leather fair showcases s trends corsets athleisure and cowboy chic,0.5267,0.306,0.694,0.0,0.5267,Positive
CBMihAJBVV95cUxOcDZ6Y0ZqcUZyblYzN2l4VXFtM0owWEZxLU5WQkdIb3haV0oxQm04bDRwUFJDZ0F0Mko3ZEptVUxia2VvM3BiYThqU1FtUHJFSzJxR3Zvd3RtZnJ0LWxtTjF4enJPQUhxWWdlUC1pYkozZFZXUlJDY04zV1ZEYzE2UnV2UXUteWZrSmhKZnN0QUUyNE12TUd1MmJCQ0FJVFU3RXBZQk5teU1YR05wM2pjZkZ5LXRNRDZLc1RVb3NVemFLRUNrT0VaRUNWT1NzOXNOVGdqVHZYMGFHV2NfWTE4SUVSZUFDLUNwV1lHYnlISkFuRXpaRHRhWUtESmpTQzFMY1RqetIBigJBVV95cUxNczZYUlNROUhFa1RJbFNSeDlFdUtQZFRoTTk5ZjZOS18wbkJjV0NTNlptZ2JrcmJtaHZ4Y01PY2MtNE9yeVZDaE5HMjgwLUJuWktZSmpZdlFRT214dEV2cXFfMXJnVlBScGotX253Ty1aQXA1c092MDZxT0Z6RmVoMnFrRUV1OWhfTE93RjA3TFZrS2lGSF8xZTE3MXpVTnJ6cGJVNHBrTFlIc2tMVTZQaHBBenNsdDJUQWl3UldxNWVyMWR3SDF1ZkZ5d1B1QmdMcGJDRmtjUUxCdm40ZUc1QjRFY1JDbEtDZXJBQ0xOU21jT2QwcFFJNGdPb3NremRhcGpaYTcxMkpiUQ,India Fashion Trends,"BTS reunites at airport for first group trip in five years: What Jungkook, Jimin, V, Jin, Suga, J-Hope, RM wore | Fashion Trends",2026-02-03 03:08:19,2026-02-02,Hindustan Times,bts reunites at airport for first group trip in five years what jungkook jimin v jin suga jhope rm wore fashion trends,0.0,0.0,1.0,0.0,0.0,Neutral
CBMirAFBVV95cUxNN2xnRlV3WmdTVVhZeHV1UndwSVY3djFOY19fUGxORnVlUTJCMjZUYmpldkZpbUlxWDVGcjR2UXhSbm1mRDFicVZhVUw5dXpJYTQxQ3VTbll3TjhnU1dJYjg2LTJtTUtSa1RFV3N4MEVSN0JFMmRyQU9pYlljRmFjbzZwa1JveW0tWjJpd2d2WlZ5akkyWlFNMWFuanJPaVA3bUotNTVGMWRscDFI,India Fashion Trends,Sonam Kapoor's Elegant Maternity Ensemble Redefines Fashion Norms,2026-02-02 17:48:04,2026-02-02,India News Network,sonam kapoors elegant maternity ensemble redefines fashion norms,0.4767,0.307,0.693,0.0,0.4767,Positive
CBMilgJBVV95cUxPa0tTZ1REVnZTV1IxbXZpQjBrbFdvWTZoM3N0dVp1QldWR0haTFcxekt5bGhMcTB6bkxCZ3NlWTZ5TDlxdkJoUW1OOWFEQWxaalNHZ2JsMXdtTDBQYUI5TTNzSmROUU42ZVNtZTdEUHZJTmQ4YlE0UGNuV0lXQWZicUVVeHdMZFo4YjVFN3lOY1NVaktScEpQYXB1clJpblAzaFIzTHFUWGk5a1RxYm5vUUszR2RfOHBGZWktRmt3V1hyVmJxLVBmQmUybXBvUE5XdnNwcUlDOTVHXzQzMnJ6NWRrNFVTc2pNd3pWRXE4eWVsalRic2lRMGZDWGhoaWRyazduS244YXNhaHU1YUtRQU9XSTQ0Zw,India Fashion Trends,"USA Joins UK, Australia, Canada, and Bangladesh: How ‘Fashion Tourism 2026’ is Making Manipur the Next Fashion Capital — and Airlines Can’t Keep Up!",2026-02-03 06:27:06,2026-02-02,Travel And Tour World,usa joins uk australia canada and bangladesh how fashion tourism is making manipur the next fashion capital and airlines cant keep up,0.0,0.0,1.0,0.0,0.0,Neutral
CBMimgFBVV95cUxPVy1ReEVfSWFhZlpRcnNHQ0xJZVRvTE9EaEVWOE1JOWN1QkxzeldWeDdIUkN6LUVscTh4dEd4azJ5WDd4MkgwbTluNFJMVXJKdHdRbERkVjhWdDdadGw1QXI0QXMxd200Q3owZUxLSzV1V0tQbDNLTUwyT2JCb0k5T0RPblRNbWo5MkdpRXFPM3FXR2x0MlVhU3lR,India Fashion Trends,"Fashion Accessories Market Set to Soar Through 2032 Trends, Growth Drivers, Opportunities & Challenges Uncovered",2026-02-02 12:45:07,2026-02-02,openPR.com,fashion accessories market set to soar through trends growth drivers opportunities challenges uncovered,0.6705,0.394,0.606,0.0,0.6705,Positive
CBMisgFBVV95cUxQdUlMcmNjNURvYXVucnlZemdzYTBINDFIaGZWVjR2dk95SlFpb2hrLTdlbXQyZUdGTzF6MkNYUFlFUGNCYmRlMzE0SV92SGRWVlRGS19JMzBjdUpBSEVhM2RRSHlXZ0VBT3BOLV9DWEI2bFJkV1lfbFRhc1YyaV84MW5wUW5iNWNZb2ZPczFHWnlXbElTLXFpQWtiOE9XZHV3QWxUZFZzM1FralJnakVhZ2NR,India Fashion Trends,Gargi by P.N. Gadgil & Sons adds five new stores across India to fuel retail expansion,2026-02-03 07:18:21,2026-02-02,Indian Retailer,gargi by pn gadgil sons adds five new stores across india to fuel retail expansion,0.0,0.0,1.0,0.0,0.0,Neutral
CBMi3gFBVV95cUxQUm8yeGZnZzhCemNCUjN4UGNaQU9UMmpydWJMUHJVZFlDZmtCRlFJSHNxU1JWX3JyZktkVUNuNTlyVDA2cUEtOEtQa0czUGkxWTJiTVNNdDZDdDhjMHBHZjJ0YVZjUHRVdnpTRUpJNmlLVlYtRzI0ZlZ0ek5xUjFJM043Ukd6R3lHNHNPLXZxekpDdnZwWW5kQU1tUEFHN1RodzM1anFNdXVmaWZYYjM4Z3AzWVY5ampmdTRjUXI0cnpwRU5ScU9qSG0ybXhpTkcwT0EzemVOQkM5X1N2RFE,India Fashion Trends,"Arvind Fashions: Strong Quarter Fuels BUY Rating, Target INR 700",2026-02-02 12:41:31,2026-02-02,Whalesbook,arvind fashions strong quarter fuels buy rating target inr,0.5106,0.292,0.708,0.0,0.5106,Positive
CBMi9AFBVV95cUxPR3VhZFNZM0dZMlR6NzRlOFhVYUc2OFd6aWh5bk8wVzdzenJ5UnlHTnRscDI0NURHY1d3UEVWTHdaeGt6UzluaWRHNF9DZG90WTM2VnVENzRQNFdtMlVFRzUxazV5ZGZpRVhFN002N3p1b1RnTVZhUjRhbTJMTHhMS29tOVJoaDF2MjlVNDlyUThpOWZPc25aMFJhX2NPeFdEUUxwT0lGbTRmN21xWWFLdk05RThJd2VYVzBXWFVET0g5Q2dlYURFaGRkU3VzTGYzamNybTI3eFhCWmpnTWE5UWxpLU5CTURsdW5WSjQ2Qnl3MHht0gH0AUFVX3lxTE9HdWFkU1kzR1kyVHo3NGU4WFVhRzY4V3ppaHluTzBXN3N6cnlSeUdOdGxwMjQ1REdjV3dQRVZMd1p4a3pTOW5pZEc0X0Nkb3RZMzZWdUQ3NFA0V20yVUVHNTFrNXlkZmlFWEU3TTY3enVvVGdNVmFSNGFtMkxMeExLb205UmhoMXYyOVU0OXJROGk5Zk9zblowUmFfY094V0RRTHBPSUZtNGY3bXFZYUt2TTlFOEl3ZVhXMFdYVURPSDlDZ2VhREVoZGRTdXNMZjNqY3JtMjd4WEJaamdNYTlRbGktTkJNRGx1blZKNDZCeXcweG0,India Fashion Trends,Anil Kapoor's Dil Dhadakne Do hairdo is back as he surprises fans with new silver fox look | Fashion Trends,2026-02-03 06:37:21,2026-02-02,Hindustan Times,anil kapoors dil dhadakne do hairdo is back as he surprises fans with new silver fox look fashion trends,0.2263,0.095,0.905,0.0,0.2263,Positive
CBMihgFBVV95cUxOR3lLY0tmUXozdEh2bVlqYzQxb09lMXhCaDZ2cjhNa2xUS2JITkl5bzFNT01na1BwYXRFbzEzNENXZTFEdDlFZjdzSWo4VWkzb0Z2NTZQMlhUcERpQkdGY29VcF93NlNmS010WUdFS3I4dzJMSjNlcHd0SGNmLTVzQktsNFpOd9IBhgFBVV95cUxOR3lLY0tmUXozdEh2bVlqYzQxb09lMXhCaDZ2cjhNa2xUS2JITkl5bzFNT01na1BwYXRFbzEzNENXZTFEdDlFZjdzSWo4VWkzb0Z2NTZQMlhUcERpQkdGY29VcF93NlNmS010WUdFS3I4dzJMSjNlcHd0SGNmLTVzQktsNFpOdw,India Fashion Trends,Nirmala Sitharaman: The Person Beyond the Portfolio,2026-02-02 13:12:09,2026-02-02,Northeast Now (English),nirmala sitharaman the person beyond the portfolio,0.0,0.0,1.0,0.0,0.0,Neutral
CBMiqgFBVV95cUxOZTQzV3BJSU8zNXVyUmQyVW8yNGxMek9FNDN1MGtpTXVSZGhGYjZUNlBTSWpBTlFVaXBXS2VYQ2pUaU9zal9mdVlEdlo5TzRqd0dSSHlFS0h3SFdlOTNWTHJDa1dVMXE1c3R2QzRaUnRQbm54QlM4YndZQ3Vhd3lIY2tzMi1vV2dhYS0xS09NSm1naEU2dHYwSHpKMkpvUmI0RXEwUjdPeEplUQ,India Fashion Trends,Top Makeup Trends in 2026 Every Indian Woman Should Know,2026-02-02 09:55:58,2026-02-02,Herzindagi,top makeup trends in every indian woman should know,0.2023,0.184,0.816,0.0,0.2023,Positive
CBMi_wFBVV95cUxNbzR6b0kxNDVUeXlhcjR1Tm5GZ1otSHFLd3A2dHNscmNka2czeW9Hekh1LVUybEhMbmRScF8ycjZzb1I4cjU2MXZpZGUtZ3ZsbDRkeEFpeHVLalI3YnBtTEl3Q05lYXljUVZZdlppZ2hYYUdCeU5QVmJtRU11MTJTQTdPREtsTWNlOEZuTUMxTldXX3FkZ0ZDZmJHcDlycDVQM0Y1ZlRtWkZsYVh2bkh4R3dlQ3Q5SVVjbkdLWFk5eEQyZUZaMWFSV2lwOGZHQjk3NUhMOWk0UmhTX1Y3clZ3Zm9SQjFqaFVRSDU3aFJFX2tBSG5UTUc4S0FwREpZNEXSAf8BQVVfeXFMTW80em9JMTQ1VHl5YXI0dU5uRmdaLUhxS3dwNnRzbHJjZGtnM3lvR3pIdS1VMmxITG5kUnBfMnI2c29SOHI1NjF2aWRlLWd2bGw0ZHhBaXh1S2pSN2JwbUxJd0NOZWF5Y1FWWXZaaWdoWGFHQnlOUFZibUVNdTEyU0E3T0RLbE1jZThGbk1DMU5XV19xZGdGQ2ZiR3A5cnA1UDNGNWZUbVpGbGFYdm5IeEd3ZUN0OUlVY25HS1hZOXhEMmVGWjFhUldpcDhmR0I5NzVITDlpNFJoU19WN3JWd2ZvUkIxamhVUUg1N2hSRV9rQUhuVE1HOEtBcERKWTRF,India Fashion Trends,"Dhurandhar The Revenge Teaser: Ranveer Singh transforms from Jaskirat to Hamza, angry netizens say ‘Chuna laga gyaa’ | Hindustan Times",2026-02-03 06:55:04,2026-02-02,Hindustan Times,dhurandhar the revenge teaser ranveer singh transforms from jaskirat to hamza angry netizens say chuna laga gyaa hindustan times,-0.8271,0.0,0.648,0.352,0.8271,Negative
CBMipAFBVV95cUxQTVNQbURWdkNTbExpUndTMnl2eUk2a0k5NWxqLWJtdHBFV083ZmVRY1dNLTVON2poWGcxSUdzS1dUZmFLU1hSNHo1V2JHdnFMWHFwcXc1a1l3Vno2ZkNZMFZGcjEwcGRFbXpTbjAtSEFvQmVnbFktX0dUX1B4Qnp5WUZjZzZ1SUcyTGRQVU5jVFJNMV9PMjMxcG5uWVRFa3d6TGtucA,India Fashion Trends,Retail India News: Arvind Fashions Reports 14.5 Pc Q3 Revenue Growth,2026-02-02 11:34:25,2026-02-02,Indian Retailer,retail india news arvind fashions reports pc q revenue growth,0.3818,0.245,0.755,0.0,0.3818,Positive
CBMi-wFBVV95cUxPVWJOeFdSRFZ6MkUzQkpZdGhneHFQZEdBRUpvM3BpQW1xZU1jeWwwdE1kRVc3MzhYNU5iQW1HU0g1Y2JNTjJ0d3lYbXhzMHJPMnVyMERWQ0s0b0tOLWs5SXphOExKTEpsdnFENnM0RC1rMG9uVHI2SnEycmMtQmJpTVBZTDNHTzJnU1NJcGI2UVgzTHdUcUZLb2xRUXBOdG8ySzVvOTZQZU1fREl0VHpiWmFId0s2eGJxTi1pN1MwUzEtc3RSX19sVDA3Vi1ITGgzVDUwSkZKX3dlZjRzbVBERUo1LUllYlNPLWoySEVUMTlnNi1sVng0Szh2NNIBgAJBVV95cUxPeW92X1g3aWMxQll6Sk4wZ3ppU0syTmoyZHdnWUxGY1NRZkRCYnEwSUlJc1liTHRhUU1SVzFJenluWnN4NTdaNWhUVkd2aXd4V2ZwUkFLTlA0QXkzMk5oaTdhMmRGazJpelZaQkhGeENFQmd4bDVYOHpUWnZxU2hOdnpzMGxReWtMLWRudjUtLWxsM1VtNkpBTmJNTFJhNmg4WVotZUd1eG9HbkRVZW45amZScXJFdUtqeGZrNENWZnlFUmpMZUkyMWlVaW1LMXdra1VOUExEYjVZeGlVSk8wTkQ3ZGdQaW15MDQ2NkFQZnlveHZJR3h1S3h0UnBPWDVT,India Fashion Trends,Mom-to-be Sonam Kapoor shows off her baby bump in all-white look during a shopping spree in Mumbai | PICS | Fashion Trends,2026-02-02 10:15:17,2026-02-02,Hindustan Times,momtobe sonam kapoor shows off her baby bump in allwhite look during a shopping spree in mumbai pics fashion trends,0.0,0.0,1.0,0.0,0.0,Neutral
CBMikwFBVV95cUxONGhDb1d3TnJFdGh1WDllN09vc29VSm45bnFYTnE4NDdZWVEzSG1kQWF5YTM2bTJrMnlPd0pIR3RNUUYwN3RnR2lMLXpyRmNNbnBYSVFId3VpbE1reFh5MGpYVDBHVF9uel9YWW1MYXJ1NWxtZFZMNFFEeDh6MWNRRW1aZ09kWG1KVG1ySHBXRG9SZWM,India Fashion Trends,"Retail India News: Meesho Q3 Revenue Climbs to Rs 3,517 Cr",2026-02-02 09:14:54,2026-02-02,Indian Retailer,retail india news meesho q revenue climbs to rs cr,0.0,0.0,1.0,0.0,0.0,Neutral
CBMi2wFBVV95cUxNMk5yaGVJRUgxcWZCclkzMVF0dG1vdjlDTjVkSGJzdUI2Y3RDbTVGa3IwdWFxcjcxOElIeENYQ2w1bW5Vek9FOEJmaWNBOTQwSFdyNktIZGQ0WVlGSjZWRkNxcmdaV0dZWU5pVktmenRaM2d1NlE3UUFiczZTbW82UGE5STlXakFtMGxobEx5cUZhbHg5NEoyNWZ6QkwyWjJRaVFLY1hrMHI4TFo0WXpqMUowbE9mWlpVRUVSaHduN000blhiZC11dTJ5LVlTcnc5WE1oSEdXNmtSUFnSAdsBQVVfeXFMTTJOcmhlSUVIMXFmQnJZMzFRdHRtb3Y5Q041ZEhic3VCNmN0Q201RmtyMHVhcXI3MThJSHhDWENsNW1uVXpPRThCZmljQTk0MEhXcjZLSGRkNFlZRko2VkZDcXJnWldHWVlOaVZLZnp0WjNndTZRN1FBYnM2U21vNlBhOUk5V2pBbTBsaGxMeXFGYWx4OTRKMjVmekJMMloyUWlRS2NYazByOExaNFl6ajFKMGxPZlpaVUVFUmh3bjdNNG5YYmQtdXUyeS1ZU3J3OVhNaEhHVzZrUlBZ,India Fashion Trends,Grammys 2026: The most eye-catching looks from the red carpet | Hindustan Times,2026-02-02 09:32:59,2026-02-02,Hindustan Times,grammys the most eyecatching looks from the red carpet hindustan times,0.0,0.0,1.0,0.0,0.0,Neutral
CBMikgJBVV95cUxQSmZnNFdmTjNqbkZwdWRYSkp0d2ZsSHlRcWUtNkY5RkR6ZnZxa0FyOWlKSVBnSUFkRkJuNWFZY016clJiLWV1R1ZYWlhDOHNFVXJ3Ykc2dWRqUFZDV21KNWlXU1JyS2ljanJZZUJUenRvVUFjVnp0d0dZc29SYjNNUUh2OE5SLURLanVvZkUwM2xJbC12M2V6V3N2bEhXTlh0UkR2V09vQUdpbmNVSEJDU2llRGVqeThzcHRjTG9Sb01zUGZCeW5mX1pUMDNTYWhGTXNfTUhHRVdyazJqYmlpeDdaalprcXJRTjcwM1owMVAyZU85d3J1X0V0UDAzM0ZibGREQlAwQVlzN3lqYjdhT2l30gGSAkFVX3lxTFBKZmc0V2ZOM2puRnB1ZFhKSnR3ZmxIeVFxZS02RjlGRHpmdnFrQXI5aUpJUGdJQWRGQm41YVljTXpyUmItZXVHVlhaWEM4c0VVcndiRzZ1ZGpQVkNXbUo1aVdTUnJLaWNqclllQlR6dG9VQWNWenR3R1lzb1JiM01RSHY4TlItREtqdW9mRTAzbElsLXYzZXpXc3ZsSFdOWHRSRHZXT29BR2luY1VIQkNTaWVEZWp5OHNwdGNMb1JvTXNQZkJ5bmZfWlQwM1NhaEZNc19NSEdFV3JrMmpiaWl4N1pqWmtxclFONzAzWjAxUDJlTzl3cnVfRXRQMDMzRmJsZERCUDBBWXM3eWpiN2FPaXc,India Fashion Trends,Isha Ambani’s fun getaway with friends in Gstaad comes packed with cosy outfits and chic winter looks: See pics | Fashion Trends,2026-02-02 09:56:51,2026-02-02,Hindustan Times,isha ambanis fun getaway with friends in gstaad comes packed with cosy outfits and chic winter looks see pics fashion trends,0.8176,0.321,0.679,0.0,0.8176,Positive
CBMiqAFBVV95cUxQenN2TUhwWlpnS3RfaXlhdElfaENaUUQ4VFRtQmVwekh0eGFtUmlOOXFNelRNbjhsMmV6Qnp4ckRKSERNbk5VcTU4bUhjVjA5c2k3Wmt0MHoyenFHMWMyc29KQmxxZENOWnduVVpwTDFpM1ByME9rQ0c2eExGbmhNV1Judm1XeXBxUG40aUhpMkZkalpONVI3VWctQkRiWXBVN0dxdUtFZ3Y,India Fashion Trends,Retail India News: ITC Reports 10 Pc Drop in Q3 Profit on One-time Provision,2026-02-02 09:33:56,2026-02-02,Indian Retailer,retail india news itc reports pc drop in q profit on onetime provision,0.2023,0.193,0.667,0.14,0.2023,Positive
CBMi2wFBVV95cUxOaGg5dlNQREh0YmR6VHY2aHZRN2V3MGFyRlpvMHd5NGRaOE5lLWhFYl9hcWc2djVxUWdCV3cwMWhsYWZzUUNzU25XcWVST084VnlvUXR4S2E0V2RlUlplbFJpdXBxVmNBaDRJU3pxcDlCYnY1Wm1WNlZ5TzNHUGFQWmllWnlWRl8wUFlUenoxZjZaWl9falNFVlhjUjhLMW9EM3FhYXVWdFBiNklsaE9XRnhiNDJ5dTBtdWJQUk9UWUhGRHpncDFUei1FOWJZbVVySHFsVTdPY0J5SkE,India Fashion Trends,Multi-Needle Embroidery Machine Market Forecast 2025–2031: 3.71% CAGR to Support Steady Market Expansion,2026-02-02 10:16:21,2026-02-02,industrytoday.co.uk,multineedle embroidery machine market forecast cagr to support steady market expansion,0.4019,0.213,0.787,0.0,0.4019,Positive
CBMigAJBVV95cUxQLTRxTGUxTDBENXg0ODBneW4wWE8tTXNQZHZfSWdiUU05RENMeUlRRWVneUFPMXMwaGl4T2lWN0YzMUdWM0RDQ2tzRHN4N01yTS1uYmtweldJNTl0YUtkeFE0U3RmN0Y4aGZVRzhUelZManoyRUpobmN3N1hMUmRnQW5tajVVZGxFLV9HOUU1Yy1UT2dyZXpzUnJYQUJ1a0JKaDRBMUozMlJjek9pc0pHMUVOX1FKb3ViaHNHd3ZsSlRZb01rcGJnUDhZUUpqSjFQLUVadFByb1J3cXZXSFNNaF9hc1NyUGoyYWxrZTlxeFNGM1U5MHNVOXRVRHZXZ2w40gGGAkFVX3lxTE1mQmxmS3BIMEFZX3huZi1PV2pMNE9rV09oTVFkT0JoUTVMN21QXzhhbEFYNzhiS1NHWlE4T0dEZzBXR3F0ZjJVSVNlWWxSeVFlVlMtT3pydUpuRTdwSW5aZnNzZ0hWdjRKUVBGTzVyYXBDaENyODZtNjZnOHRGOUFiT3ZRb0Z1bzhXVVA5eFBHYU1RR2taXzBwdVZMcmFVWU9QYkJfbjFfMTRaZ1dNWmV5SU1haEEwTHJmTG41UEEyUHlSd0hJbXh1WmtfYUNxeXNMVVNycEVpMk1OOXdmN3JqOTJFVVBjVXBBajZYdUZmTTNOejIwdExvMWZWOFY5RlA1SUNjNmc,India Fashion Trends,From sarees to maang tikka: How Indian fashion stole the spotlight at the Grammys 2026,2026-02-02 20:10:00,2026-02-02,Times of India,from sarees to maang tikka how indian fashion stole the spotlight at the grammys,0.0,0.0,1.0,0.0,0.0,Neutral
CBMitgFBVV95cUxQalhYaWpFM1BhZjBKZjh4OXI1N094T3Rhb18tZGs1ejlveWJ4S0hGeG50Q080NUthT05LbHBlMTVURERtSUpYTjZpMHRzSFk2ZWNtQ1lINnU0ZU9ZZmQzaXRSNjFRcDZuQlM2bTlQckhhelpvTFRaTHdfRzFHY1dFcVBKWk5zdFRrTkkwYW9BaWlnMmo5NFF0a1NZZDByNWU2aFVZdHlmamo5bDZxdnQ1QXFvaEMxZw,India Fashion Trends,"Budget 2026: No Direct Sops, but Boost to Fashion Retail Ecosystem",2026-02-03 05:09:37,2026-02-02,Apparel Resources,budget no direct sops but boost to fashion retail ecosystem,0.4497,0.27,0.608,0.122,0.4497,Positive
CBMimAFBVV95cUxPbzFoaG5uRnhWX2tPN1pFZVF1TWp6WkFobUZOYUFUVnVlZW1kMjl5ckkzWDdvNXF1eDVRWUxTVFVTSVFIcGVyZVQzU2ZDNjhWTXE1YlVlODQ5RjhBOGlha2Jqb2NESVU1S1llZXVVdVNsRV9tc3ZveUFnTFN0NHZYemN6dy1PTER1R29tRzFtNkx1eHFFaTREdw,India Fashion Trends,"Not trendy, just terrifying: How Dhurandhar:The Revenge uses fashion to command fear",2026-02-03 07:53:08,2026-02-02,The Economic Times,not trendy just terrifying how dhurandharthe revenge uses fashion to command fear,-0.5577,0.161,0.484,0.355,0.5577,Negative
CBMi0AFBVV95cUxPd3hJSThFZS1DbERMbm1TMWhPY3Q1XzlCdnhLNHVjeG43bnhpZEpiTVlSY2laNE9LTms3OTZzTmRmTHdXNFZOQUx5ajJKaV85RC1VM0Q3cXZyQ1hqR1BnOW1vYnYtUGtFS21Rb003Vkl1TkliYVJXdHpwWHlZLXFsSkJheTFLaHZIaWMxbHd3dVJnb1RDZTJKQmZYaVpIWjRmcHE3OC1yMGNiSDhkRzhUekNJbjlGRjlya0ZEV0M2N0pyME1DSDVHYnRRc1BiWUZB0gHeAUFVX3lxTE1uNkJncGw4bUVrNjN4U20tLUozMjlIdjh2dEg1SXhLWmNzNmxmME9nWTRKOUQzVFdnWGhVeDlTbjBhYjFqeGloWXl4aGx2Q2NxejdDZEZaVnZDWTZXbW9OVW0tajd6SmRiaS1hZXNOYmpMQTVBdDZ1Z2NnRHdSRUZUaGpHa1daczl6VjNlOEptenBmU1k2cHI3dVhQOEJFVU5rbmZSb0dEUDRTWEdDQk13UlpqNTJHdHJzNTVSbkRYUGZTTjlQRXlhNF93OFBOT2tRZGhLRHhvNFRkWWM5Zw,India Fashion Trends,Dye-namic ties: B'luru experts on Indian textiles gaining global visibility,2026-02-03 00:30:00,2026-02-02,The New Indian Express,dyenamic ties bluru experts on indian textiles gaining global visibility,0.4215,0.237,0.763,0.0,0.4215,Positive
CBMiigFBVV95cUxPVTR5NF9mQ1Y4MEloS0tKN20zc0ZKWnI1NGtKa3V3WmVrbHBtOXFnOHR3aEVWZ2o4U2J3RHlXUzFZaXN3NFR0NHlteWtjQXJCc041dHNfVVFVbi0xQS1ZUDF6aGtKbDg2T2NkWEhSS3Z4RXNVb0h4UU9FOExldHQxZ3JUUXMzRHNfNnc,India Fashion Trends,"Cosmetics Business reveals the top 5 ‘beauty hotspots’ of 2026 in new report, from K-beauty to Arab beauty",2026-02-03 02:49:19,2026-02-02,Cosmetics Business,cosmetics business reveals the top beauty hotspots of in new report from kbeauty to arab beauty,0.8555,0.42,0.58,0.0,0.8555,Positive
CBMitwFBVV95cUxQMWRsY000WjVSWEFpRU1hbnhZbEE0Q0FHRjg1TG1OUzU1eUxXVFNwTDJMV2huckV4eVRaek1sYkRFcFNDaWxhcVhNWGxMSFhnRTBWV0E3bnpEWUhYRTROdUMtaVVzQVhSZ2h3R0t2UkdnQU1uSlBwTUlrNDhKdThHOVpLZHZITGFxVnNQRkxrS0NoQjA1c3djV2RBclJGMjhMRTAtRU5EbWE2elcyZXM1WkZpWFdCTVU,India Fashion Trends,DIY Queen: Trash to Treasure,2026-02-02 13:38:50,2026-02-02,The Economic Times,diy queen trash to treasure,0.296,0.355,0.645,0.0,0.296,Positive
CBMizgFBVV95cUxQNVBZMTNyeXl5TEw5VDF6MlNLUUl1NHJfZUwzeUVMY2lrZXU1RENEZ0xUN2VnSFViYkQ0UW1BNERaNDFDY0dOak95SjJiRkRlYkxrN01zeHpLLWM0bDdwdjRUWHBubEVQd3VBLURnTkZ0RzRqeE93bUQ1MDkyRDVjc3lJZFR3RTZMTklLQmF6RFpmU2hBM2lpaUw1WFlKbVR2RUYyYjdMTDBXN2JZTmQyY1FGR0pDdnRrVGJvZG1wVmxxREdXWktNRnZDTnphZ9IB2wFBVV95cUxQb3dMVlU2eHJDUFF3RnRROEU5RnpKVkRWNlpSRFVEUHpiUlNqTnFDQkdNaXRtQVd4cmZzWHdGMmhSWlVnbHJkUVBRY0Z6SVZMRGhBZXNHbVdualRwbFc3MlRyRW9LVXpqM0dudFFxWGZpLTZoSXhwTXpocjJZMG93endONkxDWUNQX3hOZm9uTl8zbXNuekROck42QngwX05PdEJrQTZobVM0aDlXbnd3OFdMaUdoam9XS084TXRBc1RGZWN1TmZQd2xsY2JOWVRyODdiSnRubWkwdDg,India Fashion Trends,We have moved far beyond the need for Western approbation: Prasad Bidapa,2026-02-03 00:30:00,2026-02-02,The New Indian Express,we have moved far beyond the need for western approbation prasad bidapa,0.0,0.0,1.0,0.0,0.0,Neutral
CBMi6AFBVV95cUxNV0R3S3hHTW9xamJPRGhyTF9BdzdQekgzR1BwcEl3cGZkNHFBOGRCLUZ5UnlvTjNsMmpfaWEzSDJPZ2tHb01Ua3lXc3FpVDZrN19NS3VJQlBma2xqOTBwdXZmN19KWElIN3lRcUpRcHBTMEdNRUxBeVhDNHZ1R1g1Uk1ocXpGMU96Z202TDMtQU9saDhzaDFVVWNGbjJCTDFOV0RsUDdzMnQ0VGYwek1DSlFTYTY0aGZhU0VJUllLXzVjZzE3cU5mcGhxRDFRMDQtc0Q4b3F6REhmWW1fMnVjTEpxbF8wUUZR0gHuAUFVX3lxTE96Q3J5S1FpOGdLQVo0dlJaa0lmWDhUVlUtYjduZjFfRE1na25QQW1CV0RMRm5kOE1BRHFIMUlaYWpkTng0QmNCbWZXOVFvZVFvTzFzMlV6YW9pUjdpOE5keHpNcl9EdzVDa3Y2TlJlN01Mc2ZMbFQxQWxyTGdXQ3JCSVRUcGlIWkJ6UXpRODFyV0pFOWwzdnNkajk3YnBHNzBRVUF2UkZXeERmNzlWT3VSV2c3cDlkMExUbVNWTGx0ZlBrZmZqeDhxMmhIOVpjellnV2ZXbWRwb21EVldjc0NjNlhIRmlCT296T1huakE,India Fashion Trends,Margot Robbie stuns in romantic corset gown in Paris for Wuthering Heights premiere | Fashion Trends,2026-02-03 03:47:03,2026-02-02,Hindustan Times,margot robbie stuns in romantic corset gown in paris for wuthering heights premiere fashion trends,0.4215,0.226,0.774,0.0,0.4215,Positive
CBMizAFBVV95cUxNTjVWcHRKSm9qQU1qaXR6cHZoX3QyMzFoNHN5bXI1M2VlNmVkSUloQk5TY3MwTTZ4WUUxTnlBMU5ER0ZQa3NucUlWemxjNzFfWWNnajBpdnZrTV9Id3VkTDh0cGtJa3p2aVZCR01wYmJURk1PX1VLa1RhbEdnZXJ5V2lPMEoxbVNYY0JIaTBzNXVqODd3bk1HbkdWMVVCenJsMmsyYVZGcU5WN3lPemRDbUl4Zzl0UTFGM1pSWThvT1NQV2c0QzNEems4UXHSAdIBQVVfeXFMTjZheWg5S1QtNV83NS1NUkhSQlU1akZvaVhkZE1uMlg3MTRiSzlwWnVXZ3JYdzEyUlZ3MXliNGUxcDZhTHFseTFneS00dHUtaGtHOGZ1WG1JNkdWNUpzcVNyYkVESXljdVlKYTZ6WjYxaER3Ty1SeGdybnBtUDFwQWg1LThlcXRCdndOLU4tcUdMYjI3OHptMGVDajBxbGJFaTJxbUt2LTZ1YVV1d2Q4WnlEUDRDLXUtdk1RckJoVGo3RTduVEVKYndsdDlTQ3RiOGtB,India Fashion Trends,"Indian touch on Grammys red carpet ft. Om necklace, Sabyasachi magic",2026-02-02 09:11:38,2026-02-02,India Today,indian touch on grammys red carpet ft om necklace sabyasachi magic,0.0,0.0,1.0,0.0,0.0,Neutral
CBMiowFBVV95cUxQb0JsUENsV0xIcFZPNDRsZnpoRS1wYTJBUWRYc2ktaXVEbzlQRldmNkUyVHNCZmd5ZHlrVlRrOEd1NHV0TDBBRF8zQnB2bHBQR29CVV8tYkNFaW1jT0xrMVJqNURwNDhKMzFsVXVpeGJKbkpUZE9DSWtlSnhOQXR1Ty1qcFBBX3ktZDNZNTEyamNPT3BfQy12MXpWNUdKVUJRYnBj0gGjAUFVX3lxTFBvQmxQQ2xXTEhwVk80NGxmemhFLXBhMkFRZFhzaS1pdURvOVBGV2Y2RTJUc0JmZ3lkeWtWVGs4R3U0dXRMMEFEXzNCcHZscFBHb0JVXy1iQ0VpbWNPTGsxUmo1RHA0OEozMWxVdWl4YkpuSlRkT0NJa2VKeE5BdHVPLWpwUEFfeS1kM1k1MTJqY09PcF9DLXYxelY1R0pVQlFicGM,India Fashion Trends,APRE Art House at India Art Fair 2026,2026-02-03 05:04:00,2026-02-02,Indulge Express,apre art house at india art fair,0.3182,0.277,0.723,0.0,0.3182,Positive
CBMi6wFBVV95cUxQdEREM1BoS2NsTC0tcTRBSGMzRU5aeU80MjFNUHFRZU9aRWVIYkhocXh3MUtEb0tVTlZLUFFQTjJfZXVqTzBUTTIzUXBVUVB5NmpKYUlXb296bGtJaVBFN3RGR3ZrY19LREt6S2RBOEdHbnE4LXhDblQ3SUtPVEpMSFk5WVllLWtLY1NlbjUxT21pNlc1S2xibWo4a2ZjMnpHdnNzbzVOTXJGek1mT3dVTmQtSmJ5OG9RbldnbUtoTGtQX0toMDJIS3l1LWNIclozU1hmOWV1VExweHV1VlJVZkFZeEhzRGVmeFBV0gHwAUFVX3lxTE5fRmZGLWlPNXRJVmM0aW9iSkE1TElUdVI5WlZoWndFX1VhcEFpeS1LZTZQUnlpUFlVZGtkdW9QS0VoSjIzV3NQZzlDaUVlRnNMdnFVOEZQb0kwSVRhWHh6cjRSU3BFQkEwU1YtM2Vublc2c3MyQmg2OWlIejk5WTZJUWs2cTM5a1B5cW5UeU03UU9jREFyRVdyUkllVlNIb3E0bGo3N0lxVm5scHZnbTMwUS1yV2ZOLTdJVS1SWEFxNGE4aEozamVZRkEzcDRfYlktazRhdlV6TUxRQmNqTkI3V0RxQ25FeXBxMFdENUhyUw,India Fashion Trends,"The only 2-in-1 liner kajals you need: Top 6 multi-use, gamechanger picks under ₹1000 | Fashion Trends",2026-02-03 04:30:30,2026-02-02,Hindustan Times,the only in liner kajals you need top multiuse gamechanger picks under fashion trends,0.2023,0.122,0.878,0.0,0.2023,Positive
CBMi0gFBVV95cUxQMDNoLUlRY3hDRDRKd2ZmVEJ4TDBBcHJkdGI2TmwyeXN2QWdLRzVCbWxsVWRTbV9oM2RfS2loU0t4eFlMNktIcFVSWVp0bkJ4Tk5US0ozTHM0V2xPakxRQzk1bDBiV3QtSWROd3RIVHVPTmxGRFVIV3Q4QkFiN3BSYW9naWV5ejhXZ3RHSnpHcmVPTkRYUi1hSm5zemhYS3ZqZVFlM0pjY0MxMW83NzFmZjIyN00xczJJSzVubVk4cll0eXByNHIza3UydW1ZWFVlR2fSAdcBQVVfeXFMTUs1RUNkMkNLbVBjY2hpMGNtLU5kZ3AzcW5hLV9qdGp4bVJSODF6WF9SczlGZkFBNjNXWkFBazFTUUZJb3loWTdObUpVYzZpLU02UDI4TVR6bl9KSWJYbS1uNFFiMjhMUmdwY1h1eE8wNHJ2dkJtdFhLV0gzRHJ2eExSQkVKdG1iUTBka2J4SFVQNlRROTBYSUhyenhnWWo0bW53aTdtdmpVM1pIdTBxTERwRjlJTWlRR1Jhcl9NS3MzdkZaNC04eGNIUEJRdFpSS3ExdmhjWkU,India Fashion Trends,Dhurandhar trends at No 1 on Netflix Pakistan despite theatrical ban: Report,2026-02-02 08:06:03,2026-02-02,India TV News,dhurandhar trends at no on netflix pakistan despite theatrical ban report,0.1838,0.207,0.637,0.156,0.1838,Positive
CBMi6gFBVV95cUxONlkzTm1pbmoyd0RMbkdjUjBQSHF5NlJWSFlfUVV2ckxUQ2FseFZVLVVsV2diLTJmOWdwQ1ViY0VyeFNlN2Q1R0dyM0NCVE5PTHJ4bDE0TlRfLW5YdE50N1JTd2FSdDAyVG56RDBodzdTQmpZNmNfOGZCX2JJN0dYTFFvaUNDMmdydmVjbHVKUGk1Tzl6aXJfaVJ4bXl6a3FIVVZvczU5TmNDZUNkUU1OaVk5ZTJrU2d4ZTZSbWhzdEVMUXl3OFhrY2F0a1g5cWdqelNlakZvVzRSSElXWEJlbEhTNzBzTk94aUHSAe8BQVVfeXFMT1QySF8xcHRkSFR6SGRXc3pva3FVeGZUdl9Ta0xxYnl1XzJ6MG16QlIwcUtnTWlwb1l1cS1qWllPWFhKTkVrbDh1Nm9SeU9sNzN4TlJrdG9nWExaNmJZNkhDc1ZscU9Pc1RaNTV0ZGotMS1oa2ZYb1EwdV8zWExaUFlQbjN0WXI5eFBjVUpYRGhyTVhZQUREYmN6WVIwWWxEakNqdnI2TEZrQjhVWVpZODVETk5oZ3ljb2FpbDNhYWtzLU9GOW9xdDhuc1R6Wk9xTzVlbWFScWwtRkN5b3NfUEdRNHFqWERqWDZWYndpcVE,India Fashion Trends,Why are simple sarees suddenly everywhere: These 10 picks are perfect for office wear | Fashion Trends,2026-02-03 03:29:07,2026-02-02,Hindustan Times,why are simple sarees suddenly everywhere these picks are perfect for office wear fashion trends,0.5719,0.209,0.791,0.0,0.5719,Positive
CBMi7AFBVV95cUxNSjNiVWZydlhyczBfSExOT05OUkducmJTbWhFR3ZJU3ZhcWFxVjVLdHdwb2pTSVdIWkFhaVloU0NLVVZscHA2cmJibDZfX3hSdF96bU5MbVpnODF3blVPV0VMcExvUkp1cVZyQVhSdERnTVlCVHZuSERPeGFEb1NOWlhHQXlRWDV4ZWpSQlZsaE40X3V0clR0U05qcV9EY1VDSWlGbXJVNXdkc0w2Zk45SzBYTUhNUFI1LW5JemJUbFpCUFduS2JDdWFOcGhDT2VWdmdLT004ZkoyQzFydVRrQmYyRU5IVXBLOEExV9IB7AFBVV95cUxNSjNiVWZydlhyczBfSExOT05OUkducmJTbWhFR3ZJU3ZhcWFxVjVLdHdwb2pTSVdIWkFhaVloU0NLVVZscHA2cmJibDZfX3hSdF96bU5MbVpnODF3blVPV0VMcExvUkp1cVZyQVhSdERnTVlCVHZuSERPeGFEb1NOWlhHQXlRWDV4ZWpSQlZsaE40X3V0clR0U05qcV9EY1VDSWlGbXJVNXdkc0w2Zk45SzBYTUhNUFI1LW5JemJUbFpCUFduS2JDdWFOcGhDT2VWdmdLT004ZkoyQzFydVRrQmYyRU5IVXBLOEExVw,India Fashion Trends,Work-from-home to dinner-ready: 8 comfortable kurta sets that are anything but boring | Fashion Trends,2026-02-02 10:26:56,2026-02-02,Hindustan Times,workfromhome to dinnerready comfortable kurta sets that are anything but boring fashion trends,-0.2023,0.134,0.683,0.183,0.2023,Negative
CBMi3AFBVV95cUxObzFYSU1UZGc3Q0dpM3VlYnZnM3pkTzBnenAzbURmb2ludjMwM1JwUndIa3BkZWNVcGI2eHNIRzFoU0M1MFo2N1VxUWphU0p3SGdzT0pWcEpkbUxWeXlOS2IxVWgtZjktVXM1dWVUOWY0RTRtdmNIZlltUmtwanY4MmVfR3BLVnA1OE1TUlRyc2FaOHlCVC1CTFRMZnNZeXBJcmhPYjRicUlJX3Q1c29DWWxUZTZFQkJCUUphYXREZnU1RDQ5R0UtQzZ2d1hYWmtldWt4WFY0cm1iVWpK,India Fashion Trends,United Kingdom's Leather Apparel Market Report 2026,2026-02-03 04:18:59,2026-02-02,IndexBox,united kingdoms leather apparel market report,0.4215,0.359,0.641,0.0,0.4215,Positive
CBMiswFBVV95cUxPci1YajB2LUhxTEp6VG9OTFZnRU9CenRfMXoyU25iOEhJZmY3elp1UkJPak1NV2hSX20xamhsel81V2RwWEc5WGdfQU1aRkRZb3FJdThnZTJCUE9RVnJCSW0wV2tBTDNyN0pQc2VZM1F5ZTFoS2UwX1pJZk5SNndINldxc0RpRWJRR1JSTVQwNW9jSEJfR1VVQTZBNGhCQW9YX1NVWVlWdW5QckV5MUl2TnRnb9IBswFBVV95cUxPci1YajB2LUhxTEp6VG9OTFZnRU9CenRfMXoyU25iOEhJZmY3elp1UkJPak1NV2hSX20xamhsel81V2RwWEc5WGdfQU1aRkRZb3FJdThnZTJCUE9RVnJCSW0wV2tBTDNyN0pQc2VZM1F5ZTFoS2UwX1pJZk5SNndINldxc0RpRWJRR1JSTVQwNW9jSEJfR1VVQTZBNGhCQW9YX1NVWVlWdW5QckV5MUl2TnRnbw,India Fashion Trends,How Indian Women Can Train Smarter Through Different Life Stages,2026-02-02 10:58:45,2026-02-02,femina.in,how indian women can train smarter through different life stages,0.4588,0.25,0.75,0.0,0.4588,Positive
CBMilgFBVV95cUxNWDgwNFBpdWtpODZXdzQwV1lzdTQ4YXN5dlFQT0pKd3R1dEJ5S3pud0NBaGV5MkJ4WkotT3FLVUdCaW85XzhNYUtiemJLelU3eG80SS1XeUFsSkNFelhhZnBNcUQyblQ5ZGZTa2duWmFKUFM1RW1OeTVOM3Z1SHkyQS04UTBBcGxHU04xOXRVb3daV3pvUnfSAZYBQVVfeXFMTVg4MDRQaXVraTg2V3c0MFdZc3U0OGFzeXZRUE9KSnd0dXRCeUt6bndDQWhleTJCeFpKLU9xS1VHQmlvOV84TWFLYnpiS3pVN3hvNEktV3lBbEpDRXpYYWZwTXFEMm5UOWRmU2tnblphSlBTNUVtTnk1TjN2dUh5MkEtOFEwQXBsR1NOMTl0VW93Wld6b1J3,India Fashion Trends,Who Wore It Best: Grammys 2026 Edition,2026-02-02 11:10:37,2026-02-02,femina.in,who wore it best grammys edition,0.6369,0.457,0.543,0.0,0.6369,Positive
CBMizwFBVV95cUxOa21ZVF82RlhIbnYwdlRVZTUxSWROeGRkaFJ3YW9VOHdVdFZ6LWNRRkd6SDAwVlZGRG01ZnRPeGx4eHlJQkNhWFQzSGU4ZlhjVmxJS1dnWHlBZVRDSldtRkhQc2EwMUtkSXdGVHhEYUR4OWZFNkxEcHNyWFdLU0luX3Q1LVdGRWhhU0lXOUZYdEdnWWkwSlJzZWhVcTUwdFlybWl6VjRMN3B0RUFadjZKbVZZaDdyVzZGQTJoTUhvOEtXN0Vzd1dMbWo3V0pQWDA,India Fashion Trends,The New Digital Pulse: How Trending India Today is Modernizing the Indian Consumer Experience,2026-02-02 10:30:20,2026-02-02,Loktej English,the new digital pulse how trending india today is modernizing the indian consumer experience,0.0,0.0,1.0,0.0,0.0,Neutral
CBMiwAFBVV95cUxQd19Yelo0ajJvcU1SSDd6ZUR6VmlpaDRtOUg2OXItS0E2bm9neW11dHNLbFcwVHJtaHZoTnBuTERSWk4xUkZtb0tvRkNMUkdjSGJDcWVCWnZUbDRwRWNNa0lkYnl1LUE1Y1VTRWlzQXNIbWFUUXUtRE9MVlJQT2tJajBPN1NJYWpWRXlKTHo5ZU8zZUdLVkxpeVNjYkt0dHpVeXJhNnVyZTJld1JuM1paaG1ucFI1a3JMMVNSMXV6TUs,India Fashion Trends,"Ranveer Singh sports a ₹350,000 Louis Vuitton jacket as Dhurandhar trends",2026-02-03 03:19:48,2026-02-02,MSN,ranveer singh sports a louis vuitton jacket as dhurandhar trends,0.0,0.0,1.0,0.0,0.0,Neutral
CBMioAFBVV95cUxOMGRyQ2hHY2o5NG5paEctX0hRZzFSM2FnRXBUSWNmc2ZmVjk2SkllMDNmaUdpWC1IWFhSN2dNUXdjRDNUTkNRTzQzVnVRU0RrcHYxdTRVWk00N25IUU12MjhSdW9vanYxWnR2TFRZUGkxSnFBc0pjM25tRmRjOXRBcjl1OU5uWlJRVk1pRFQ1Vmc4ejFGLUtQeEV3d0JJOFM3,India Fashion Trends,AF1 ‘Unmistakable’: Nike Reimagines Iconic Sneaker for India,2026-02-03 06:45:03,2026-02-02,businessnewsthisweek.com,af unmistakable nike reimagines iconic sneaker for india,0.0,0.0,1.0,0.0,0.0,Neutral
CBMi0gFBVV95cUxPZmpRbUZTY1BfVFVXdGxUb3FYS2FqLWk0ZTFPY0hWZ3d4TXNzelA0bGNQbzV3VHZrOVdaeUoyN1JhbnYxR3JQLXZQUGY2Y3JFTk5JN1Q5RlpzUV9sMTA5QjVyX0hvV3VFN1Rma0lzX0NZNUNvTUs2cXlYSXpaQ3djNEZlNFNpRWZZaXFYeS15MEJWWlV2N2pJM0x1T0EweTRJQmc1c2NzaHh6V1NTbWVhV19TcU5rRnE3S3ZQY3BIM1M3bl9xZVBYS0ZPeHZTd2ZCZVE,India Fashion Trends,Idyllic English village emerges as most popular shopping destination among Indians in UK,2026-02-03 05:28:50,2026-02-02,BizzBuzz,idyllic english village emerges as most popular shopping destination among indians in uk,0.4754,0.205,0.795,0.0,0.4754,Positive
CBMizwFBVV95cUxOVmtvTzA3anNHUFBQbVpMVkh6SUhxcTdtMW9SSU56T3dGbmlJSktOb0o2ckJtU3F2cVY2Qmh3VElkNWZ5dDZjSjJPVHBXMk1mRlFrQlVwbUZ4ZDhOY3BBQXZfVVBncmNyczdJY1BYakZtdkx5UERjSW9kdkxDeVJIQzRMT0NKQXBFRDV0ejhuQWNydy1LV1A4azM1S1R2QzFyTzcwbVp5MUN4OXgxb3hRWFVHdkYxUTNkRUdLYXZhczVrczhfck9pX0NtNFFkbWs,India Fashion Trends,International Destinations See Rising Indian Outbound Travel as Global Mobility Strengthens,2026-02-02 11:53:19,2026-02-02,businessnewsthisweek.com,international destinations see rising indian outbound travel as global mobility strengthens,0.4588,0.231,0.769,0.0,0.4588,Positive
CBMirwFBVV95cUxNc2ZKTUlBVVVSVzZHUjhHQW5Xc21PdmVhbTV2WjhvNm1LcFQ0a3hQbEduY0tTMmtpaVhSbjBFNTBwWm1KTEFKMGdEQVl3RWFlNlZGYnRSLUFkbjg3dkVDMVZPLWFPUm9yc29iRlluM1duLUlOTnpzVnFZa214ek1uTFRLVHpSd0ZBWnBzTkYwT2Y4X25EM0xPaDF6OWlva003NXduTWpTT1hMendLT3RN0gG0AUFVX3lxTE9QU2w1TFNwNW0zMy1aaHJEX0NaV1lFQ0Uya2w5R3Y2VTB3T1c4UjAzYmFXS3ItN045VjhlckVVWFEyX2FrOUpDdkJGQXh1Vk1NOG03ZnBhZWcwUVBRcVB2Q3djREI2LUZwMnpTZVp6YUQ5OGRpSFlvcnZ3NkZUOWFOeGk2MFg2d3BKdHJtS2J2X05MTHlKMkI0NDdUVlB0ZkNQeURiSjhxd3pQQVAtbjV2M0hEWg,India Fashion Trends,"Gold and Silver Prices Today in India (3 Feb): Latest Rates, Market Trends & What Buyers Should Do?",2026-02-03 05:54:15,2026-02-02,newsd.in,gold and silver prices today in india feb latest rates market trends what buyers should do,0.0,0.0,1.0,0.0,0.0,Neutral
CBMid0FVX3lxTFBsRzJlR0x0MzJXWUxud3FfMnVJaFpoc3duVGtiRlBVVjdtZGV0aTdiM2t3SnF6T2llb3owZXhVdXVjR0d1TEtPdDZrdHl0TFJfaWRVamIxNTVoY1JpRVktdWZnekZsWnpJZ003YzdPSWRGMW1KeGZj,India Fashion Trends,India Us Trade Deal,2026-02-02 17:00:46,2026-02-02,LatestLY,india us trade deal,0.0,0.0,1.0,0.0,0.0,Neutral
CBMi5wFBVV95cUxQdGJTZ0NJcnZabmlNc1N4c0N4dGJuYlh4cGJPQ0xrTDZ6dHVpWjF1bWVvSTlTVDdDUXZPbk5jUHBMWGxMMDRvc2RlNnJqWi1ySUp0XzJVNFhGa0lqekVwWXphSkdYUnp4NnJYdG5KVlJDbzdPNlJyNUVQT3RIczA3d0h3MUdmZ21VeWJ6cUdmcVZBbG1rZHdwd09LbFo1THR1Vk1Ic0ZsODhma1dqQThTRHlHWUd3RDM4WmdQVnFpTGxXRXczdjdlMTgwY3MyRGktOTlLNDdIcEswTnp4aUswTHJhZWw5Qk3SAewBQVVfeXFMTlM5dXluSFN1SU9DRTZqM1pQTVNZaW91Zzh5VjQ4S005LXZCaVlHdlRiX3cxU3VOOW01QkdrdmM1V19YdUZrblFfVU9tbTd2bmpFMWNBdWkzeFZ6YWx2M3VMSmREa3o2MGZhUG92OEFZWEFscEpWVkV0U1N4Q2p4cVR3eGRaX3RzckNjUTRyd2N4dkh1YnU0OEw1SGxSTG1yX3RwTXdOZi12QWtMVlpFUVd3TDlIbDJsbUd2cnBkb1JZdnZ6RzZ5elIyYUNPTzRzRGQ1S3czbjM0VzhrNFhsVmNTSGxDUGhYWDM2b3M,India Fashion Trends,‘Lalitha Viral Video’ Trends After Sextortion Racket Involving Karimnagar Couple Busted; Who Is She?,2026-02-03 05:26:22,2026-02-02,LatestLY,lalitha viral video trends after sextortion racket involving karimnagar couple busted who is she,0.0,0.0,1.0,0.0,0.0,Neutral
CBMitAFBVV95cUxQNmdWVkE3eU0wSkl0M0VqVEtwUkM0anNxNUdYYThJX3NsWUhXR0xGd25uazIxZkM0aHFDaGphVkFXb0R5NUlOTFhvQ0pLa1RqVHdOZmtlcjNtVG96OHkzRmNZQWpZRXJsM3hjbjNEQnRQYkN6NHFWMC1pNTM2LXk1cmtRU3NFRnpOYTh0eVo3WnJ6WGtrT2lzOTQzdklld1lXejExcVE0TkplOVNOQUtQQXd6Z08,India Fashion Trends,The New Digital Pulse: How Trending India Today is Modernizing the Indian Consumer Experience,2026-02-02 09:34:57,2026-02-02,Up18 News,the new digital pulse how trending india today is modernizing the indian consumer experience,0.0,0.0,1.0,0.0,0.0,Neutral
CBMi-wFBVV95cUxNd1V1SVgxbHMxT2pyd0dBa2t2eUdEaTlhbGFlWmlWUE4zdGhKX3RkRmNsZ0pXOXlDN3JUV3pST2k2OG12OTZXbFE0QlU3RjRWMnlTUDJlWG9rVTdFNGJwZWlWN0F6dFotMkZ1NGFqenZLNUNUU2Q1V0JmRjAtQzlQTjUwTTNuOHRFSk1VeFFiVmRPWk5XT214c3RIRVRuMjNQeEFNT210dWtlNTI4cGFIOERpd3draDB1UTROTjhVWV9Zc3ZCLUpKY2o3cklOUjlVRC15X2JVRnk3ZG9BOGctdXhWdWZqX2ljdC1jenliZkVqd0c4VVFKVzQ1aw,Gig Economy India,Fairness as a business constraint: What India’s gig platforms must redesign before regulation forces it,2026-02-03 02:46:53,2026-02-02,People Matters - HR News,fairness as a business constraint what indias gig platforms must redesign before regulation forces it,0.0,0.0,1.0,0.0,0.0,Neutral
CBMiyAFBVV95cUxNajhLVXI2X1FfSEw2dFVOb3o0UHQ2U2V6MlB6eHEwVWNWNUFXWm5ObEk3SjBtTi15U29hYTJtMTRrU2M3Qlh4WUt1X2VGdlhXMVh4U3ozcmMzOUV0a2wzRVRZNW1LSkRJSXc3MkFzeXU5QmE0RFRyaFRoSThGYkZqUWdoLUpFQ1BmazlQTkRKdFFUMnp1aTFuTVhqNFo4TlVvWi0xOUFhU2ExRExJeGpQRTJZSXFwQlNfRU1kbVdyRy1PQVJNMVBZYtIBzgFBVV95cUxOVHp5RHIwUXJUSkxoTjRxenB1U0FFWE1WR21PaTdSeDZ5UXlsLW1Ma3VEWU5WLXVfbGJpM2ozZzJoLXFlYktMTjJzLU1lbXdQU1BnYWt0NVNCTi0tSTlJMFJBclVuUkloT1VmaUVhZGYzakhpNm5taUdqNjNWZWxtWGlMblItdTZZc1JYV2hSdHRwY3l6RHc2dGZmbUxrVUM2MjBuSFVxQ0JKVlNQazg2T2ZuUWJlVkVTYmk3SnZFR3daTUNwQWxXNGJGVEl6dw,Gig Economy India,AI’s white-collar gig economy is booming. Can it last?,2026-02-03 05:09:14,2026-02-02,The Economic Times,ais whitecollar gig economy is booming can it last,0.0,0.0,1.0,0.0,0.0,Neutral
CBMirAFBVV95cUxQQzVFZEY3dFJoZklMZlJTNGlnWjExNUVvLVFNYVpjVTBSVVVQV01oYzBCcHNYVnJtVTZDNmVLLThaSXRuX2tjelNDeVFTemw2V2VXSXc5b3pEM2c3ZnFzZWdhWFMyZ0h2UUs3Vm1MTEtPSy03ak5RN0pXQ3UwMmh2bVJHM08wV2puVUExRmxfMEhteVc3R3NLak9JNlBJcVJCUnVHWnlRNEFJOGxN,Gig Economy India,Gig and Platform Workers to Hold Protest at Jantar Mantar on February 3,2026-02-03 04:39:10,2026-02-02,Countercurrents,gig and platform workers to hold protest at jantar mantar on february,-0.25,0.0,0.846,0.154,0.25,Negative
CBMikwFBVV95cUxPQTNENWVUZm05RWpQbjdCT2UtWEhUS1gwajVJbFhMNE54ZnZjNkpfZ2dtVkpZSkRCSVRMdXlWX1lhbWF0UmJMc011aG1KTjJrNFozVlB6X2hKRE0yc1JibGtsdVpfaG1STmZ6XzdxaVVUZF9ZNXpuVjdSbWNIVTJicHJqamJlT3hPeFNkVDJxSDNHMTA,Gig Economy India,"27% Gig Workers Encounter Accidents, 25% Work More Than 70 Hrs/Week",2026-02-03 03:33:45,2026-02-02,Trak.in,gig workers encounter accidents work more than hrsweek,-0.3182,0.0,0.753,0.247,0.3182,Negative
CBMi9gFBVV95cUxNNmIwYXFmVFo5aTh4QjIxUTdvd0VrN0xBbHlmQlBSVkZwRUY2ZHRxR2hOUVh5MG9aRXZCdWpleHhWQVlROTEySnZTdW43TVRTazhhQmRXV185cmpvTDVfWTg3VEdacmQ0MjRfdm12Sk1naHVuZ3E3N3FaaTlNd095MDhjbHpFdFhySHBxdnpWal9iMlNaa19PMW5XUGplX2dRekY4SjlqeW14VEVDMk0tRGhBVXBVbEZEYmlMWF95LXhqMm94MEVlRUwyUUJSS2FZRjh2MUdfcUNPNEMzVE0yV2wtYnI0UmR0YlAxb1dWUjJKSXBQRnc,Gig Economy India,Gig economy: Info Edge co-founder Sanjeev Bikhchandani sides with Zomato's Deepender Goyal,2026-02-03 07:29:16,2026-02-02,MSN,gig economy info edge cofounder sanjeev bikhchandani sides with zomatos deepender goyal,0.0,0.0,1.0,0.0,0.0,Neutral
CBMiwgFBVV95cUxOLXgtUjZqX0pMNEZHeHJnSENOZndLYWJlS2pucC1QYmFsaXhhN0ZsdWJWTUJ2WWIyR3M3YV80amdwVFJIb2xDbWFFT0phUTBabEtuT0FRaUtQeEM0RmFoUnFkRzMtZ1pkb1cwalVXZldxY29LVEpvcldjT2NBdDc5UXdYYThnVGtwYmM2XzhiMnZwSTBlMDBvdXpPQ25iRC1yeGVCdy10aXZqUUpaQS1OOGp0TlhfemJ0Q2JVLW5rMnlOZw,Gig Economy India,India's Budget 2026: E-commerce Seeks Regulatory Clarity,2026-02-02 08:56:00,2026-02-02,Whalesbook,indias budget ecommerce seeks regulatory clarity,0.4019,0.351,0.649,0.0,0.4019,Positive
CBMiywFBVV95cUxNNmJjeUIwR3ZONi14SkhDb04wTmlwUkFiU0NWakhWOGZzN09BNnl4Mi03RGpDVTFZa1JGdTFIczNqblJGV2VYZjJMRHo5NnVURmp6RGFRMFZnaEk4QkdyYUZwNm1obWtaeTFLaXdBVVB2RVVmWHVVakE4LU9WdUVtRUhKS2VHWEtXWkYtX0h2RXZFT3pURUZCckprNndDU3luWUNtMVJfQVdUOWFXQkhDbkNFMzlfOWhrYWFZdnZtbkZOX3NsbG4ySVZoUdIBywFBVV95cUxNNmJjeUIwR3ZONi14SkhDb04wTmlwUkFiU0NWakhWOGZzN09BNnl4Mi03RGpDVTFZa1JGdTFIczNqblJGV2VYZjJMRHo5NnVURmp6RGFRMFZnaEk4QkdyYUZwNm1obWtaeTFLaXdBVVB2RVVmWHVVakE4LU9WdUVtRUhKS2VHWEtXWkYtX0h2RXZFT3pURUZCckprNndDU3luWUNtMVJfQVdUOWFXQkhDbkNFMzlfOWhrYWFZdnZtbkZOX3NsbG4ySVZoUQ,Gig Economy India,Budget 2026 aims to build job-ready formal talent base say experts,2026-02-02 11:32:26,2026-02-02,theweek.in,budget aims to build jobready formal talent base say experts,0.4215,0.237,0.763,0.0,0.4215,Positive
CBMiwwFBVV95cUxPVEJfek9TdU52QlJ4Sjh2U2VyWjZIdjQ5M05pTEs1Y2tlMG9tODBmV0FYano5NGJFNkhTZWc0MGwtTjdib3VsUnc1dnU5OEM2TkdkM0V0MUFWRnB0MkVwLVkteXNXdGxISzB6b19wa3M5RmdCQ2VFWktjd3Z3VVNERy10RGRESGJ0aDlmX0lBODVFXzdzekU0X0dNNzJYOHVZTTNRTWZOMWp1Nm9YR3dGWHBQTk9McUwxaFNpUEJraVl0akHSAcgBQVVfeXFMTUw5bDVMc0o2RDRpY1FaMklHd2F1Wkd0NUp2X3NpaUtGMVZHbFg4ak84NDZGTTc0TGs5d3pDWmhYU19zRlc2N0lWWUJtZWhFcVRRUFU2OU9mdUpfSTFjaFFqa0hSTnNYOEszSjNJU0R3SlRSUlZyc29odF9neHd6V3NVREE3TF9FRTFRaldtQzZCOVdhcFY1WEFmZ1lwdDBacFJOZFVHNXRlYnJzOF9NN2ZwM2lIdzlqbFlEOHBjaDhSR0swT1pVM1Y,Gig Economy India,"Budget 2026 Marks a Defining Moment for India’s Micro-Entrepreneurs, Says Arjun Gupta",2026-02-02 12:54:20,2026-02-02,Republic World,budget marks a defining moment for indias microentrepreneurs says arjun gupta,0.0,0.0,1.0,0.0,0.0,Neutral
CBMi9wJBVV95cUxOamcwSTBxU1FOaDBjeXdqLUdraXhPajJ1V3ZmdEFad25wZk1RMHh1aTUwdnM2d19tcjB4NDNpVkRZQ3UyM1N4OE51bTVpa092NGliOXBBSGhDWmJkRnZORXhhSjhfWEZwcVNQRVVjeER2RjFiWEhVbUxwbno5ZW10bnkzSUVMVVJ1ZTNocktIVXJfbVdGTE85dmFJb25vdS15czRUVnFZSW9maGhkT0lUSmZYQUNEa19NOGhuZzR2MlBqVnNXLXp2dWpMS3I4T19aWGxHSU5zdnJoYkVncGxMQWU0dzNWcWJBSm8ycjAxOG96aEFDcURPSDkwR1JXX1N2bVFDcG5BMFVQX0NBQks2aWtfUHFhYlZ1OVNkY2Q5eEwyZDJSazBtQmd0MG95VTk2YmRuaXN4WFRyNWxkVHRGaXFGbm55UExlYnMxbUZibkdzSnV1SmdnYm5tTEt0WUozSWYwdXhaYTJPU080dVl1eDZWckkyZzQ,Gig Economy India,"Zomato, HDFC Pension unveil NPS plan for delivery partners; new rules expand investment choices",2026-02-02 09:36:38,2026-02-02,MSN,zomato hdfc pension unveil nps plan for delivery partners new rules expand investment choices,0.3182,0.15,0.85,0.0,0.3182,Positive
CBMizAFBVV95cUxQMHNjR05iT0NPczRsRDI0alp4LVpOc0RYLWtQR3Q1THdfX1JaR1V4UG4zS2U0TjdTWTgtNGlrRXZRRHYxWVU3c0NydGx2bkpELUkxSTR0aWpFOXNzcVRDOXRmSTZhUlRsWDVFd0ZNZjhJZ1BNMEoxMUdLTmJXd3ZHWS1VZHdlclhjcEV2TDl3MGs3aVlneU9PVnVkdWRwbVlheUJHOHlvVzZZU2pkbE1wOWItbkFXYjdrWEh3NmdsZmI2dWFtUG12Z0lmVmM,Gig Economy India,"'Politicising gig economy will kill quick commerce, destroy jobs': NITI Aayog CEO",2026-02-03 00:39:43,2026-02-02,MSN,politicising gig economy will kill quick commerce destroy jobs niti aayog ceo,-0.8481,0.0,0.549,0.451,0.8481,Negative
CBMiwgFBVV95cUxQdm5iemZZSGdkc1EzZWgtNF8zWFhNYnZQeV96VDlhT1VyU0piSGxxZmxWUDVFcUo0bTkzVUhESXNWUmFyNGVkZWtsUWI4b2NXaFBfV0l2MFdDek85ODZDT2UyRWM5b2xQQ09KMnlXTjdKSUxKWXF5bHpPOHpyaEpybGhoSm5pT1g1SVhGS1VabEVja2dkUW9temdwYTNnRkVvbU5Bb3NRbnhNc0tQWFFMdG9tcGN2RnpoYnZpS2tqalgyd9IBxwFBVV95cUxOTkhCOTJIQVBqclVlTmNGVDFRRG9fZmxXZ28zU1QwQWwzQ2c3bEpwd0I1VmI3ZkhfLXktVmpmUFYxeDhlOVFLR2pEM2w5bEtFU1c2R3BuLWdpbDRyakpkU3VDcmNBd2pOQzBiYnhUbVBjS2xBaTRGSHcxTm16eWJ1eTJSZjIwWDVPVHFrWl81VzFvbURXdjRjUjZ4UUo2N1BTVm1TNUJFWV9yN0VpUlI4dmxUM1FQcWo2MWdoX0NRUzJQeVNONHdJ,Gig Economy India,Budget 2026: Can India move from ‘creator factory’ to ‘creative headquarters’?,2026-02-03 03:24:52,2026-02-02,Storyboard18,budget can india move from creator factory to creative headquarters,0.4404,0.244,0.756,0.0,0.4404,Positive
CBMi1AFBVV95cUxQUHp1OWtRN0RQdTZMRHRwcXpQUmtMT1pXak5NRmtXXzZfV3FiQ2d1TnIzV0FJbVlrUDFVQWFNc2VSczQydm1NclVobmxFVVJwN2hEMllKaXFyVDhmVjFIVklxTU1HdWl0c2dyM2wzTGNuc1l6UGpDWjhyR2taeFl6VElIZzJKQmlJa2R0SEZWbjQ1OEh6SDZqb0xkVFQ3ZU1PNFpUeWJXdjFTYXJxY1VhS09qcVJ1RW5Ea0xJam5RZ3BJTUo3UlVITFZqbzM5NzVsdUtrQtIB1AFBVV95cUxQUHp1OWtRN0RQdTZMRHRwcXpQUmtMT1pXak5NRmtXXzZfV3FiQ2d1TnIzV0FJbVlrUDFVQWFNc2VSczQydm1NclVobmxFVVJwN2hEMllKaXFyVDhmVjFIVklxTU1HdWl0c2dyM2wzTGNuc1l6UGpDWjhyR2taeFl6VElIZzJKQmlJa2R0SEZWbjQ1OEh6SDZqb0xkVFQ3ZU1PNFpUeWJXdjFTYXJxY1VhS09qcVJ1RW5Ea0xJam5RZ3BJTUo3UlVITFZqbzM5NzVsdUtrQg,Gig Economy India,Regulatory risk is now driving corporate strategy across Indian companies,2026-02-02 08:34:56,2026-02-02,ET Edge Insights,regulatory risk is now driving corporate strategy across indian companies,-0.2732,0.0,0.811,0.189,0.2732,Negative
CBMirAFBVV95cUxOX3c1X0o0ejhvdVQtaWY0WkRBalF5SHhta0hFb1JwRGJvbjBMVzVfN2JLSjNNeEVHVzNPQmtHQjQ5M3l4SjdabWJoV29zQm5CREtNU2szbF9TUkZnMUg5cVlGYkNSV2pOejZlNVRjM3dSdDRUZHBoTDNTamlGMWNyNnYzZm1zSlRUa2Q0S3VlMHBnMDZfXzNGQnVUcDNCT3JBM1dmR0M3YVAxYldY,Gig Economy India,"Union Budget 2026: Vision Without Relief, Promises Without Accountability",2026-02-03 04:59:48,2026-02-02,Countercurrents,union budget vision without relief promises without accountability,-0.4094,0.17,0.426,0.404,0.4094,Negative
CBMizwFBVV95cUxOcFpBRWJadDVJRmN1T0M0OU9oSmpDYzlrb2tSQ092RXYwc0pnWFptb0NRXzIteHJPS2tlZVRqQzhkSlotczFQX09KMEk4VHZyN1FCZmJrS1RJUHpQdjQtVWxzQVlFM282YWhZN2tIcGhQYTVxQ0xYOUhVMDhMZVRfTmxJaGNzTDNvWTZQTE4tMnVkZ2U1a2NsVm9UTmN3RjVwQnRBVVpBS2lZU2EyVkNmNzlPTmVxd3V0MzJzWU9VVlVvQXI3eE5HSWJxRGxJY1U,Gig Economy India,"Budget 2026 aims to build job-ready, formal talent base, say experts",2026-02-02 13:10:24,2026-02-02,ETHRWorld.com,budget aims to build jobready formal talent base say experts,0.4215,0.237,0.763,0.0,0.4215,Positive
CBMiiwFBVV95cUxPRHBhVXMzRHdTVlV4ZE01NlJjdEFFZE5qbWFDNHpmODdScUQyMWVaemcwTEZrZHhkWXRYeE5KMkc5SHVyb0lvV0JKNFVtVGlCZDQ3NUs4aGowNEtYekpfUWtpUklBN3JHYXRHVEQ2T3pBb3pMdk5tY0VpNlBzX3ZYRFd0akJEVHFOSlFv0gGQAUFVX3lxTE1XTGg4WTQ5Q0dGVUJ4Mm5IWFBRU3VBQi1Gc3h1V0lvSEtQTFlkMzFWcHF0MmZFc2w5dHk4cW93X3Z4S291VndjRno3eGJ3X05rTDk3SEtJVGhMSkc2NElVc0JEeVd5SExkUjBQSTdKNUNoS29oZG9HbHc3dnJ3eEItelJTUC05ZmUyUktvQV9INw,Gig Economy India,Union Budget 2026–27 Explained: What It Means in Plain Terms,2026-02-02 15:50:58,2026-02-02,Youth Incorporated Magazine,union budget explained what it means in plain terms,0.0,0.0,1.0,0.0,0.0,Neutral
CBMisgFBVV95cUxPZFhSOFAxanN3eEZJZkhVWE93S2xJMFRqX3VVazVmczRKdXVFS21uVjRrdFRmaUZvQzlGSmc4Y3VTbFlZQS10UFNpTURsTFk5cUhGay1NdGQ0VDJNckM2R2E0TVJGaU14MGtoOE5uVlhNLWVjWWxCeDNZYjdmUHhUMjFPZk9qLXZiRjZ0VTVGNjA1Y09DVkw4Qm5FazFBdVRoRXdFRGRmZEp2d3hkQUR6cEJn0gGyAUFVX3lxTFBsQS1XTGtYVFlEUmFsU0FZc1ZiU3Z2T0FhZ0hvcktsdmdhT0lsLWVIRVJ5Y055YWRLN2hUYjZSNEZUSDhZa3JCVlVUQndQNXUybVhVWmdma1NXV0ZWX1dZa1JGUkhHT2NXbjI5LVNxR0FINmZVOXRNWEY1MGE0Y0VUeDFEaHlHYWpKcTZUTHpPOUZQcFRySVRCUWN3VFhQNHhkOHdTZ0FvXzFiX2czVHNadlE,Gig Economy India,Opinion | How ‘ghost workers’ stand at the crossroads of AI development,2026-02-02 12:30:09,2026-02-02,South China Morning Post,opinion how ghost workers stand at the crossroads of ai development,-0.3182,0.0,0.813,0.187,0.3182,Negative
CBMi1wFBVV95cUxQMXFmSjFKNjhWZm1HUndIZXNONjYteFJIZV9DYW1HVExLTmdlSWZ5NndMY3BvcThsMlVVeWktbU5ONklnM3k4NjNkQ3ZJWjVCWnpDajNrc21zTHlDd1Y3SGYxZ3dWcEJDeUN2VWY1Wlo0dnI4eFduVVBkOXZYX25xOXRBelpFdGFmY0lGeXhSZVVHYmQ3bVdpSkNJLVd5ZGZqZERtYWdWTng1WHVLN0gzUzk3cEVWb0djeW9sd25LZmRNbl9zcmNoTXlIU2dsbWxlRnp3WEFYYw,Gig Economy India,Siliguri-Varanasi Rail Link Set to Transform North Bengal Tourism and Regional Connectivity,2026-02-02 10:20:12,2026-02-02,Travel And Tour World,siligurivaranasi rail link set to transform north bengal tourism and regional connectivity,0.0,0.0,1.0,0.0,0.0,Neutral
CBMivgFBVV95cUxPSDIzQkJlTlo5VzVseTVXN3l0QjZMdTlxOVNHRU40enYzcTBGelhYeW0zeDhXYVUzbGNkVV9zNEE2d0E1V2VLUUlBTTltRmRxNl9ZdzRDSnNoM2RteldRMU5uTEN2YndaYXZ0aDEtNWlvcDlrVG0ydHVBYUxpcGM4dzhCcFpzU3NhNEl6U2QzUDd4N1RaUTQwV1lobVpoVlRjbUlfWENZcHdRWjdfaWcweXUxam92c2ZKWURYSXB30gHDAUFVX3lxTE9oOUc1U1lMZjJUdV91ZTU3cTVBQzV2dWctYzZMMUJmN2RoSFFFeGpCWWVGQm5Ib3VsUHdyQW5aQXZZdHp4eWFuZG1wVnRaMVhvcU92NW5VREpBR2pFSUZNVjhuTTBUQ2xjS2JtRkhHTTNmVEt2dkY3NTFrVi1iYXFHRVRPWVQ1ZzVaS1VLcGp6MTBXV0NVRHdUNFY5bXpPZnB6bHlPbFNDLUNfdFVZZENnT2IyWWlvZGpnbVZ1UzBqQXY1Zw,Gig Economy India,​From Plumbers To Delivery Riders: Gig Workers Unite For Rights At Azad Maidan ​GIPSWU Calls For National,2026-02-02 19:46:49,2026-02-02,Free Press Journal,from plumbers to delivery riders gig workers unite for rights at azad maidan gipswu calls for national,0.0,0.0,1.0,0.0,0.0,Neutral
CBMipgFBVV95cUxPX1hyOE43cnJMeUE0bWhPRjQ5d2NNdXhNYnNyVFN4SHdZVGs1UUVXalJ5Vzd3M001STlSaGt6Mld5b2VhWUVBTFBGX0ZrNm5YdXRvWnhlOEpPTktrUXhlMHZzM1UxNVpEM0wtdUVaMkR5MGR2VFd0WUpmZnpqNU9jbTlTNXg1TXhqblVpejVVQmVIdWFueE5ob3ptZHVTUDR3b0NJZDdR,Digital India,IndiaAI–Digital India Workshop on Artificial Intelligence Held in Gangtok,2026-02-02 19:10:07,2026-02-02,News On AIR,indiaaidigital india workshop on artificial intelligence held in gangtok,0.4767,0.279,0.721,0.0,0.4767,Positive
CBMixAFBVV95cUxQVXE1Y0hPa0RYbkVRRzZGclVyY2FiWFFMNlRtdV92YUJaREdsTF9CNFhxS0dyZUt2V0oteWxXc0pjOEl4TDdIdW9vVlpYdFZ1TzNIODJ1S2tkVTRpdm0zcFRIWTR5QmR1aG56SlVDejZ5M1A4YlFtYThmbjl4YlNoWk40bkRnUjBHRndNZ2o2Y2RQNHFFZndKMUZSbFZSS0F1N3V4SnRPRlJsb25iYmRRYWF0VklUWll6aG1qVHNkSWVMR0kx0gHEAUFVX3lxTFBVcTVjSE9rRFhuRVFHNkZyVXJjYWJYUUw2VG11X3ZhQlpER2xMX0I0WHFLR3JlS3ZXSi15bFdzSmM4SXhMN0h1b29WWlh0VnVPM0g4MnVLa2RVNGl2bTNwVEhZNHlCZHVobnpKVUN6NnkzUDhiUW1hOGZuOXhiU2haTjRuRGdSMEdGd01najZjZFA0cUVmd0oxRlJsVlJLQXU3dXhKdE9GUmxvbmJiZFFhYXRWSVRaWXpobWpUc2RJZUxHSTE,Digital India,Digital connectivity readiness index: A crucial benchmark for India’s digital future,2026-02-03 04:42:35,2026-02-02,ET Edge Insights,digital connectivity readiness index a crucial benchmark for indias digital future,0.25,0.182,0.818,0.0,0.25,Positive
CBMirwFBVV95cUxQbE1vcHZiR3hTSjFKRlM2VUVqRTdMSlVJWmVZYTRTZjhIZ0Z4TW9ucWZ0UXFCeEhpMl9hdVpkNEJBYUZmSURMaFI3ZVB4c1BMQ0lvT0dOTl9DWm5UWFR6NHB3V0h0clhkNmM5LTloWU1xVG5vbGVfQV9PTzhaVUFWVjhRbnBhTURPZHFzLUxmdDRsS1NCa1lrZGotR2hzZnkyTy13V3dSX3hHTFNmVHhr,Digital India,"AI, digital scale, and the next wave of institution-building in India take focus in this episode of The Thought League – Season 03. Uday Shankar, Founder-Director, Bodhi Tree Systems and Cyril Shroff, Managing Partner, Cyril Amarchand Mangaldas come toge",2026-02-03 07:18:30,2026-02-02,LinkedIn,ai digital scale and the next wave of institutionbuilding in india take focus in this episode of the thought league season uday shankar founderdirector bodhi tree systems and cyril shroff managing partner cyril amarchand mangaldas come toge,0.0,0.0,1.0,0.0,0.0,Neutral
CBMisAFBVV95cUxOb0hfSVhjVU9ZODFyU0VTNE94ZC1sRGdfdWJLR0J2bXJHUzhiMlVpLXRYTlhleUpSR3dkZk10dmhLWHpmNFZQM240SHZyM3lkcTZTM3FlZ2I2dm5pRXFZMTYxZHpObm5hcXh1SXpwZW1tN244MlZLQXk1cjdYblVyTjFVQmhfNkRYWGk1eU9vckJJcGhDUjdSVEFzT2VabjBGYlBBSVJ4ckhlMWx0ajdyWA,Digital India,"India, European Union Sign Key Agreement to Boost Cross-Border Digital Trade",2026-02-03 07:20:32,2026-02-02,Adda247,india european union sign key agreement to boost crossborder digital trade,0.7096,0.396,0.604,0.0,0.7096,Positive
CBMikgFBVV95cUxPQk9lRVdwa29CejA4akdaaU8wNmRIaG0wWUhXMDVuYUlMZ1czczJOc1RnUUFVSHhQNzc4Qjh6RU41eUdZWWpvenZEdlVNREZoRzhyUE5ISDRFMWwtQjBYNkZQY19jcnF6cl9wU196SUxfcHRrRUd4T0VTNnJONmd6VUFPNGstS3pGc21PQndlazg4UdIBlwFBVV95cUxNZEpPU3lLaEYxZnVlRGhUcXpkNWZQckJLVTIyZ2NhZlNFTVBydjJwNjlSeERfQUFLR1lKbG9XNWZLZnRjX19BVjNOYWdOVGljSF84NFFLbHFzMG1GVEd3aDVyZEU3aFc5RFR0MVRpVFotNmtDVnFTU3VlSGxnaTRiVjlUWTNmcm43QlRsS2g4cFkydC0tOHVn,Digital India,The warning bell of digital addiction,2026-02-03 04:30:12,2026-02-02,madhyamamonline.com,the warning bell of digital addiction,-0.34,0.0,0.676,0.324,0.34,Negative
CBMi5wFBVV95cUxONHUyanBfVWsxS0xHcUI4TS1EYjVmU2F2b29vZGNFdTJPZENydUZpZHRTaTVFc2x4WlM3QWN0WFducDJTMmxDcGV3RUpRMnJJamxtTEZNQWFua19tZGlldnpGQWhPSTBmODNKQy15YlhIU3A5OFR5WERJaG9LN2RoZFo2YUthcWZqdmJYaWdoYnZUT0tlNVE4Q0c1eXd3d1VnbFZyQ3dmak5oQm1CMWpUakl2YUxPVENmYXlZSVFvUWFHSzB1YkZiZkVQWGRnSkk2alJZWFl2NGQ5TnRfdlBaa0w0YXlvU2vSAecBQVVfeXFMTjR1MmpwX1VrMUtMR3FCOE0tRGI1ZlNhdm9vb2RjRXUyT2RDcnVGaWR0U2k1RXNseFpTN0FjdFhXbnAyUzJsQ3Bld0VKUTJySWpsbUxGTUFhbmtfbWRpZXZ6RkFoT0kwZjgzSkMteWJYSFNwOThUeVhESWhvSzdkaGRaNmFLYXFmanZiWGlnaGJ2VE9LZTVROENHNXl3d3dVZ2xWckN3ZmpOaEJtQjFqVGpJdmFMT1RDZmF5WUlRb1FhR0swdWJGYmZFUFhkZ0pJNmpSWVhZdjRkOU50X3ZQWmtMNGF5b1Nr,Digital India,‘Voice AI Is India’s Next UPI Moment’: What Nandan Nilekani’s Prediction Means For Digital India,2026-02-03 02:45:00,2026-02-02,News18,voice ai is indias next upi moment what nandan nilekanis prediction means for digital india,0.0,0.0,1.0,0.0,0.0,Neutral
CBMizAFBVV95cUxNeExfQ3NzaEFqVXJyMERCSlQ2dGxuRmtZRDVwS0d2TGNOR19qZWowRTl3bmJEdjhvYi1BUUVXTFlGYnhUM1ViQlVfNkVYbmFZWjdfaHRGNGs4UUZyaHhUUVp6bW5qcnM5LUpvR2hUdDJRUWxjYWFsbEhTZE1hbF9qdkxPNXZ6UDhsVGVDa1g1b05vNUFxY1A5V1ZNX2pqRVlZZjhoVDhoUUhZU25sa0dOYWJOMTFrU052NHo4ZWVBQjFYc3AxRlpIYkJDLVTSAcwBQVVfeXFMTXhMX0Nzc2hBalVycjBEQkpUNnRsbkZrWUQ1cEtHdkxjTkdfamVqMEU5d25iRHY4b2ItQVFFV0xZRmJ4VDNVYkJVXzZFWG5hWVo3X2h0RjRrOFFGcmh4VFFaem1uanJzOS1Kb0doVHQyUVFsY2FhbGxIU2RNYWxfanZMTzV2elA4bFRlQ2tYNW9ObzVBcWNQOVdWTV9qakVZWWY4aFQ4aFFIWVNubGtHTmFiTjExa1NOdjR6OGVlQUIxWHNwMUZaSGJCQy1U,Digital India,India AI Impact Summit 2026 explores AI and governance from February 16-20,2026-02-03 06:21:59,2026-02-02,bestmediainfo.com,india ai impact summit explores ai and governance from february,0.0,0.0,1.0,0.0,0.0,Neutral
CBMi1AFBVV95cUxOOVJ0TEc0NHByeGIyX3IyRzhwSERyRllsc2U4S0o5cUhRWnpQdHQxT2otemJhRXE0aUgyZHptOEd0eHZLYS0xcHZtOTZzV1Jubk45a2thU3JmNWJQMXF5SE5JaWRCYXVNVlgyTHRYREIxZmlkXzJUVVZQdmk1T1J5LXpmYWVYaUhWaEdHMjR6ZDBqRVprMzFLVWVBS1JfOG5JZTA2OHVVS2JqVWFWLUZfdHVKaTZfaGRqUEc4UmN0VEhBd0dTSk4ySGZKV0NLd2xINWMtddIB2AFBVV95cUxPbU1Ddmd0SUpVbkU4MEphUkJ2UDdha2ZGTkpyeXhCNFR1b09MeVJKZE9aUHh6bTUwWS1ranNVcm9MX0ZvNDdmTmVaaERDOUQ1WVhuTW9YcVlJZG1sREF3SWttT2p5b0JKai1rV1VZRFQ5Tk5RSjJfd3VNX0ZCTHd6SEx6RzBNU2R2QjNWOF9EOEJEeHNBNTMwUFlNaW1sbkVRbktyNkw0czluYUFtU3lVc3hFLWlNLVplR2lfQWhYaUg3WWR5UkdKYU04dTZkLWoyMEtPcnY3UWo,Digital India,"Indias Budget 2026 Aims to Build Services, Digital Infrastructure and Long-Term Competitiveness",2026-02-03 05:10:20,2026-02-02,Tribune India,indias budget aims to build services digital infrastructure and longterm competitiveness,0.0,0.0,1.0,0.0,0.0,Neutral
CBMi3wFBVV95cUxOYzMtVkJ1M0xVM1lDekRxZlZqLVBSYTRmTDA2T3dxdzd1NHdMWS14ZHQtRFA3S0psTVF4bl9QbmJrTmtQWkFadjI5cmpQZU5zbUVHbzlzWEFQRm8zWFFRSENVVjNBOENyY2dYMVE0TWZQNGFYN2RDbVdFbXN2V09iVFZVUGxORDhQTXA5WTdjb3YxdWo4QjFwQnptdlhwN3YtaHV0VFZzTlB0aDBmRFVUSGlpY1hMaG10QlV3TTJSTHV0NnZzZUU3WGJyS0dyNnJ6VEJMWGpvMl9OZDJjWmVv,Digital India,"Budget Session: Members raise digital divide, cybersecurity concerns in RS",2026-02-03 03:26:49,2026-02-02,ET CISO,budget session members raise digital divide cybersecurity concerns in rs,0.0,0.0,1.0,0.0,0.0,Neutral
CBMiwgFBVV95cUxONlUzRUg3czZjZmRES3Zfb3Bvb1JHa2M4cS1BdmZwSGNEVGlPMHJCdDRzS05jUTl2SkxHM2RWanh2alJLVzAzdWlmUTkyd3lmenFuOFdaRm1ucW5KMVNTNzQxR0x6ZEZXT0JnMTV6UU4xWTJtYjF2WkJnREd5Z1EzOXlrR1pNN1NQQWg1VldNeFJqWEtMS3NjLW1ORzRJVmMtaWhjc21MVWxucG1VU1pXZ1ZBQ3ZvX2lVOE5RdFBZbU5sQQ,Digital India,"Digital ad spends climb across sectors in 2025, led by FMCG & eCommerce: dentsu-e4m report",2026-02-03 03:51:57,2026-02-02,Exchange4Media,digital ad spends climb across sectors in led by fmcg ecommerce dentsuem report,0.0,0.0,1.0,0.0,0.0,Neutral
CBMirgFBVV95cUxPc3hzNl9hQTRrVnpHc3JqeHNySHRId1M1TlRQNmhKTzNlMDh0d1E1cjhmb1U1enN5R2ltYW13QmZCWlNOYkdQVjAyQmZYQWE2TUR4cW95V2JsV1hvY2V5R2swS1hEcnoxMUE0X3JEUTVTc09yS2dySHBYRms5Rkh1anhVZEVOejZjakRvYWszTGhrVGNTQVlDcU5rM0xYMTlBaEdqcTNNRFRDekFIYUE,Digital India,Cyber Insurance Essential Protection in India’s Digital Era,2026-02-03 05:47:25,2026-02-02,Passionate In Marketing,cyber insurance essential protection in indias digital era,0.0,0.0,1.0,0.0,0.0,Neutral
CBMiekFVX3lxTE5yNFJvOGxWVnk4RUJEb2FvdUlrcXltSFV1eWFDajNWT1lLSnBWMmRHMlFyRVF0a2JnQ0IwdWwtRjkzVGJhbXlrYUU4WG5SSFB0S3VqYUt2OFA1LWJNOFBLYTA4Qi1iY3FQS0xGZjhWYjVsTWF1UDk2Zzln,Digital India,“Economic Survey documents the strength of Indian agriculture and rural India”: Shri Shivraj Singh Chouhan,2026-02-02 09:54:00,2026-02-02,PIB,economic survey documents the strength of indian agriculture and rural india shri shivraj singh chouhan,0.4939,0.186,0.814,0.0,0.4939,Positive
CBMixAFBVV95cUxPNGswS1J5Yklia1Y5Vm5GVlUwX2l2ZDFrUjVOVE0wZ0VDbnk0R3UxaENIX1RCWjd1U3g2aW1Pb09aRVgyRFVnQnZPQ2xqRzVrT3ZXUHNXczVwdVRXeUxybkFRVjd4bmx6VUkwaERVZVpkZVgxa0hfaHdRWnNaM3dTRUxJQXoxQ1lQNGhnNFBFc0gxNWFXSGo4TkpVUkp5Wms0TnA1dDBiMW13ZmNpSXpiUVVwdXdyYkN2N216ZndqS0VONnVY0gHKAUFVX3lxTE1uTkZ4RmxGUnYxR01ycDA2cHRZeEZNQlJUOEFhTEZ1c3EzdHlsQXdXbFU2SUhTeUdIZE13aElGWXZfbUZTa0lnZkgzQWZ3SWpNYUtpMGo5VG5IUEVLcmQtSldyLVdpMjRCYWpxRnJKamZwcEItZVd4Z3VYaEFtRjJHcExhQmpkdk1aT2Z1OEQxTU1QN1pOVmw3dXV6aHQ1dXJvVlhxeEtQRWpueUY3dGZSUG9TdDQtTnRKVWRpWUloLXNWVDBWdk5JYkE,Digital India,"From UPI to CBDCs, India sets digital payments agenda at BRICS",2026-02-02 19:30:48,2026-02-02,The Economic Times,from upi to cbdcs india sets digital payments agenda at brics,0.0,0.0,1.0,0.0,0.0,Neutral
CBMi9gFBVV95cUxPbmg3V25xb21idndRS29pR2hyS25uRzNyVmw2UXlrVk1fZkQ2b3owa0tCNVNOc0UybFgwRWtVcmlXRkNBT2Q2VFpPZTlNVVAzbjZPck9NcHhWR2RmcjFVNE53ODhwT285QWZyNXdFTkVIaU1abUlUNmtJX00wSElpUC1paGVSbFNvUFpES1l1N1R2WnZvc3lkalg0Zjg5am1ncWh6dHdmN2xha2s3Q1BYam9qM0taY05BZVBXR3BwTmo5TzltSHFzVFg5Q0ZOWU40a21kSWVTbGJzN283U1phSHlsMXFzcUxEQ0ZmejMyaXNIbDV4M2fSAfsBQVVfeXFMUFRMMWFBSVBMUndtZHFNWVZtdXdLNm4zVnVMLWx4V1ZXaTBvN21mdWFxLWRWZXFtR19udElkZzlTTFRIZ3hFSV9vV1FmUmhTVVZiMHpjS3FjRTZEd1U3RUdxNWxCN0RHOFl6Y1lreUNyMy1fUWtmeDcyYktEZE1SSWtVeU93cXFKdkhqcHhfdkl5SWVxaHFBY2FBMHN5NHpMSjNHQ3NWYjBxei1MdHIyVDRWMUxtbS0wSXJqTEJMY1JaNGtQSXdVSFBRaWRTaFpReVl1eFVDVlM2dGFvRmxEWVk2OGdwcWxQdmEzWlo1cDJUNzJmM0N1MENTRm8,Digital India,AliPay+ may become a part of India’s digital payment ecosystem: What we know so far,2026-02-02 15:45:00,2026-02-02,Times of India,alipay may become a part of indias digital payment ecosystem what we know so far,0.0,0.0,1.0,0.0,0.0,Neutral
CBMi3AFBVV95cUxQSndTYVMwZDlSS0prQTRPbDAxSWNJc3l4NXlWZ2tBLWFJZE9GLWlNazBvcVYwU01RQkhKeXlzclNiUVpyUDBMV3RGRzZjU3N4QWQzX0FQMzZBalhBWWl0MnBvTGhYVVBSTUw0YlBmX2ttbjRFVnJiNDFoUEZmMmVkT3p5YVNJVnBGc1BORC1TNmdjbEh0cmwxUGk3bi11THBubUtyZVl4OElPcGpjS3ZQY0Q2RnBoYVhJUXpFNHh4Z0ZnVms5VlZPNFhsXzgxRmw4d0o5TkRNbEwwaDV6,Digital India,India AdEx Surges 8.3% Driven by Digital Dominance,2026-02-02 19:24:41,2026-02-02,Whalesbook,india adex surges driven by digital dominance,0.2023,0.231,0.769,0.0,0.2023,Positive
CBMiuwFBVV95cUxOV2V4UlRudzRBZHlYMk0tdHBXbnlKQUF5OWNxTnFveC1CZWlGQWdXNTdJbUJjNFMyTWg0LXRLdDVPZEttS000aWIxZ1lzVjVUc0lVV3llNEhPbW9hWXlBWjRfQ2JOWmwwR0tpb2dXUjJLbDU2RkQ4MF85UVN4N1lCTG16LUNKb0RtMTdUQy1tMXhvaUFhbnpIRVhYbldscWdNVXNEcmRYSVJKY0M2NlFibVNNaHNiOHJqM3dV,Digital India,Dentsu–e4m Digital Advertising Report 2026 | Decoding India’s Media Future,2026-02-03 00:30:05,2026-02-02,Exchange4Media,dentsuem digital advertising report decoding indias media future,0.0,0.0,1.0,0.0,0.0,Neutral
CBMisgFBVV95cUxPcUNhWWhQT2pHV2Z4dm1rZ2tJM2FPTHF3MzBxNTFDVGNpOVJZaE53cnFTNXlQSEU4dlpLRGlLaHZSSUVHZHoxQUd5R19JMXpraksxdXptQmhieVJBT0U4Nld0eGFyWFVYcXdkR0pndlFDdHExeTZJb0tUSHBQV2VQalBsaGRqZEVUMGQza09iOHZGSURVU1RNRUVqNVhPdEs4b2pGcVpqV2VuY3ZOTjkyWFJB,Digital India,Union Budget 2026 Boosts India’s Bid To Become A Global Data Centre Hub,2026-02-02 14:29:25,2026-02-02,BW Disrupt,union budget boosts indias bid to become a global data centre hub,0.3182,0.187,0.813,0.0,0.3182,Positive
CBMicEFVX3lxTE9oRFd3VkVieG12aWMwYXF6NkhvYXRoTVNrZTZWSzNPNmVSXzhocHl4N1BTbUhDNFo5OER2V3dOWEMwZXVvT3c0RDhCMmQyd3lfdlBRS1loMnpHUXp5QndqdTdsQl9VM3g3UFNCb01acUU,Digital India,Top 5 Digital Banks In 2026,2026-02-03 07:02:34,2026-02-02,inventiva.co.in,top digital banks in,0.2023,0.375,0.625,0.0,0.2023,Positive
CBMimgFBVV95cUxQTFlMbjdMblhnTERUMWZDb3hEVlJMWnFuSG5GMHhkRXgtRVBPbHhLT3BiR25Xc1pXNERXbW93MUZiajBTazV2TmRxRHNRNGc1UXVrNUxzSnJoTkZmT2ZVLXVzVnhEbHhsR3ZvS083c2pNd2U5QmxjQ0dDZDhmTzB4U3R5WXBVMXVxTUN4aVpTbWR5aVBEVnBrWmJR,Digital India,Galderma India appoints Geetika Saxena as Head of Digital Strategy,2026-02-02 18:14:34,2026-02-02,MarcaMoney,galderma india appoints geetika saxena as head of digital strategy,0.0,0.0,1.0,0.0,0.0,Neutral
CBMikwFBVV95cUxPWW9IaG1oSEdFXzg5dDk1MjRjc3JZdXNxVGZud0xIaEZhRUs2NFpwa0NFY0R5R1VkWVdLUGwwdDVJV0FoaS1KY2tqLUM0TkhkWnI4cG52cWotczl3WFpkMmVsdVpabXpGc2pWaHBvUkpiYV94ZkUyMmo2LUwwQ2thMTdULWtZeHN0LVJnNGVvY01HcWc,Digital India,How Brands Created Authentic Republic Day Campaigns,2026-02-02 16:46:51,2026-02-02,Passionate In Marketing,how brands created authentic republic day campaigns,0.25,0.25,0.75,0.0,0.25,Positive
CBMi3gJBVV95cUxPYkJVRm9mWkJ6aC1ldjRpSDZ1d2xtMlhRT21XSU1PazF5bG5nWGRNd29kdVdJdGFLX2JZU1NGeDdZODZQbW1aWG1sb1hWN0dsazFpdkdGRGRYWjE3NmZuS05vaDZrekZGMUc2bHRoLTJZblM5RWlZT0hkSkVZa0JwOEJHU0UydDBNcEdpeGtDdk0zWnV4SU4tMGdJVnNza016MXZ0T3lnZ0xtamE4M3dxSmt1aGJKNU51UUlreHNzVDh4c1hoUkluYWlHeWE3RWZPZzdBRGZzVjN4OWktTzFfUkYwNzE4VVhmY19Dd3RzVmQ5RWFsSjEtcWh6bnFaYkVOalhJZ0t5WmZPX0hKaHBHb2o1bW9YaXNCd2JPZUkxckdIeEhqUHN1T29ENkY0bHAwTGNDYVhOQkZ5dXE1VkxwR3lrOXFGZlNWOU1vOEl1UDdzZktEUnlIUEdIb1BiUQ,Digital India,This commerce college in Noida launched India's first blockchain campus currency,2026-02-02 19:38:38,2026-02-02,MSN,this commerce college in noida launched indias first blockchain campus currency,0.128,0.13,0.87,0.0,0.128,Positive
CBMiuwFBVV95cUxQQTdjM1g2cllheHNaSkhNTG9wdjVLRkc5WmF1SlR4VlFrRWZoWENycDZaQkxkeVZwcnFJbml4VFpXYWxzcG52YUNxMnVUY2xJb2owb3VhV05VcmNaZ3dNeHdsUDRiNzF4ZzBESUplRUppeGc3MEtNa0xNSVMwbFJvdTRoMGNDbnZnOU1tbVNQejFBYVFmYXVBRnhkb05ZaWZGWXYxYlUwVXNSd1c2UlVlZXBJQWZWY3l6X3Rz,Digital India,India’s Ad Industry To Reach 70% Digital Share By 2027: Dentsu‑e4m Report,2026-02-02 13:56:04,2026-02-02,BW Marketing World,indias ad industry to reach digital share by dentsuem report,0.3182,0.292,0.708,0.0,0.3182,Positive
CBMiyAFBVV95cUxPV3FwYVlsUHhkSFlsNEMtUWxWckV2OXFYV3ZGakVNR3lTdG5tczVwd2p5MGxWdEZZd1E5R2E3ZWV1MERWYVBaMllTYXZaYTdOVnhGN2JOdWhuQ18yZldMb0ctZkFiUmRwUkhBZjZDNjNNcmFVT3d0cERuYkM4NGhoM3dwYkZlc0ZpTXhxQmlMZnNhWThfOVhodFZOUldQQ3NxcjVSUXl5U2RzNFpXU1FqaERZd1ZfeXVvTDJzVkVZaVN3QzNsNHRpadIByAFBVV95cUxPV3FwYVlsUHhkSFlsNEMtUWxWckV2OXFYV3ZGakVNR3lTdG5tczVwd2p5MGxWdEZZd1E5R2E3ZWV1MERWYVBaMllTYXZaYTdOVnhGN2JOdWhuQ18yZldMb0ctZkFiUmRwUkhBZjZDNjNNcmFVT3d0cERuYkM4NGhoM3dwYkZlc0ZpTXhxQmlMZnNhWThfOVhodFZOUldQQ3NxcjVSUXl5U2RzNFpXU1FqaERZd1ZfeXVvTDJzVkVZaVN3QzNsNHRpaQ,Digital India,India AdEx to reach Rs 1.30 lakh crore in 2026; digital share seen at 70% by 2027: dentsu,2026-02-02 11:57:22,2026-02-02,bestmediainfo.com,india adex to reach rs lakh crore in digital share seen at by dentsu,0.3182,0.216,0.784,0.0,0.3182,Positive
CBMixwFBVV95cUxNdURBR1QtV1ZyRG9ncFMwb0oxTnNXVnN4NzhoR0Rrbzd1TDZOSHFiOTA1WkE4Qm1vY2VKY1hCSWtJWk50bWtobEZaUXdKcXpMM2prVzdoMWhqSzVVR1V4TFNhSFhRLXpCY1kyME1MQUpFeTlIZmZSTmJXWVF6ZzRadzQyWE5PcktIM3lxRUZJUWxjel8wWjVlaEtEdFJoMDVoMnlRMlZvU3BBUVdFTFVTMEJxTnd5T1ZKRFdBeVdNaUtsT0ptU29n0gHMAUFVX3lxTE4xVjRkbWZRMUoxQVpmcGYwSGhnT1B2TTVHQmFKVFRwZFFqNkJOR21QVFFITmVVbXFNZUt0a0hCZjRHMXNPYUpVLWg0N1pfdWNfczdZMW9KNGNpMlZ4cVlMb3lPYTFicGNZOHUxc19NbXZzY1habk1Dd2Q1ekp2b1YtanhNY0ZXajdvblhaOTlHbVA2ZmdvUkhMT214TXZ1SWc3QWR1VDlLN3lhR1BmeHJtQy1TWVV4RDJVUm45dUNYQlMxOGgta09GaUw4RQ,Digital India,Blinkits Albinder Dhindsa Awarded Digital Person of the Year at 16th India Digital Awards,2026-02-02 10:51:21,2026-02-02,TheWire.in,blinkits albinder dhindsa awarded digital person of the year at th india digital awards,0.6908,0.322,0.678,0.0,0.6908,Positive
CBMi1AFBVV95cUxNMDFCcnpuVHpqdnR0WVAwYVlxT0xMS2tHLWpabU9aSDVWQkRJM1QyNjhYYzdJMjRuLXo4YWlUR1FIMWh2cDExSE8wbU1EZFduQ0ZsbzZxd3JlOTJSX25aNWpmRUdlSXp4ZmswRFhBcUpWXzBkM3N3Tnc1TkxPTGpGSlNCenJuZjhoeTZPNzRzWHowQnIwa1ZZRE9XOGY3YS04X2QzSzJQZGpTUi1mNDdGV2dTUGJkZzBEb1djN3p6d3FHOXk4eVBkalpLVmJYVkM4eWFESQ,Digital India,India sets the stage to become a Global Cloud and AI Hub with its Tax holiday policy till 2047 – Budget 2026,2026-02-02 08:53:34,2026-02-02,India Technology News,india sets the stage to become a global cloud and ai hub with its tax holiday policy till budget,0.4019,0.137,0.863,0.0,0.4019,Positive
CBMi1AFBVV95cUxOM0RYZDdod0ZZelRrU1hQTWtmMWotejlER09mZEVydWl4NFgzUUJfY19DY2o4cms2OVdzM052RmNWRml2MDdJWWhKX3c0YXRPWndVVDdCc0lqLWJUZGgwSmNxamNaZWRKelhvd1QxRV9jaEc1SXZvU0c0Mm1heHVHTENMekdrVzk3eU5OZ0xZQThyYkVkemk1azJib0E4Y3cwV2hCT3RoeXVGcUE2d3ZxU0lOVEtILVBXcmZoSVpyaDNFX1dXU0s0U09yTDAwbXNBeVIweQ,Digital India,INDIA'S LARGEST CIO CONFERENCE,2026-02-02 11:25:41,2026-02-02,India Technology News,indias largest cio conference,0.0,0.0,1.0,0.0,0.0,Neutral
CBMihwFBVV95cUxObXQ0MVZiS1cxY2NhODRXVHhtZUxNQkFEM0ZPbXpwcGE4UnptSGtJY3Nhc01KY0x6RTVYT0RGRDhuT2xkNEYwS0FZamhKRGpiX2p5UmRIMkJOMW82amRUXzdoMkNvZ0g0UDhUT19xS2REUDVWeWNidTBmbC1zZDhRbHlOckExNjg,Digital India,"NexTech Summit 2026 February 6, 2026 | Mumbai, India",2026-02-02 12:04:54,2026-02-02,India Technology News,nextech summit february mumbai india,0.0,0.0,1.0,0.0,0.0,Neutral
CBMimgFBVV95cUxOQ0s3c3UxUUx0Rk55ZUNpdDR6Vm9YTjQyQTN4UDE2QXgxcWkwdU4wdFl6NGVOT0VQWFU5TElGS0tKLTd2UFNFaFI4NUJLaEVGUktrdmtyQ01kcVZ0b2lsdlZ3Y1FkcHZGUmRPbVRwMXctU2lOTFh1VXVLQ1A4NDFiZzJFVkdZVncxWnRyLXhqMHZuNkxLYW02QmRB0gGfAUFVX3lxTFA1SW1Oc28wY1FGUXozenM1bVpLZzkzU2hDVVlMU2paUmQ4MEg4T0V3TzJwZFRNYXY3c3FDdDRXZ3RjZGE2aDZHVDV4QzRRZkROLWJjdUdLZURUejljTGJ6d3N0SlJFeTVVUWFDNVRzZXVMbjYzaVdobTZ4UUtXOUNuR2d3VkRMZVhxc1RLV0NtMmpremYxLUZYRGRIb0tobw,Digital India,Budget Boosts India as Digital Hub: Nasscom,2026-02-02 11:12:04,2026-02-02,Rediff MoneyWiz,budget boosts india as digital hub nasscom,0.3182,0.277,0.723,0.0,0.3182,Positive
CBMirAFBVV95cUxNa0x4dmxidUUyeWMtVDQ0V2RIYkxmUFlPem94M1lvSUdLV05TWWxscjExeEZfZ1p0dGNCS2czdXNiam85eUN4UmI0VWpqMVp4ZGZFemQyZElsWkdvbHNEamJMZUdQVnNZQlNQYVRyYU1PdzJCdkZUeHRoQU4wSm1NWmxwN2hwZEY0VHVRTGdHWkI5OFFNWUk5ek1VamFyVFhDV25Sa2UwTWZsWlIz,Digital India,CML Micro DRM Partnership Shines at BES Expo 2026: Advancing Affordable Digital Radio Across India,2026-02-02 08:47:26,2026-02-02,Digital Studio India,cml micro drm partnership shines at bes expo advancing affordable digital radio across india,0.0,0.0,1.0,0.0,0.0,Neutral
CBMiXkFVX3lxTE1EQlU1WGNpMFppc1FiUG44Q3F5TnRXQlhaYWxpSlQ4dzJvTjIwanl3U2t2SVZTdW1LWWlNWGJwOGtJVkhkSVZXcG04S2M2a0xuTG9oNTA5WTYzTDRRNkHSAWNBVV95cUxPa0pUZ0NSZnVtb0pmU3hSeVhZd3dWejNzcEwxU1RvZHNZQmtXTU1tTk9RMFBsc2Q5U2ZMb1ZMOENmT00tNkZjaC14UlZRQWVjWmYwelpSbHIxZ0NqaElvTkp3R2M,Digital India,India Proposes Establishing a BRICS Digital Currency Interconnection System,2026-02-02 11:13:58,2026-02-02,Bitget,india proposes establishing a brics digital currency interconnection system,0.0,0.0,1.0,0.0,0.0,Neutral
CBMiowFBVV95cUxQSG4telduSTNkc2JyWTJnc3hlZGFfZ2pWZ2JqS2dQMldFSURzbDY0eWY4WVIyb3E3aTBsaFljeHhnd1RfSFZaVVl4NUtEVlprbnE5S18wWTBKUVlIU0FaSmdJdnFDOXd5Ymp3STF1MWVDOTdFemFUYVdEUl9nSERMYXdTRHlJY3dtQWF4X2lhTTVnVU9iRGktSWJ3aGFPT0VGYkJr,Digital India,UPI Sets New Benchmark: Record-Breaking Transactions Till Date,2026-02-02 09:10:23,2026-02-02,Adda247,upi sets new benchmark recordbreaking transactions till date,0.0,0.0,1.0,0.0,0.0,Neutral
CBMi2wFBVV95cUxOaEpTSUVsb1c5dGNLR0dwdnRBOW5kNmdqRUJ5ckFZNFJHVGhndllvNFA3VFpELV9GNDFBOHl4VVIxWThmM2dlZmw2Sjdma0pZQnQwRDF5bDhrM09yNVV5NktaX1VaVHREVlJCRDUzNXB2Z2JHVzFBcUxzWHh5eG4wa1VEdFZQY1pxT29NbVgyUkdDSXowRDY3QS1uaXdrY3lPMFFqeW5QX3E5YW56Mnhub1JidnlwdzUyaFoweE5PamdGc084bmZPd3N2ZS14MWRYaTRFbHJYNEZzTWvSAeMBQVVfeXFMTkpNUEg2NXlvcER1MVhpLUltOVBMaE5vSXBodWhqWXFDZ3NrMXlBZThGUE1zamlwaXFieVdnZnF0a29lZnBBN0psRnlraFVZUWxTeFlBZjI2SG1NZGxHS2phZVBZX3VRRzJibnBFcDFMZFdtdWtCcW1fbjktM2VXVlVQT3BaNGhHOENKdVhRM1NiWU5LaDJybWRidUVJdlk4N2MydjYxQlFUOTFQeFVKdnJWM0F1NjRhanhqREpUQkYyT0ZPT1lTSjlsNlhRMEZLTzR6MlRFVnR0dnBQUkw3cXpUQWM,Digital India,"Budget 2026 Accelerates India’s Telecom Evolution Toward Inclusive, Future-Ready Digital Networks",2026-02-02 09:08:46,2026-02-02,TelecomLead,budget accelerates indias telecom evolution toward inclusive futureready digital networks,0.0,0.0,1.0,0.0,0.0,Neutral
CBMiwwJBVV95cUxQYUFNcjQzYkg4ODBqbGhXd0NXWll6RHE3M2VwOE83MnZwXzdiTFRuMFhkS2dFLWM2b0RpcDZFSnQ5TkxyVFA5T0NTZFNZSHROeG80a2tNTXJLQjl2aU9FMjlsZmdncUloaEZteUR2MUswYmhBV1ZUX0ZyZHBpQ05TaGV2ZmwtUEliSnJfb1dwVy13ZkpqdHdNUG5BQkZZeUFPWElRMjlYYXdsUzdUWEE2cF9xY2ZhQ05oT3lpWmZZZEVXU0NTeEFxdU5wRlRkd1poX3NFQ2czdk05MEhiZUg2anNWYUxGYzByUElscGFGeWZUMjJjWS1scThRNkdqcTR6X21NRExKdUE2d2NjSC1SaDZWdEtsTTdRc1dRSk53TE0tdENXR2VkVGV4dG1uenVtampDaDEtX1dtQVpWYzAyN2JpMA,Digital India,"India boosts quantum cybersecurity with BISAG-N, QNu Labs MoU",2026-02-03 02:46:27,2026-02-02,MSN,india boosts quantum cybersecurity with bisagn qnu labs mou,0.3182,0.223,0.777,0.0,0.3182,Positive
CBMizwFBVV95cUxOQmh1YWJ0VlNCb2U1WkpOX1lrcEJ0dmZZZlFFdmp2RnNUQ1dzc29oeC1GTzAzY21wcGZUOVB1QVdEbno5Q0dzRUVFWUk2MU9QY3FldHhCdUpqWS12YXQzTDByRW1QNFZIQUZlbTlJdFVlNDhtRlNOaGRkQ2tmZlFEX3ZNV1pWQlR0UHlYT19yai1JdzdvZl9IeEQ1Mzg0dDhPWlY5UTVpUHluTTg1NEFYY0tEUlZHZlE4T1BHamZOVl9LUmNPSi1kVHJrMVZUUGvSAc8BQVVfeXFMTkJodWFidFZTQm9lNVpKTl9Za3BCdHZmWWZRRXZqdkZzVENXc3NvaHgtRk8wM2NtcHBmVDlQdUFXRG56OUNHc0VFRVlJNjFPUGNxZXR4QnVKalktdmF0M0wwckVtUDRWSEFGZW05SXRVZTQ4bUZTTmhkZENrZmZRRF92TVdaVkJUdFB5WE9fcmotSXc3b2ZfSHhENTM4NHQ4T1pWOVE1aVB5bk04NTRBWGNLRFJWR2ZROE9QR2pmTlZfS1JjT0otZFRyazFWVFBr,Digital India,"Balloonwala goes digital: Street vendor’s QR Code payment stuns onlookers, wins the internet; watch",2026-02-02 14:50:41,2026-02-02,OdishaTv,balloonwala goes digital street vendors qr code payment stuns onlookers wins the internet watch,0.5859,0.286,0.714,0.0,0.5859,Positive
CBMiwAFBVV95cUxPdDJiTXBSZE03RnhzaFdzbmc5RVFzTWFXcGx5OEZoNkdqZ1NQUGZGNFlUM0xKM2FKMnFqbnBKM3Z2V2gtSi1rTmhVMDZDc2dBQzJDbDJVRW5NVTlKcS1XYVVPSVZKNFZ5MkJIZC1Fbi1kLThKREFpTF8xM0g0MEcyQ0tWeDdRQTRLY3hHR25QTF9DRnhYZXdET0Z3MVppckdlaWxZeDRXS1ZyYUtZOVRFN19pcDAtaV9KY1JtR2ZKS2PSAcYBQVVfeXFMTTNOTGgyQzktQUpLS0YzYnFjWE9IeDZmZTFKUlBxc2pBTDlTZ09Nckl2ODRZYkU3REpWWExBTk5vNFlDQ25VaVEzQXhhd0Y5U3JuZ3B6WmhhalgybkR1ODlXMS1FTGpCNDFCNVlLZ3R2TFZlTG5NXzQ4ckZXbEE4eFFHUExvdTFmaDBkSGpWRHFRM2JtS0ExM0hRanJ2RTkydWxka1hrQU1iQnRmVVBuSktZaHJEOUd5OXJWTXc4eGlaOEVuUUVB,Digital India,Unveiling India's Manuscript Treasure: Gyan Bharatam's Digital Leap,2026-02-02 14:02:05,2026-02-02,Devdiscourse,unveiling indias manuscript treasure gyan bharatams digital leap,0.296,0.239,0.761,0.0,0.296,Positive
CBMi6wFBVV95cUxNMFpaT0VRd2lLWXJuOHBGQUNWYXN5aExUMTNjWjJUSDFqQlBzakJGWHlJT2pmTzBrcmJqejNKQnN1NnczMXJra1I1MXpzM0plWG53Skw1eGhRTm5lWThlOTVQUWhPZWpPYnpXVDlPaUgtWXAzd09WbGxmZXM1RHhwcE9KbFBodnRlMFFlajZoUUJjbjY2Qk1mQVVHRTdIOUYyengxZGItbGJmWkZvVWRxMmxmLWdhaFg0OXZ5VU5qYkVmMmpYeUdhSGdmMjBwTTlGRlZQZ2E0WlFwSTVVczdPWVJDWXhqckZwMmxR0gHrAUFVX3lxTE0wWlpPRVF3aUtZcm44cEZBQ1Zhc3loTFQxM2NaMlRIMWpCUHNqQkZYeUlPamZPMGtyYmp6M0pCc3U2dzMxcmtrUjUxenMzSmVYbndKTDV4aFFObmVZOGU5NVBRaE9lak9ieldUOU9pSC1ZcDN3T1ZsbGZlczVEeHBwT0psUGh2dGUwUWVqNmhRQmNuNjZCTWZBVUdFN0g5RjJ6eDFkYi1sYmZaRm9VZHEybGYtZ2FoWDQ5dnlVTmpiRWYyalh5R2FIZ2YyMHBNOUZGVlBnYTRaUXBJNVVzN09ZUkNZeGpyRnAybFE,Digital India,Elevates India's proposition as global digital infra hub: Nasscom Prez on Budget's datacentre push,2026-02-02 11:06:00,2026-02-02,Devdiscourse,elevates indias proposition as global digital infra hub nasscom prez on budgets datacentre push,0.0,0.0,1.0,0.0,0.0,Neutral
CBMiygFBVV95cUxOUmFMb0NiZDhrdkhUUkgzYTlBa0tLWF9Ld3U0M1RicHYyOVNJSThSRlZMaTBqUC1vN2lYUWpjREQ2TmZwalp5ZWp3VW5YUDJJZklaeWRaRXE0SmY1ZFUyV1QzMzJPR2pNeEFaZE50VEZtWmM3bkNMYTlNN1RSWkgyeDlzcU9lNGtjLWFNbUNGMGp5aDUxYlVqdTFoUlJ2SmY4bUdHNXZ3RHFVNEozSmh4cXpkWTNrVmYwTE9USkItRWZyUDloUUs4M2Zn,Digital India,The New Digital Pulse: How Trending India Today is Modernizing the Indian Consumer Experience,2026-02-02 11:14:15,2026-02-02,Sangri Today,the new digital pulse how trending india today is modernizing the indian consumer experience,0.0,0.0,1.0,0.0,0.0,Neutral
CBMiiAJBVV95cUxNNlRlQVZ0MlNZVE9UTHg0Vl9IUXNIVnNZS0t3X0pWa0hRZ1lUN0xtdnFNLW95dktiaDh3ckRMQmNMZjZsaDNWT0ZWNEIwZl9PZ1Bod2RYMktPdVppV2RxSjh3VGdPMnNSVTBDNjRLY0ZDaWx1eDgxd05Dc0F0QklzR0xmRjlGZDB1Nkc0b0oyYWpNTWdNYmhyenFIOWtfNWMzRWEtZzhETzJrWVF3aVh5cktHemhmME1oTGEzVkRJR0xhaXE4ak5qRWtqc0dHdC14QmZRMkw4LTBjbkkzRnlvOVlNbkhrcklad2JQTk5ybGQydFBIOHl1NW82LUduODYxVk4wcF91LTHSAY4CQVVfeXFMUHQxV2FHdzZyTTItTzN1X2Nzb2I5VmYydmppZTNFbzM2cnIxWVdwcHVCX2N3SlA1TjViaXpUektFaWxZYmlZcHpMZXo2STFRYV8zeDd5VGNtZjJyR2lMcEI1ZWV2WFVtY0VZdEJINEI2QS1Xay1HMDI3cHdkdmppSTY2SHdaMVAzYWJ2UWVkTERGTnRuNUR3Rld5RU8xWVFDUUExM0M0dTVlSUlaY2tmdXdmVzZackpwdVVkR3lwdzlmRmJkZDRLREhNSjIwRWNpa2I3amtOcHRieFA5cEpFVzgxSnE1UEpMMUNUM1JWcTF2UmI4dHQ2MGRmRU5NN1VLOWtPZ3hCNm1lOHZBaGtB,Digital India,Business News,2026-02-03 04:46:26,2026-02-02,LatestLY,business news,0.0,0.0,1.0,0.0,0.0,Neutral
CBMiwgFBVV95cUxNbTFTQTQzR2RwLTk5U2ptVWctb3FXVEV4YUl6T1o1ZFF1dHdkYXFhbWhTeXdsUDBmak1xZ213QXlILW0ydzRYWUFlRDJodHlZOURIOEZGU1FqZ2tuYW1RRjV6ZTJpejZBS2stZlZGWHdzLW0zVFBHelBmQUtISFVSTUJVdlZEWHZBZEVEWmpUbHFpTXk5NWpCSmQtRXZ2Ym1rWElYOWZWWDBZeGhacWxPZnkzQVhhNmttejdfcWhwcDhBdw,Digital India,Electronic Signatures And Seals: India-EU Pact Aims To Simplify Cross-Border Digital Trade,2026-02-02 14:06:24,2026-02-02,Sahyadri Startups,electronic signatures and seals indiaeu pact aims to simplify crossborder digital trade,0.0,0.0,1.0,0.0,0.0,Neutral
CBMitAFBVV95cUxOdExPSUtteW1ycERfTGV3U3hwTERFNTROS0xkM2lPN09KYWR5RHpoT2tqcUlKTXRvOHR4SkhNMTdJUHVBQjhhRkU1dldSM3hKZFBsNzNLMTNWWDlVOVkxWllDYXlSM0tmY2hDMWtDOEp2SFlHZHVKczFPTHlVR3JjMG5NbkNMRDdlRTcyV0lMZjlPcXhMbmo1Sm9hMlp4NVFWc0ZYbGVhZTVMSFg5bGpyWV9SbnLSAbsBQVVfeXFMTU9jdzBHZXlyNWp0a3FOVmw5c2VzbVFRakNiN1FrQ2JjVEtVTi05NDBBQnpUMExYRTZKbDAyQXlZYUlweXF3NkFuRm1keUN1LUxqOExuM0w4TWlRcWlQSkJvUDM4VmUySUw0ZVRkSWswczZBR1ByY0F2OEY0T1puRDBkZ0lJQXMyS3FIbEtnZlFzSFZEeURKR2stb3Vqb1FGaUxkcG04YXd0WnF2ekxLNDM5NGtUOFBPb1pjdw,India Entrepreneurship,What is the next phase for rural women entrepreneurship?,2026-02-03 03:00:00,2026-02-02,The Hindu,what is the next phase for rural women entrepreneurship,0.0,0.0,1.0,0.0,0.0,Neutral
CBMi0AFBVV95cUxQNG5IRHJXR2lRM1RWempWX245R3B4eUlRTWpXek9wT0VXWFVmUEQ0dXBDRDVOOE5rVlh0ZjBlSlB4Q2NqUDE5N1dacmlRekRVRDRZN3VFOTBSVTM2TzFPSVZweURmZXV1ZzZnT0dsWDVtT3hYZnF5QnpaN3JldDhDMFVDMW5QM0o1emNXV3dBNUppRmhFenRDbks2S2xwUHBfMm1xOVE2Qnh6clJxbXFUc1BkbzVqYndhelB5YXpxZnJNeVlCRTkyN2FrZ1ltWXpD0gHWAUFVX3lxTFBWaWQwMy1iNXZzRnhWMDNESnJCdDQ3QXVmMEd5VGJ5WHpBRUdrZ01QYXBrdTRlVEpOUlRzdGFnZk45YUttM2ZTY3VsYWcwcklzSGNVdU1yR29mbXJVTjJ4Um1FNFh5SEE3NU9tWTVRSkJyMURmTk9SbWhENFJxeXY4b05yN0pIY2FwRGluNW5RYU9INDRpRDdMb1VGcU4zZ0hrVkFua0lKdFVHOEk3S1VNM2c0TUlrNjlwQ3JLbFdEOHJDS1N0V0JtNjRkUjVpbmdTMDltd0E,India Entrepreneurship,"US business chambers, think tanks welcome India-US deal",2026-02-03 05:57:58,2026-02-02,The Economic Times,us business chambers think tanks welcome indiaus deal,0.4588,0.3,0.7,0.0,0.4588,Positive
CBMiigJBVV95cUxNeDVjR3FWNkZPaW5XN09rb2ItZjQ4Rmc4ekI1OTJzOWVTSnRwdDZmRXlGMDVjdFpJVEN5STg2UEQ4WXB3UE4waXdoY1h1ZFQ3amh3YzkyUVRpODZwVkZfZGtBam1DQURTZGxsbkxwR0pSNmJhYXhpa2dVcjVtZ0NyYTFpYzNEQ2xTQVZUNEFybVNEOGdMbEExaFZmUHJrSHVlTHJaanBra1pJRXZQU2gzU0o4TFdzdEpCelpqemFOdWVsSWpSOS1fTmx4NTVGSEFLb0RoS1lqSy1Wd1paWTFrSzllNUYzcTJoakFQTEVvdTNVdUVIZmRhSmxuajFXQUVUM0ZTV25yQTFiUdIBkgJBVV95cUxPZ3lSd1M1ME5YX2tJQ1VxeGk3TXNVd25BNlZVZmRvbVJYRkVtV3hxRkFlR0tJVU51ZmVpalFOUFZsa1FFYVAzV3BCR1hNWmtOSXNaeVVuMkFla0k0RkpHdDhpTTRsQlJSdFVZMC1FZ0NYWDZuTk1pa2E1ajllT25sa1NaRHV1dzQ2OUZkZzFqek9jQWJtTVJyQUFfSDJNVXAwLUM0NnpTam50TWMzVmdQakl1SjhHd29sSFo1NHl4MklyVEU5TlB6QWUxVUItR2RldTdtVmZXeWdnYnIydUJNNXVfWUNVdk1fbEtrbU01VFVyQW9ZZFp4Q29RX2J0akJyYkV6NFVjSHRiMWVmbVJsWFln,India Entrepreneurship,BrightNok Founder Ganesh Yadav's Entrepreneurial Journey: From a Small Village to Metro Cities in India's Growing Laundry Industry,2026-02-03 06:55:00,2026-02-02,ANI News,brightnok founder ganesh yadavs entrepreneurial journey from a small village to metro cities in indias growing laundry industry,0.1779,0.096,0.904,0.0,0.1779,Positive
CBMiqwFBVV95cUxNcHdBRll5ZDhpVWNsSHZTX1hoWnVzRVRpRDZYVjRwZEEtdG03T0FDLWRLd0phUUpmREVneGtRTXd3eF9CMGZ1Y0FJdVI2QS1Oc1V3SEo1LXZOLWpIOV9XeWhyVHFtRGVReEIyUTBYV0N4MEZ3ckZkTmlYU1Vmb0NGelIzMGk4c1dKekRhQmJPeXVFOHFSS0wxc0pnUTdsa0ZMa0tFemhiejNrSUHSAbABQVVfeXFMTkJOOGkwc3pCTFdEbnBIeXV5Si1BRVhBNTJGSWlpb0F1Z1NFVERQQldvci1jTTd3NmY5c0dMTl85SmlBWnlNZVk4VjQzT0FBN0RyNVZqakVMNThjdk1RR0RYZXJSRm9zOXJPTndKNVVZZDZNQnpqNzhRQ09DNmNVaGFOLVBfRktDV0c5dExHdFcyNzFCdi1uZmtZNllsLWNuZWpFdzBKZThYTlhycmxtdHQ,India Entrepreneurship,India-US Trade Deal: Business Chambers Welcome Agreement,2026-02-03 05:38:34,2026-02-02,Rediff MoneyWiz,indiaus trade deal business chambers welcome agreement,0.7351,0.554,0.446,0.0,0.7351,Positive
CBMirwFBVV95cUxQcEI0NGxDSlNqaWJsNXJJLWc1dUtjazRmYkVmX18zWU5FMWxWWjcwQThnMDdkS3ZraGM4dHpUdnNoTHI3N1FJRVcyOVQ1U0dZOUVmcmFWV2NoX2lvRmNRaGcxRnBGR25RcUlONXlEYXc5S2JvNnlRRHFqRlZUQ3dUT240U0JqNDNCamFZZHhoTlR3dnlQcWg0TlhaUTgxXzV2VEQtbExuRTR5VkRzWi000gG0AUFVX3lxTE5RcldQRmVwSHBPUVdSZFdJWUFMNXVNSUw3aEhqRkhLVHF5amVzX2g3dERvTzNuem1MMWJuSUlTTWFybV9Ra0dTdENHWDdaQ2stUFdjNldFY3dqa3BPamU3dWprUklVSk40clJsRUMxSnBiSUt6SnZRM1ZndV9vM0RxZkQ1WHhIVHVVVzdUaFQwSURvRTN6ZlhEbkMxdjNCdF9SQWtrQ3U3WU83VEQzWmFYLWlQSg,India Entrepreneurship,Business Leaders From Both Sides Hail US-India Trade Deal; Call It ‘Historic First Step’,2026-02-03 05:35:18,2026-02-02,OdishaBytes,business leaders from both sides hail usindia trade deal call it historic first step,0.0772,0.091,0.909,0.0,0.0772,Positive
CBMikAFBVV95cUxPblY4Wm5iRFp2MlFZVVVGMXB2aHh2TXF2bFBHdWMwb0Q5eUp2b0V4Qno4ZWVFZUYtYUVhYWxsenZKbGZ5dGI0QUYtZWtWTGVTRjhERWxmY0ZPNjVydmQwOV9ZTHNJdU10TVR5TndfTVJsVHJEenY0d3JFa3J1ekp5bmwzVldsblVNRXdQTGhzWmPSAZYBQVVfeXFMUDJpam4yZDNpa203aVU4anlmaTZGMjhxNzR1MkFER0FTWFktbXZrbWZseFhzYXRWOGZ3U1NTRHF4WEhNaHNINWl4V0h4S0JDN0tzeFJqcmMtaGdobENKWDUxOGpZMWZyaWFuc1duMUYzbzI3Zjdpd3ZaSUhaSDc4UHVZd2kwUEdUaUJQTDdOdUdfNjRRQjZ3,India Entrepreneurship,"US Trade Deal Brings India, US Together, Say Business Leaders",2026-02-03 05:44:51,2026-02-02,boldnewsonline.com,us trade deal brings india us together say business leaders,0.0,0.0,1.0,0.0,0.0,Neutral
CBMiswFBVV95cUxQODJBV3BzLXNDdk5tOXpnLVhyUlBzNnRGY19SM3NmeFMzcVE2LWdhVU40X3E3U2hWUEJadk5YNmhvcEJaaHg5c2NpRHhhM1JMWElIZmZxV1QtcksxNDBJVVpUemJhdm9GV3ZjU2M5ajl5bkllaG10N2VPaU56VU9uN3dCb2p3T0M4OERES2NRYW9UZnpCdk8yZUVoY2VDT1VUbXhZQkJvbmtXYjd4SW5OTGhaUQ,India Entrepreneurship,Budget's focus on AI-enabled skilling to nurture India’s future entrepreneurs: Industry,2026-02-02 16:33:17,2026-02-02,India Tribune - Chicago,budgets focus on aienabled skilling to nurture indias future entrepreneurs industry,0.34,0.194,0.806,0.0,0.34,Positive
CBMisAFBVV95cUxPYmJQbXVRTnpYZnBZV2ZOS2JNdkFncWtLRHBHUW01TF8wRlFCYW5iZ3lJRDZKeEdCN2V3eWcxdTVfN3JNR0pma3dNUXl6WVVzLWhvbGVzV2FJaDk2VG5VN3l1ODdOVmtlMGMtVk42VVFJTGhLVENoZ193V21iRmxpNmZoQ0lqaWJsdXZ0UkJjRHlTWVlKN014STVEb3dkMGQtYmw1TjZYSV9LQVhZTWlrSdIBtgFBVV95cUxOa091amNqVUl4blJTWVJmNGJTT3VzLW1EUy1JcWM0UGp0YnAxMkR5ZFdiaU5iNVhEdVkwVVNobkE2NUFseEYxdTBEYW15aW04VzY5UVlfbm1KelhlZnlUVkhVTTlkT2dabloxdUdTS1l4X1J4NmpMd3BocXRIOGt4eHBEME5zX2ZwazB2SzdrNVNlWlRCck5od0lad0JXRFdvcWtEUVU2ZzlWenRsalJjSkxvNzhYUQ,India Entrepreneurship,India-US Trade Deal: A Boost for Farmers and Entrepreneurs,2026-02-03 01:19:08,2026-02-02,Devdiscourse,indiaus trade deal a boost for farmers and entrepreneurs,0.4019,0.278,0.722,0.0,0.4019,Positive
CBMiqAJBVV95cUxNMmtoUXlteExzTTdjUU1sMzVRWmJhcXF4enJJZUNuSGFWSGNLM1Y0V3J4Zl9PV0xUZi1rbms3ZWRjQndxTmJlVlNNLUlfdkRDR3VWYUU3T2ozLUlBakNNVEVUNndvejdTMFFlaDVCcWxzc2lDYW9VWmh0aDlaLXNDOHJMVmpCOGFscEp1bmQwMml2RUFZT0kwQUdjM0xjMVBqaUJTMGdwZnhDMzVvaTluVkpsVnJIN2lDM3ZJa0hEa3lCby12dTdwWHNhRFVUSXFmYThKLUM3SWxuRkZtdy1yREdVdWtmLTlWX0o1bF9qdHk3MGRRZFRnZG1CeWItTVFfMHJ3ODQ2YnYwMlZVQkZLUzRYSnRnWjlYOUVybFFCQmVfU09Rd3YyZ9IBrgJBVV95cUxPSkNmVlFVek5DMThnZnBNX1dDaU13Um50Y09MMXpyb01UY09aSkpUNVhINTlfTXAxQ1ZqS0VzMjJuSmJzNThGNkgwVUp6NlNieHNpYllLNDRGMXdTUU04NXF0eXQ5QW5hWUNPZmxUeERQbVZCdGJNekZiU3g4R3RfRF9HZ1ItckVRMkNaUVd6djRONHF0dnoyakgyQjJORXQ0anZ6U0t1Vmg3cVIzaTRoUTJFeHdGRWU1V1JXUTczR3VSZUktelI0cGZSTWJRQzQwTWlKU1ZOVlR1ZW1Mal81bGNoMHZDVUYybXQtNlRKdW5MbHNNenRuc1lwXzhsU0VQdXFNbWlEcDB1MFVpSE45VUFzSWtKMWc5bG44eWFHRVhYVjhHUV9GRy1mX2doZw,India Entrepreneurship,"India-US trade deal unlocks unprecedented opportunities for farmers, MSMEs, entrepreneurs, and skilled wor",2026-02-03 02:08:41,2026-02-02,The Economic Times,indiaus trade deal unlocks unprecedented opportunities for farmers msmes entrepreneurs and skilled wor,0.3818,0.178,0.822,0.0,0.3818,Positive
CBMixwFBVV95cUxNdU4yaFNMVVZXck9BckJyX2VUcExPb1hXNG00eHhmRHY0QlJSb3RWX1BnSlUyOVlnMllRUHRaTHhFRFBiQ2Y3U0FKbnBkVTBXeG1HcEh4Z1FTazFvaE9KUURRNjFyT3QzSV9OWmdhU0JVWXZBZF9wQ05nclRnNGs2VUszS0gwN09wRjlRLTZYeU5rVXBuQWg5eWRjQ2pFV1VGSVAwcVZxQWR3aUtMNlBSQWFlUVp4Tk5QWlQ2bVhxNHlwdmJBSnZV,India Entrepreneurship,Union Budget 2026: Nirmala Sitharaman Bets On India Semiconductor Mission 2.0,2026-02-02 11:29:28,2026-02-02,Entrepreneur India,union budget nirmala sitharaman bets on india semiconductor mission,0.0,0.0,1.0,0.0,0.0,Neutral
CBMioAFBVV95cUxQbktnUVBuTDhXaDdVQmw5eTRqUWg2dHBRN0dFTGJDRGl1elBxRFVhbWZkRFBYdkhvUlZON1cwUDVLM0pTMDBCN0FPLTRSRkVuT2FfYTllVk04Z3lRRjQ1TDN2T005MXA2RlVXVkFYcUJTU3hPZ205bVdkakJsc1ZOUWJ0YVgxVXVzSkduMkhteW8wMmh2U3k0a1VVNk5rMERj,India Entrepreneurship,India Budget 2026-27: What HR and business leaders need to know,2026-02-02 08:58:00,2026-02-02,Human Resources Online,india budget what hr and business leaders need to know,0.0,0.0,1.0,0.0,0.0,Neutral
CBMixAFBVV95cUxNelcxb3YtWGFVQUc0aGdfa1llUWpQQUxXeW1MR1NWV0xDakpucmlMTG9jdzZ0NS0tcGpDeGZxY0ZaWE5ua3Bna1lZS2NCQ0hLMWZIRnFTVEY1X0FSUHdJaUp6YUJOTEpnaHJ2UlNLaFlTTXowTzc5TncyMUhwT2JsSnpBanUyUVRvVzZWSVRvdk9PWTI2SDEwTktTVl9CX3NwRkFEWGQ2aTU1OG1PWXBqR1NNQlkxaUtHd2RDQUdmZU1valMy,India Entrepreneurship,Clean Energy Powers Indian Women Entrepreneurs' Growth,2026-02-02 13:13:59,2026-02-02,Whalesbook,clean energy powers indian women entrepreneurs growth,0.7506,0.649,0.351,0.0,0.7506,Positive
CBMikgFBVV95cUxNSjQybVVOaUU5eHVKRkRXZW52aTgtT2pOVGxLc3FJdlBZZDAtOVBnTXBFNElkd1FmYzZHZUlXaUQwSnJ1Z2lzejNpMWlHNHhaZ1FveXBmRXkyZ1VtWGpuQzFUSDlLWm9kVTNNb3hmRmxBX29DdGltS2RHT3hQZE9zRl81Nm5MZjdseTdQUWdfMXozdw,India Entrepreneurship,Raviteja Gaddam: From Financial Expertise To Purpose-Driven Entrepreneurship,2026-02-02 12:46:42,2026-02-02,India CSR,raviteja gaddam from financial expertise to purposedriven entrepreneurship,0.0,0.0,1.0,0.0,0.0,Neutral
CBMizgFBVV95cUxOYjh1RXZvcWJXZEwwRjRkYTYyX2xlcWhuTHN3QUxsZXZURzB6dWJ4d3JyaVNnMmhKa1l2NmZsTk5VbmxIdGtxV0plU1ZxakN4ZEw0OEgtQ1JxMkpZb01WeHBIeGdrYUdxengzS2xIbzVIOHR4cEtib09leVF3VDNtZjhUcXdGay1XdE5fVGVpZ3puSi1palYweDBaV1lCQUdfc0ozemZNemxES0stWkEtQVRZdWgwam9ocEM0Z050V3M1cnE1Nko5NGtHcy1nUdIB2wFBVV95cUxOWFZpazUwY1ZSUnNodTVQOEk0dlp0SGFDTGQtV3BZY3hvSHpnbWJGVUt5S0RDbEs3TElCWnItNzlEX2hYU1hqOHZqSnFaS04wdzhfMlVHSldyTzRvZWx4NS1DT1AwZ0MteHk3TE9RRVo3ak9TMHNSZjFYNkUtV0J3YTBXYkxjakJDUk1wSXBIbnlXX2N3dUcycktrX3AxMmc5T2Q0YUZjSmptYThIY1RGSU9PRmhSU1lpSnFKT0VQM2hTNFVmc19xdEZMU0FIaWVIOUowdEItcE5mQzA,India Entrepreneurship,Pilloo AI Launched as India’s First Voice-Based AI Tool for Business Accounting in Andhra Pradesh,2026-02-02 09:11:23,2026-02-02,digital terminal,pilloo ai launched as indias first voicebased ai tool for business accounting in andhra pradesh,0.128,0.097,0.903,0.0,0.128,Positive
CBMi0gFBVV95cUxPQXRRaUpxWW1YODhQNjItVURZV1BVbzBrTTAycU8zVTNhWXZDQWpTZ1c5QVE4NnFUcWtGYi1LZzZEM05uQmtKNWtPeXlXTjJNSXRtMnVtNWlOa2RvMDNvenh5akNJQ201MFhRQjhUdDZuMUNFdmVJNTA5Ui1XSjFyN2xCYTRJRzVfcVRLbG9FMmd2VDJzWnI2OFZSY2dHMUtBNzlTVVZyazJxRE5HUWR3bGk1Y3JTbE1VQjZRWmNSdzB4eHhUemJ4dnFDYThvMWpiaUE,India Entrepreneurship,How the Budget 2026 is Woman Centric: Lakhpati Didi To SHE-Marts for Women Entrepreneurs,2026-02-02 08:02:29,2026-02-02,Jagran Josh,how the budget is woman centric lakhpati didi to shemarts for women entrepreneurs,0.0,0.0,1.0,0.0,0.0,Neutral
CBMirwFBVV95cUxPb1FnQl82UHQtNC01WDVQX3FrU2ZLZkowS2x2cWU2RnEzUFJ0UjJTMU5XY3hBWUZxeW5pRVgxUzgwWVROQWlXWGtkckIzRkVVdU8tNi04VWxNV3JNc0o4MnVxNEc5aWFlY041dUxxQlRGbkI1WE5Yb24tV3hZNUF4MUxwM2dwMHh5aW9rU0ZvY0tGQlVyVGlLSXJCR29XTURfTDlVZWYzVGFLRDdWdG9z,India Entrepreneurship,Microentrepreneurs in Rural India Grow With Ovante,2026-02-02 16:30:43,2026-02-02,StreetInsider,microentrepreneurs in rural india grow with ovante,0.0,0.0,1.0,0.0,0.0,Neutral
CBMi1wFBVV95cUxNQzk4VzJDN25OT2hNUElGVHRXeXZid2cyNmd0QnlVb0R2Vm5qN2hyRjl3aGc4bTdkOWU5djYtZW5LWWVOTElTTTBGVTZWaW9MVFZLZUU5WmFPZHl0WDBJdWM5RGZvd0VJQ1lQN3Q3N1RGem05MVlUVDd2TTRjYU42NV9KbE1paGF2Z2tBeUJfUkYwa0t6WTdUcXB6d194OWpXajlZTmFnWVNDaENhdWktVlg3bVJhWENiMURVZ2VYS1JaYjh5Yi1mZGh5RS01R0MwdGZQdTRXOA,India Entrepreneurship,Amity University has been ranked No.1 in India for its Business and Economics and Computer Science,2026-02-02 09:32:00,2026-02-02,Careers360,amity university has been ranked no in india for its business and economics and computer science,-0.296,0.0,0.872,0.128,0.296,Negative
CBMiywFBVV95cUxQZ3VwYm5wTU9xVkphZ0ZnalRvQ1F4YVkyTG1kOFRYU1FIVnhWblpTelFaem9WdThrQ2ViaDBnOTZIamFSbURkT2VlcnY4dTlDR0VQY1FVbXdjekN2QjNEZ0IySWgwQWE0VHhkUlAzRG9xUVdIeUlWdkVVNjh6NzdOOHQwVlFiRm9UdWFLV2ZXMjhsdkg0N05pazRPSDBjRzJfcjRhbGw4bHlNblB5UDVoYXc5a0ZoVUptWnZ3NE9XQnZ4TUd6NUF4N1pyc9IBywFBVV95cUxQZ3VwYm5wTU9xVkphZ0ZnalRvQ1F4YVkyTG1kOFRYU1FIVnhWblpTelFaem9WdThrQ2ViaDBnOTZIamFSbURkT2VlcnY4dTlDR0VQY1FVbXdjekN2QjNEZ0IySWgwQWE0VHhkUlAzRG9xUVdIeUlWdkVVNjh6NzdOOHQwVlFiRm9UdWFLV2ZXMjhsdkg0N05pazRPSDBjRzJfcjRhbGw4bHlNblB5UDVoYXc5a0ZoVUptWnZ3NE9XQnZ4TUd6NUF4N1pycw,India Entrepreneurship,Top 10 Entrepreneurs in India to Watch in 2026,2026-02-02 09:41:11,2026-02-02,Business Standard,top entrepreneurs in india to watch in,0.2023,0.231,0.769,0.0,0.2023,Positive
CBMizgFBVV95cUxQZTFwUDhjdk1jWk0zUGZiS1l3eVJ0Vjd0RHZXbXRYX0NESUZBb3lRZVRyUFdXUmZGN3RHdjRuZ2REbmRHTzJHeDZIUXNSQXNpQmxoWFpDTnlxWUppZDNSWHdTblZYVmNjb1VycXJPdmEzWWg3aTVaaEV1UjhaQ1FnbV95Tl94S21LQ1FXTWo3WlhoWXlkUUVaLWItSjBRamFZQmlOdHNYZU1kLXB3aklLSlNhajYtd0RYX1FwVndndTAxSklacjIzR2tUWW9DQQ,India Entrepreneurship,"IIM Jammu Inaugurates Advanced Management Development Programme under ESDP–DCMSME, Government of India",2026-02-02 10:19:16,2026-02-02,India Education Diary,iim jammu inaugurates advanced management development programme under esdpdcmsme government of india,0.25,0.154,0.846,0.0,0.25,Positive
CBMi4AFBVV95cUxPNl9YaXd3ZVhzSDJJNVFzUS12djRXOXp6RFBCT2cweUtzSkE3aXZKckdoOVhuYzhMekZVTC0ybTR0SXJXTGpCSkhsWTI5MHJ3ZVQ0Q24wRW15Sl9BNjhKWlA3VTEyV2pLMk45TWxacGllXzdDREIyX2lNQ1IyeEx2V1BzclRqTzBCa052TDVCWEZweklZZDN4eE9pRWljY0NkaFdsWGJWTnVJNDhuVE1CUVNxTzJUS3hBV2x1YVRwbEhVYm55SW5rS1dDVFoyN1ZDZll2cWFia2pPRzA0TGhNUtIB4AFBVV95cUxPNl9YaXd3ZVhzSDJJNVFzUS12djRXOXp6RFBCT2cweUtzSkE3aXZKckdoOVhuYzhMekZVTC0ybTR0SXJXTGpCSkhsWTI5MHJ3ZVQ0Q24wRW15Sl9BNjhKWlA3VTEyV2pLMk45TWxacGllXzdDREIyX2lNQ1IyeEx2V1BzclRqTzBCa052TDVCWEZweklZZDN4eE9pRWljY0NkaFdsWGJWTnVJNDhuVE1CUVNxTzJUS3hBV2x1YVRwbEhVYm55SW5rS1dDVFoyN1ZDZll2cWFia2pPRzA0TGhNUg,India Entrepreneurship,Justice D.Y. Chandrachud Joins I.I.M.U.N.'s Advisory Board as the Organisation Marks Its 15th Year,2026-02-02 10:11:00,2026-02-02,ANI News,justice dy chandrachud joins iimuns advisory board as the organisation marks its th year,0.5267,0.207,0.793,0.0,0.5267,Positive
CBMi5AFBVV95cUxQTWhfazg1NkRpcEh6aEVUNEhMMlRmcy11akdTWDdLLTJ1LTJKOEpNZ21HekR4V2NWQWhHcXhXRDlfSlNrdUdiM1AtelplZXZzTGt4TVo3S1ZqMG80NDd4LW9BaXVnd1puYXBYRmdjTTBfak16djVQX0NLRW1vZThpdUktREdjRlZBckNlakkxTXBYRjlwczRjTUVmUU1ZdDVLdFotRXcwdmtvLVYwWjQ1YVoya1FGU2VPaDloNzVVbU83dUF3dEIwRFQxQWFtRjFfN3cwZWJHS1F5aGJwSTlISjhvYU3SAeoBQVVfeXFMT1VOUWhsbHdnVXUwRkdYdXpncFE2VmExby14VE9mRlFnWFRnWU9mX0JvdlE2SzVrU0hTeTdtTnNhVnUwc2JHT1R6UUNfWHk3djU5dVV6VUYweEFmZ1FkMWNzeThFaGJDRDhNbUh5RmNGWXdkcmZJS3R6b1JZVkJFb1dUNTRlNmhZV3A2NHE2aFZNNDB5ZE9uaE4xTlpJZzJTZ1ZPMkhVa2ttUkxNSElVeFlsMy1YYkxIM3VBUGozSElpN0dyTXAtc0NCLTB5d1RadEtJVUNUOGtDUjVTeWFsa3ZnbmRtOUdibnZ3,India Entrepreneurship,Industry chambers applaud Budget 2026 for strengthening India's biopharma and women entrepreneurs,2026-02-02 08:40:19,2026-02-02,Devdiscourse,industry chambers applaud budget for strengthening indias biopharma and women entrepreneurs,0.7351,0.408,0.592,0.0,0.7351,Positive
CBMigAFBVV95cUxPcEpVVzl4WmZkVktTRkpTYV9KeXppTnM4Ym8ydUZNcWFlTWkzSThWLWdvcUNsdkVBZE5PVWs3cWM2VFRLaGV4QzZDNFRUUldRUVdaVHBVaWFxWmtIeUxWX2paQ2JLSkM0a0pLTEF5dXNKc1RtR2tnSXJKSklUUXNlWQ,India Entrepreneurship,Saravanan Manoharan: A Leading Entrepreneur and Business Leader,2026-02-02 11:23:30,2026-02-02,foundermagazine.in,saravanan manoharan a leading entrepreneur and business leader,0.0,0.0,1.0,0.0,0.0,Neutral
CBMiqgJBVV95cUxPRFVUR3g5ZWdkZTkwQ1JHRGp0TE04Mko0VEQxSHE5N1I1OFB5Q1pWRFpDbXA0R2dzdE5tMnEwY1NndmVETDhhb0p0c1l0MjBoeWMwY0dqdHREOXg1VEN5OHFSNUN1NnpENzdBRkhRUWYxWjR4aTlxVGZpeGNfSU1GZHZZT0FoQkRTM1JacmY5bld5cEo1NDd4Q1lQRHFicUxfTnVYcE9ZY2N3MGhlcGFvRThzUEMwT0hjTkcxblFFSU4ybVhwNzkzdmpZcXdvMlV1REJOallVVFZkNVlXN1hPWkwwUTJKMUtRanNiQ1R3X1FLRnFjUFNic1o3Q281NkRWb043Yzl2OGM2WFhZV2NMT3VFUnNhQi1JOWVEZmZFSlRRa3pOY3VXTnR30gGvAkFVX3lxTE5GQlJXX2M0UHFlTTlCOENVVlpfMEVTUk9WVnl2bEZqVjFVZjVkeDJpUHFCdWJJdENseUFvZ0N3bnI2TWNzeFR5TU52YjBLN1h6anZCTHhFc3d5U0VDT2t3OW1Jb2U2aElvUFFELVFhajAwUUxmMUNsWXVKTWdUNHpWdVU4TnFKWUpKZjcwRGNSS2JXTHR1cVkzU1FnemJlZzdEMjdxX09mNC14Tjg3eFBkUkdkQnQ1V2xUMGZ3OXBuZTlVYnl5c0lPODN6UXM2M0NGYTkxQWJzNmFXOWplZXZMUWNhbFhNUjVBWFBzODJYZ3FmeGt6LWc2WUljTVU5U1NCSE91b3RPRlNoaERyY0hpMHpQamMyOFY2WHl5TlFpMS1UZkNJNTZlY3FqVkoxUQ,India Entrepreneurship,India-US trade deal: Top 7 points Trump says he agreed on with PM Modi,2026-02-02 17:30:00,2026-02-02,Times of India,indiaus trade deal top points trump says he agreed on with pm modi,0.4404,0.262,0.738,0.0,0.4404,Positive
CBMi6AFBVV95cUxNS0RnUDNvQTNFbkhtNnV6WmRabzNRNzAzbEwzNmY1bk5BcFZMN0ZJTFlGLXBYamFNbE5JV3g0SHFSOHRiQU90WHUwRDZOb2lkNndwMHpScVNRMFhRT0FDV2NVUnl0ZVFUV3RtMVJReXJXRndleE8zUnR5SHFUREdWYkpVZlNLS25WcFcyMnpmSFBFU0E5SFZrQkVuRF9hanV6SzFyek5KeWNFRjlRMzFVN2dwcXpqUlNqbmVvSkdZenR4ajN1VDktQVVPM2x1YzdfUHBYdEhVaXdJdm93VXBQNzc0NWt5SC1C,India Entrepreneurship,Palki Sharma leaves journalism after two and a half decades; netizens say India has lost a powerful global voice,2026-02-03 06:14:12,2026-02-02,Startup Pedia,palki sharma leaves journalism after two and a half decades netizens say india has lost a powerful global voice,0.128,0.139,0.746,0.114,0.128,Positive
CBMivAFBVV95cUxNYjhMZUxldktQRDhpVTZrbk5oclNUUVVLcUM4cGw1enRaOVI0VGRQbno3V1FQV0RLMV9HcFJMNl9hX1U2YnpKdG1Idjd2MFNqZW5pTktIOFNvMnhlNHU2aDhVak9wS29fc0RxY2MxX2daSHlySVZXWm4yU1ZiVGpwdlBTT0FvYzk3cF94SlR3dWpJaWEtQnRpSkdKVU1ZeXhZUTJETDZVNHMxWkpOQlhoZGk1VkNSMTlsYmVkNA,India Entrepreneurship,Alleged Hawala Networks Linked to China–India Business Under Scrutiny; Students and Private Employees Among Suspected Operators,2026-02-03 05:36:21,2026-02-02,Juris Hour,alleged hawala networks linked to chinaindia business under scrutiny students and private employees among suspected operators,-0.2263,0.0,0.888,0.112,0.2263,Negative
CBMixgFBVV95cUxOZF9OcXg5RUtTbGZYYVF1ZnExbE8wRUlnZjJ3eG1JS3cyOTJpb0MyMzAzNXE5VjZLYUk2NGxiQTVXNTJ1Y2pQcTJaY0FfUlZzZXhkaTYtQmZucmFUcmtzdDVqLTFGcHhDaEVCVFVsM0NpdXpaOHFXY09JX25zbjFJMTdjdkFtV3oxZkg4WXFCM2piZ2tQNXF5cnhzaXY0YW1FSFJsN19DWE9ON0lIQ2hBc05HU0lOVDRCYnhyUGRSZ0pWQXRmaXfSAcsBQVVfeXFMTXZRUXREUUtqOU1zQnlocVZMczVhbVJVXzlsLTdPU2ZuQUxfNlVoczRadFh2QV9aNFZtVm5XMG90c29JUmpHTmhTbWdMNTRoYi1rb1AyYjBaWHo5MmpZWnJ1SEUyVlU3eXFublk4ZzRlWXJWZ0J0T0ZBWThQMDZELUxVWnZJeVBpWEp0VV9OYW0yRm9wNkkzTjFJQmVwOUpiNzZ0YkR4YjF1TEtoMkdpWUFRMG91by1qOU0yVXo4Q2d3dk9Za1A1WWx0aGc,India Entrepreneurship,Business News | US Chamber of Commerce Welcomes Progress in US-India Trade Deal,2026-02-03 02:38:24,2026-02-02,LatestLY,business news us chamber of commerce welcomes progress in usindia trade deal,0.6705,0.355,0.645,0.0,0.6705,Positive
CBMivgFBVV95cUxNRzZrb184ajFoVG9NT3pyRXViT1R5TzZZYVR2cUR5U1VyRi04eFJYbDhHU1FMMTNEX2JtenU4bmRESVNKOEFIX0VKRElremFGX0FRWEU4Rnd5M2hiN0Z2a3ZUc1VvdUhrSWx2VFhGU1BPYzF1YjRrZWlCZGxMQjRYWGNLd2NoQkRib2diRGVUUWMyMHZQX3p2bVcyRTlsQmIxZTZlZ0Qya1FieG42QlN1MnV6VVNXTnduX0NQemZB,India Entrepreneurship,Budget boosts India’s evidence based holistic healthcare ecosystem: Ayush Minister,2026-02-02 08:42:55,2026-02-02,businessnewsthisweek.com,budget boosts indias evidence based holistic healthcare ecosystem ayush minister,0.3182,0.204,0.796,0.0,0.3182,Positive
CBMiuwFBVV95cUxOVThYX0xNMjFReTBQaXRIdWJtRWh4emo5elY1UGMyWEhKb3A4aFBPMnc4TV9FSEE2WjR5TUtCZEN2YXo2OHV3Qnlrc19xWDFEV3RiUkliQXA2cXJlVXcyZkd0RGNoaGhnTnoydFlScmNXOUlKVThXSUgtVzJoaTBGWUljajQyRFAtOXRZT0dvakI5c3lkQmR1RjlJWEtfOE9WVlZ5b1A1Z1BZcGFRdXU5QUs2UjRmMHpWbVJV,India Entrepreneurship,India-Russia business talks seen as key factor in cementing ties: Report,2026-02-02 08:27:53,2026-02-02,businessnewsthisweek.com,indiarussia business talks seen as key factor in cementing ties report,0.0,0.0,1.0,0.0,0.0,Neutral
CBMiwgFBVV95cUxNZTRERlVlcWZJWEhYM1hoWXc4U0MySVR4SEhmTEhuSkZIdm5kWHdDU3NfRTVtYk1FTjZjY0xOeG9kM1BFZ0E4OTk0YW1uMHlRRFVHdXJlMzdRUGxCaGFkenJuZ1lEQjI3Qm1rTWhSS24zWWdxblU3TGI0LXZTN2NJeGZfYkVWYjJXOWt2UzExdzlEMzdtUHZjWnJOajhuRkxpWUZoRVlubzBqUXpYLVRPTS1mWDE3M3F3ZWhoV2NyZ2lVZw,India Entrepreneurship,"Anand Kumar Jain: The Entrepreneur Transforming India’s Water into Health, Trust, and Innovation",2026-02-02 10:56:43,2026-02-02,HindustanMetro.com,anand kumar jain the entrepreneur transforming indias water into health trust and innovation,0.7096,0.349,0.651,0.0,0.7096,Positive
CBMi2AFBVV95cUxQRzhfRXRsRkdSTE52azNfUlQyVG9sTG5PWFpiMEJHY3JGaEJ5VVFCYzFKU0JNajQ4ZGMtQjVjaEhvbnRhal96Y21vQ2d1ZWs2QXdGazA4aldBQUhlUUlVRXFJNnBwSVpncnQzVnFwYnJHZjJ3Tm1CV05EMkM5U3dHaUR5amwyUksxYm9mVWJqUndWOW90WHJlcUtFSTNIX0FhVTVBcmVpaFRreXpkZDR1NldaRElFSFNNWEpCRWhwSFJIcUwtcnVfdmJUZDEteWJOa1FoZTdIaHHSAd4BQVVfeXFMT01TaUNqLXRyUVBlRTZ2dUhIU1NkUEZ0NTNXN2lwZ3NKa3BuY0JhVlJCQUFIV0VzNG5kcl8ydE4xQlRrRFMxTXN0VUVhd3B0azlmelRjU2RILXVyUWtrMzdPWVBTOEV1ZnFMSWZWczJvRTBjVU9ZNnE1WUJ3UVRFSDloaG9tYjNucGtxVnlMRkJJbDFESzdwUTBIYU52NXNVWXZtM3NuRWJGM2UybDFNTjNpY3o0LWZzbUY1T0NSZ2JfZmdqVUR2d1A4MmdURzFRbUtUcXpzUTBHd1FTOGN3,India Entrepreneurship,Business News | Auditions India Set to Launch Soon: A Game-Changing Platform for India's Talent,2026-02-02 15:54:26,2026-02-02,LatestLY,business news auditions india set to launch soon a gamechanging platform for indias talent,0.4215,0.189,0.811,0.0,0.4215,Positive
CBMi1AFBVV95cUxNa21TNlNYQnNuc3RfUEdlMjJWaVFHeGRaR0hmWUROUXU4NU9nM21NNmF4YzRQVlNJdzBoeDk0bTQtQkFtNTdmbzl0RVR4MHB5MTJPdDduLUV3ekhQMlVkV1VwOE9jQnU4NEpKWmpocDFpRnRRQ1llZUpwTmpaczJTQlZtOUk3YWVMSlVDV095eG84WllKRktZcWV1SWc2dTFudmxzTkV0RUI1NzlwU0hwRnZtVk5WOHNhRlFOU3pnQjJuYkM0M2xLdkQxak9lbFJqb2NGRdIB2gFBVV95cUxQUkZsNC1CNldqWC1XU2s1WGtVZWtXRUtJSVhoeFNoRXdTWFRfNWRURjBPeGw5bXRUdng3UENHb2V2VXhCQkNPVjZPRnJhNDNSRXJsU05xNjlhb1ctZmZaTTVZWkZXdXMzOVdPMFNJUC1VRUNlT0tOX1VuR3hpaVRYcHFnazRBc3hGQnd3Z1RmMl8wWXV0UkFuZ1RheVBpLUpJVHhBOTUwbGFPWURVbmhJeVMwNVVXRFhuZElQR0FUeFJOWHJ1aFJCVkpDSVgyRlB6emdEZlpSUjJCZw,India Entrepreneurship,Business News | Global Seafood Leaders to Convene in India for World Seafood Congress 2026,2026-02-02 15:44:26,2026-02-02,LatestLY,business news global seafood leaders to convene in india for world seafood congress,0.0,0.0,1.0,0.0,0.0,Neutral
CBMiuAFBVV95cUxPdVFXOGtjeG9hZ29EVGtEYTkwVEhIbFV4MXdnU3g1X2N5aTR6REZ3YlZaekk1ME1DT3pCQW5yVkdXLXVrZFZqWFI4ZFJkajVScmw1NUY3dlJfekp1bG9RdHR2dG54VmxfZTI3dklaX2t2R0JTM2tpWUszSG9LX3VOaTFhWnRBQUNUQjJTV0JveDdHM0NhQURHdUp1U29heVNEWkVZNHJULWk1UThMazdaNmhjUDBCSzli0gG4AUFVX3lxTE91UVc4a2N4b2Fnb0RUa0RhOTBUSEhsVXgxd2dTeDVfY3lpNHpERndiVlp6STUwTUNPekJBbnJWR1ctdWtkVmpYUjhkUmRqNVJybDU1Rjd2Ul96SnVsb1F0dHZ0bnhWbF9lMjd2SVpfa3ZHQlMza2lZSzNIb0tfdU5pMWFadEFBQ1RCMlNXQm94N0czQ2FBREd1SnVTb2F5U0RaRVk0clQtaTVROExrN1o2aGNQMEJLOWI,Mental Health India,"Union Budget boosts mental healthcare, Ranchi’s CIP to get apex institution status",2026-02-03 05:16:21,2026-02-02,Bilkul Online,union budget boosts mental healthcare ranchis cip to get apex institution status,0.3182,0.173,0.827,0.0,0.3182,Positive
CBMirAFBVV95cUxOZlZnc2t4bTUzNnlCOUJzUGdpUU16VE4wY1F2SnBrTUhRd2JpVEpMdEp1N2Z1X0FxbXZNWWdLVFh0bnZVd1V0MFU2Q0FuVGJVNDRzNWM5RUNuaHF0WWo4cFRKdGF2RmM1SzNXamNuTlRFd3B3XzBCQ0dqZEQzOGRnaF9fMTh4Zk8xU1V6R001SW5RMHRzeWJ1MHJSOUlTU0d3VzBjSi00MVRNbDVl,Mental Health India,"Union Budget signals shift in mental health policy, focus on access and crisis care",2026-02-02 14:22:44,2026-02-02,YourStory.com,union budget signals shift in mental health policy focus on access and crisis care,-0.2263,0.166,0.622,0.212,0.2263,Negative
CBMisAFBVV95cUxNcjV4VGdDLTZBN0Z1YkVVdnAzV3c0UWNVLXFUVzNmd0ZQM0EzYWkxSTFqLTdteGJaWEJFb1ZqcE9Kd3ZOeHI2VWtjdWFyNWYzZlI5QzN4V3VyaDdhaWRKWWR2MUtGaUY3eGRaQk4xRmJUbl9fSmtBcERaall5OTZySGhHd2JyUnRiTXIzOW5xdmdFZEViNW1PVUZ4TWx6bklzN05TN0t2X0xreHNHc0Fqeg,Mental Health India,"Most Mental Disorders Hit Before 35, Largely Untreated: Experts",2026-02-02 14:09:33,2026-02-02,Outlook India,most mental disorders hit before largely untreated experts,0.0,0.0,1.0,0.0,0.0,Neutral
CBMitwFBVV95cUxNX3FlcnR2Y3pPb2VaTGFTdmhudWk5ekhhQ1FUUXN0OEJmN1gzYlNTM2hmdG9BMlh2Q0J6aV9wNF90TUEwUG5fQkhmblZ0YUEwV204djJCUkd1UXpfLW00Zm1lQ3ZOWEN4TTdRNXNJcFVHLS1Tc2sxUEQwV0M0Z3E0Y0NIRWl4VHFUdEJGYkZjYVpXZnNLZXFBMnZiRFd5c01WTW15VXFpdjBjZlRxbTcwcVV1T3k0YjjSAbcBQVVfeXFMTV9xZXJ0dmN6T29lWkxhU3ZobnVpOXpIYUNRVFFzdDhCZjdYM2JTUzNoZnRvQTJYdkNCemlfcDRfdE1BMFBuX0JIZm5WdGFBMFdtOHYyQlJHdVF6Xy1tNGZtZUN2TlhDeE03UTVzSXBVRy0tU3NrMVBEMFdDNGdxNGNDSEVpeFRxVHRCRmJGY2FaV2ZzS2VxQTJ2YkRXeXNNVk1teVVxaXYwY2ZUcW03MHFVdU95NGI4,Mental Health India,Budget 2026: FM's clarion call to mental health challenges,2026-02-02 13:08:54,2026-02-02,Fortune India,budget fms clarion call to mental health challenges,0.0772,0.157,0.843,0.0,0.0772,Positive
CBMiogFBVV95cUxNcWNDWjQ1QXZyQjFQZVVCZndoZndKdEtVU1N3dVU5ZWFiSi1aNmdDMThGeDNVXzh0dDNTem1qMUI1MlRhQ3J2ZzdQQWVxRlo4bE1FcnBjRWs4dC1KLWpGS3FOYzJJVzlPelBzN3J4TWhwMlhLaFpqTm1VY3dOY1UwUnZvWVVpUEowQU5Vbl9mT1pUSjZhcE9oT0p5TW9xNVNNQlHSAacBQVVfeXFMT3N5QUJVTUpJRTRMbE5aeHlSLTlxVm1lZTM5MTd1aTU1U25HN3pOVE4ycHFkbmg4aEJsM2RrMmtXSHM3Zl9UTUU5Z0RRUjJ5VFN5alpSY2hoZkpGbFo5djNZZEhucFpOTWNuS3NVUnpBSVFXczVIM0ZxdW1IOTRfZ2szbTZhMjlyZ2VnMExJeGFkby1VZFdvRWxKUUhpOUk3Q2R4WjhDbnM,Mental Health India,Union Budget 2026: Focus On New Knowledge Economy,2026-02-03 02:30:43,2026-02-02,ETV Bharat,union budget focus on new knowledge economy,0.0,0.0,1.0,0.0,0.0,Neutral
CBMipAFBVV95cUxPNFRfc3VXMnJ2YmIxMl9pYlpuZ0IzRC1mN3VGNF9ZT2JySUhaUnhDMzJhbHZTZ1oxajRlWWFhVTE2bUl3S2NzYVpiU3NlNWJGeXgwQWcxTlo4aXJuZGtBa3lCRjhFUzh3alF3QUpvcEhCbmdkb19fZDhTQ3VVR0xuRVVEOFNQSk82UG1GVXN1OTNCNXRQNWFiZ0RtNlUwMDhSdFhtTw,Mental Health India,"US long COVID patients report far worse brain fog than India, Nigeria — Study",2026-02-03 05:30:00,2026-02-02,Northeast Herald,us long covid patients report far worse brain fog than india nigeria study,-0.4767,0.0,0.795,0.205,0.4767,Negative
CBMinAFBVV95cUxONDhGSjRTZ0N1a0o4QW82MW1COFhwUnZnVFJlTHgxbmVOV293U2hVeEFrSXpCbG0wci1mM1BlRFlBZ2RWN29QWkhHMlU0a2pieVBIV0lsZHV2clNEWERUb2liSGgxSUdMZGtsM015c1FjNmlyUGw0dklfYUdxeVFqZVpzcDhxZnZSVE9VWXQxU0V3VnFsY0hYM0hhMHM,Mental Health India,Wellcome Awards ?5.3m Grant to Wysa,2026-02-03 06:06:13,2026-02-02,AD HOC NEWS,wellcome awards m grant to wysa,0.6705,0.647,0.353,0.0,0.6705,Positive
CBMiwAFBVV95cUxPeE9YZkdnRzZqYWNBUkowaTJXdnBCS1pOZVM5Vmh1b2ViQmc5RE1ZXy1Oc20zdXFJOFMwSUpwRnp4bGY2ekNfdE9GX1dYZGxidDBuNU5Ya2I0OG5NOTdYNW42ZVAxWWdzRkV4cjhvZER0cnZONGZybW1QVEhtWWxtbTlyUExrY2YwRnJhWVBTOER2TURaRllIMVlZMWM2bDBJRWFoc050UzAzUHdEb05oejF0SHQ4emktRG9HZ0VraHc,Mental Health India,Budget 2026: Mental health wins! India's 2nd NIMHANS in north; Why it's an Institute of National Importance,2026-02-02 11:31:40,2026-02-02,ET Now,budget mental health wins indias nd nimhans in north why its an institute of national importance,0.7351,0.307,0.693,0.0,0.7351,Positive
CBMiywFBVV95cUxOb3ZwZjBtRHRyc2NqTVY3TkEyVjdyaHUwaHV3ZjJrNWZTdDFHQklVOHVMM3RXWnR1MVNVcGJVMkZqS053LVJmVkZlSXhPUlBUYmVQMnhJYUwySTYzVnJpYVExbjVWdGRKX0RJOGFqYjRBaHVlUTh5QlpTRFVEUzQyMTZPTWVZNE9UVHBENTNtdGV0ek9ZQlBXTXFrZU1nYVBCTHBiZmI5RnE0b1ROdk9RaExKRTg3TEl1eXNpMlNwemtfSy01XzctMlBsVQ,Mental Health India,"India’s Healthcare Reset Gains Depth As Spending, Science And Skills Move In Tandem",2026-02-02 12:22:16,2026-02-02,BW Healthcare World,indias healthcare reset gains depth as spending science and skills move in tandem,0.34,0.167,0.833,0.0,0.34,Positive
CBMiY0FVX3lxTFA1ZERvUUp5bmxNZndBM0dPNkdZa1QwT2p2RkNvVXVUYWZOaDNiN2FXRFluS21qWUlId1h0V3JadXFOUXlSSy1XVDhkSVREYm9OSmpWQVhqN2t4cXA2a0doZ09mNA,Mental Health India,Budget 2026 Quotes,2026-02-03 06:47:25,2026-02-02,CXO Digitalpulse,budget quotes,0.0,0.0,1.0,0.0,0.0,Neutral
CBMi3wJBVV95cUxON1lRUE9nZi1mMEgzWmlUckJpblBRcjBUd1ZKc1REMWx4VmlEMS1ndnBBaG40dnV6R0ktSk9IaVktRVNiaENGeU5mU2lBWGpYNm96Mm9vS3ota1M0bFF3ZDBMc0Ezc2UzUVZReTMycVloZFJNR3NiRF8tU0ZVMVB6QjIzd0xtWGZJamtoam11dUd2bjEwbEMxUklkaEJ6ZEd3d3VOTGpQMHFsaVBOSmcxRDcyRmxSNVhSbHdsNm9uZVBmWnBSWWlzajdQcUFFV25HcHVWeFV5ZmF2ZDZqZHhWWUYtTTlPeG9wNHY2WUp6MGFGWFRLVjhKUU5JMTlYMTFuYXd2RjVRdzBCOHczejZ1cGxxbTM4aHlwdG0zMmFybXNrc3JKc0JSdlNtcWRKaDNzZHNMbkFhYlVSS09RbmRBeXJIZE9nZk8yRkxMSmVLNTYybm55RVl1OFVXTmtPRVk,Mental Health India,"With Adayu, India's mental health challenge is promised compassionate care",2026-02-02 08:53:01,2026-02-02,MSN,with adayu indias mental health challenge is promised compassionate care,0.8481,0.63,0.37,0.0,0.8481,Positive
CBMisAFBVV95cUxOSXFyTzJsQnNoYnlQVGUzcTBjMG5yeGQteVFHX2xLekVIUlY2ZTRXaGVrUUN1MlVSSXhmNS1rdktPM0NHeDkyWms4ekVSSnowWDlkSzQyZm1pdkVKa0VxLWNCLUFubWZ0OU1qU3BFcERTSG5GZTNFdUN0NFBldnljalpXbFFONUpxVEtfeFlINE9hbEczV2lxWXJvR1lzQzU3Z3VUWUlad244N2M1RkZYaNIBtgFBVV95cUxNM01BSER2T2hvRnQtdXRUamtSSDhhbDVsXzdKemVxR0tDcENBcjM4R0tzM1JXV09Qd3pfak90bkIzMnhZdHdzLURqTVBYaVdkWmxvTUxtbU1NSGJvWnljNk5uVG1BVWR4X1VXRDRwTXQ1NXVLakRrQ0xiMWJQeTZGMElBVTlEZU9VQ1VzckxDcjJhanM5WXhxWHVMSGVVVVBJQUNhX196Nk4zOTRpQzFFOVhVTDM3Zw,Mental Health India,Jharkhand: Ranchi to Become India’s Mental Health Hub in Budget 2026,2026-02-02 11:17:14,2026-02-02,Maps of India,jharkhand ranchi to become indias mental health hub in budget,0.0,0.0,1.0,0.0,0.0,Neutral
CBMirwFBVV95cUxQb0F3eHY1ZHpoVjNNdXFxRU45QTRyelV0RFdwMDZvQ2hPMEU1aFI5QUZhWE84aXJ0SEwwWGhxWmJsYWZURzIxWEtaMDFRMl9XSWgxc2d6elB5YmEtRl9aSXZMb3Z3dXFXbTlSU3p1ajVEMlBfcHZqOU1iampuY3FqWFFYQVExMDJ1cm4zMnFTM3JaRnJrVmdiTG41VDlUcHpLNWZVOUszRkszd0ZGeURn,Mental Health India,"Education Budget 2026 Expands Allied Health, Ayurveda, Mental Health Training",2026-02-02 13:11:53,2026-02-02,KollegeApply,education budget expands allied health ayurveda mental health training,0.1027,0.149,0.851,0.0,0.1027,Positive
CBMi5wFBVV95cUxOelF5MUpxOGctZ3gtNXQyUzlyQnRNMlJWc2JGQnJIdVlpSE1RUDlPWTNZZjR1YzI3MXc3S1ltV2pSeHlabXIxTmx4TG42ZnoxbHlnSzJYdExfNlFyd1I0OGg0anlLMElHR29DdDFWV0RONUN4VlpiTEhiRjgxZ0tDeFc0NFZQX2NYdFdRZ05UOVNYbHRjNS1qV0JndUx1Vk9QX09UZXRyVGsxa0JqT0NwSDRqaUZ2QThFM0FmS0VobVVlTzdNRzBpZ0U1cEJLME1LSnFWemJBVjV3ak5YQVcxYjhsRWMzSnPSAe4BQVVfeXFMTlhyS0Z1SXFGSjN2QkdFQ3kwazlRcDRpZWpvTWxDSGpMa0VXcVd5cHdGUnZreHpNcEZqX0xWUXRCUGZRa2hBbncwaVlrUkFmdzZCZ2twTlM0LW13SmdQck1ZYTJVRkpqMk1mZmhYSllqcklxYzlrUFNDTk4wZjB1MnI3RTYtb0Fiei0zWXlKS2syS05odDJMRGRfSDVmcVZMNEFqb0VBenJDVmU2b1UxRGNRWVUyTnZYcEE1WmNvcVRUTDRoRWNSMjZOWExZSV9JNTRPMHJncEttQ1g1cWQ0MDQ3aWFHX3RvSXdyYWJ2QQ,Mental Health India,Education Budget 2026 Highlights: ‘Education sector allocation below 6% that NEP envisions’,2026-02-03 03:55:42,2026-02-02,The Indian Express,education budget highlights education sector allocation below that nep envisions,0.0,0.0,1.0,0.0,0.0,Neutral
CBMi1gFBVV95cUxNb1BldjZXT2xGN3h0OVFTNVpqVml4MkQ3R0xnSFBraWxUd2hsdTNTT2M5N1ZXS2pLMDl6UjVaYTZUYWF2ZmF1MnVoemNyYXI3dlh1LWE3X1g3SU5aN0RCZFJfYndiYWNLSnJKMFVIUE9XTUNtVk9vbDh0MHNSYkpjSUw4X0hIU19IQXFtc25FZjYxdFhfSkYtcjFqQzVGQ3EtaDdMS2JOMlNsZFNwMFllUEFKdUJzRDUxdUlRVmtQZHNJclRUV0Qtclp6S1BiOV9YMEp4ZnBB0gHWAUFVX3lxTE1vUGV2NldPbEY3eHQ5UVM1WmpWaXgyRDdHTGdIUGtpbFR3aGx1M1NPYzk3VldLakswOXpSNVphNlRhYXZmYXUydWh6Y3Jhcjd2WHUtYTdfWDdJTlo3REJkUl9id2JhY0tKckowVUhQT1dNQ21WT29sOHQwc1JiSmNJTDhfSEhTX0hBcW1zbkVmNjF0WF9KRi1yMWpDNUZDcS1oN0xLYk4yU2xkU3AwWWVQQUp1QnNENTF1SVFWa1Bkc0lyVFRXRC1yWnpLUGI5X1gwSnhmcEE,Mental Health India,Budget 2026: WHO’s Only Traditional Medicine Centre In THIS City To Be Upgraded,2026-02-02 12:41:50,2026-02-02,Health and Me,budget whos only traditional medicine centre in this city to be upgraded,0.0,0.0,1.0,0.0,0.0,Neutral
CBMi7wFBVV95cUxQS3BDWUNxSTY2NXlLRFBfSnZfUnNnRU5RNDF2WXVXdmgyNm1GVGVSeW5Za1ZKOFpEU0JXdjVmbEFkQkQ3VTdDcUpJQUxvZkJveUhtRTNNSUJyMEk3MWhJSXRPdTJYV0ljYWZ3b0k0RGVCUHN0cHNXWExzTnNIdVlIM1JyZ2hEeThQeHFJNC0xTFM0WXk1WFZDaUcwc1BTME5peHFXTmJXeHlJX2YyZjFlOUFkTjFFUjRpaGNDLUxnRkd1c2RJckFpS01PYWNIaTJULUpSWUd1d2V3TURpV0VyTDFXbHc4TnJnbnFnRzFDNNIB7wFBVV95cUxQS3BDWUNxSTY2NXlLRFBfSnZfUnNnRU5RNDF2WXVXdmgyNm1GVGVSeW5Za1ZKOFpEU0JXdjVmbEFkQkQ3VTdDcUpJQUxvZkJveUhtRTNNSUJyMEk3MWhJSXRPdTJYV0ljYWZ3b0k0RGVCUHN0cHNXWExzTnNIdVlIM1JyZ2hEeThQeHFJNC0xTFM0WXk1WFZDaUcwc1BTME5peHFXTmJXeHlJX2YyZjFlOUFkTjFFUjRpaGNDLUxnRkd1c2RJckFpS01PYWNIaTJULUpSWUd1d2V3TURpV0VyTDFXbHc4TnJnbnFnRzFDNA,Mental Health India,"Budget 2026 Backs Wellness & Wanderlust: Ayurveda, Mental Health And Tourism Get Big Push",2026-02-02 09:34:20,2026-02-02,Business Today,budget backs wellness wanderlust ayurveda mental health and tourism get big push,0.4019,0.206,0.709,0.085,0.4019,Positive
CBMixgFBVV95cUxOa19zclJ4SnU0Mmo4dW5tcHR0bjVVSXRwek55XzlmMWNBSGl6V1N4ZU1jTnF0WWFXbTVIRjQ5NW5QV0FBWHJfdW9oLVNlRTBzd2FDTEVTbWdZMU8tdDBIcFg2M3QtRzFGOWJ5ZGdndTNfT2ZFaDRLT1VaQ1VkRVRoeHVuOFBMNk93d2pFSkdSTnJxVHFKX3dObC10TmQzcXJuV3NwWXRzVUJwTERuOVk0WmxyVHpmWGQ0RUpnamFEbTExM0lJdUHSAdMBQVVfeXFMUGNJMjhvbEJTamVxWWlDOUpweFd3RE1hSEZnRDROd2RPOFdfR0k1SUo3TUIweVRYT1JwUTBDeW9hX3I1em8zdGRyVF8tOG5idEplTnRZaE9nc1FnLUdJNXRkUC1HRXMtbkVMR0ZxOXlDRWdPVmVTVVFndWdOUFl2WHdXTEFDSlU4ejdGaHhKTFEtMm1pUmNuaHRBekVpM3FRbXdKRHU0ZUlDLTBZc3ZGZDJhaFpCamgtRzlteXF2Vk1PMTNrcXlyVWJrcDYwRGhfRUNIcw,Mental Health India,Why Anoushka Shankar skipped Grammy Awards 2026 despite two nominations,2026-02-02 12:05:33,2026-02-02,Indulge Express,why anoushka shankar skipped grammy awards despite two nominations,0.4588,0.273,0.727,0.0,0.4588,Positive
CBMi1wFBVV95cUxQeFkySjh2ejR6S3pLQURzQUdXRWY1Z3VTMXY5dWpfN0F0eW5uMWxHS01wRU94MVVpUzRicG5ZdFRjYUN0RkM5SXNkX0Z0aFRIUnVLRktoM3puQm00cFQ2UkRaNUZLcFJiVGFtQ2plUjBoUzNSRzdWWTF4U0xaZWgxUE0yTWNUR0p1Z3g1ZF9LNDg1Z1Z4dUVSVEpvSnFDdWxnTlFJYmxqTnhUNWFqUGJBZUJKaUFlaWRwQkJjVGdzanQ4THI0ZU5yNHdHY1pzbllqanNCQVRPVdIB3AFBVV95cUxQbmtBNUFOYzNnSHF0VkhLYUdMRUtITHB3aTFLRlpqdkY2QnB1Z0hUNXM2cEx1QXM5dmk5d3JkXzUwVmV1T3JwblRkb1pfa2Y4QzdGaHVBYjdQTV92U0YzbThVWFVNdXlPVEJiandqQnJPbEFmWk1ad0pQbzlLcnVFOW0zSmFrc0hUVzB2RmI3V2x4R19nZGNuNVhNU0ZfZmRERnRJN1dzWHZWOXNwTWZJbG5PazBvWGpYSjJycV9oM3RNaklWclNSc0l5cERISUJvZ2xVeGd2VXhablJl,Mental Health India,"Union Budget Charts AI-Led, Science-Driven Roadmap For India’s Next 25 Years: Jitendra Singh",2026-02-02 14:35:08,2026-02-02,ETV Bharat,union budget charts ailed sciencedriven roadmap for indias next years jitendra singh,0.0,0.0,1.0,0.0,0.0,Neutral
CBMi6gFBVV95cUxOSzY1YU0yVkxJWDVUOGk4UnhQeUdDZHdNN2lEYmQ3Qmg4WldINGRTUVBLREUxTTJ0VjJKeEJ3OVZ3Sk5LdnE0VXl5MTBuOVhKUWZTMFZpOGNnOFlJWVpfUFQweGhVX095UlNyYU9kYlQ3dUpWd3VYalV4ZndmdmlwV0t2a3lRb2JYaTJMVDA2WFlKVjB5Y1h5VjYyVThCRzc0aTZ6UUc2ckNrVlVtd25naU9lSS1paFd1YlFZME0tMnQ4X2lHY0UzcGgtdFJ4blVBLWNzV2NHLWRYdjFxU0xncF9MSUdQNTk2d1HSAeoBQVVfeXFMTks2NWFNMlZMSVg1VDhpOFJ4UHlHQ2R3TTdpRGJkN0JoOFpXSDRkU1FQS0RFMU0ydFYySnhCdzlWd0pOS3ZxNFV5eTEwbjlYSlFmUzBWaThjZzhZSVlaX1BUMHhoVV9PeVJTcmFPZGJUN3VKVnd1WGpVeGZ3ZnZpcFdLdmt5UW9iWGkyTFQwNlhZSlYweWNYeVY2MlU4Qkc3NGk2elFHNnJDa1ZVbXduZ2lPZUktaWhXdWJRWTBNLTJ0OF9pR2NFM3BoLXRSeG5VQS1jc1djRy1kWHYxcVNMZ3BfTElHUDU5NndR,Mental Health India,"Healthcare experts welcome Budget's focus on improving infra, expanding skilled manpower | India News",2026-02-02 10:23:05,2026-02-02,Hindustan Times,healthcare experts welcome budgets focus on improving infra expanding skilled manpower india news,0.7003,0.345,0.655,0.0,0.7003,Positive
CBMi3gFBVV95cUxNaDlQVU56ZGFjN1ktNklvYndhMGxuRnBCWHVQMElZOG01STVnRmNmZGpIYXBmeHpsN3ZGM3NyV0pvUUZiaEFrY2lSXy1EclVLRm1CTk1xXzdNYUdjb1dTclQzTUtkOTBGd2taY2tnZEw1MWY4aTlycERONjkxcFJ2OWhkR21mQXgwMkN4TW1TSzRxTGpIRmdfcDRDNkZLX1J4OUlZY2dLZGlYQmZaWnhOVWJoZVBWekJWQVNLTm9DTXQ4cmFIMHpFaXVQTm9fZ083ZGtWOGhzMFdBMUNXa1HSAeQBQVVfeXFMUEJDU09aYUpvRG9hR1doU3pINE5FREtPdTg2RTcxLS12SW1HMnE5NXgzaWdjM3hOeEVwY19LUndUWDluVE52bG9uOUwyU0lUOG9idFJwdk1SV01aUFR6NlM3MGFMSHMtemdhenoxYUljYW16U3NRbFdzV2tFWW4tX09fUWh3alI4UmwxbWtJV05NdFNPQXZiZlZKMTNHaktWRHkzSlIwSHlFdzVYelRQNkRTalFTd3RZRHdZR0U5NzRFcEEybktyYTRDZl80R0xoN29kV3ZwN3BTN2s3MHEtZEp2aDdN,Mental Health India,Parliament Session Live Updates: Chaos engulfs Lower House as Treasury benches oppose Rahul Gandhi mention of Ladakh standoff; Both Houses adjourned,2026-02-02 13:29:28,2026-02-02,The Indian Express,parliament session live updates chaos engulfs lower house as treasury benches oppose rahul gandhi mention of ladakh standoff both houses adjourned,-0.6249,0.07,0.7,0.23,0.6249,Negative
CBMivAFBVV95cUxPUnNKZGtiVm1ocFQ3S0R4QldUekVsR0kySDlDWWFuSGc2ZnExOHVkRW1oVU1ROWlTWlFsNTZCZjBxcU8tNGRRc1kzVUt3NDhGLUx6di11d2JJMENmV0FZYm1XT0FEbjJ2Sk1mcTF6WHg1bFF6QjNCTkw3c2lFTGl6aHhqYndvcjg5SW5HRElxS01UM0ZjUVJzdDlfdWpsZ0twTy1XUGw1N1VhS3A4T20tMk1QVno0Nk5fcXRjQtIBvAFBVV95cUxPUnNKZGtiVm1ocFQ3S0R4QldUekVsR0kySDlDWWFuSGc2ZnExOHVkRW1oVU1ROWlTWlFsNTZCZjBxcU8tNGRRc1kzVUt3NDhGLUx6di11d2JJMENmV0FZYm1XT0FEbjJ2Sk1mcTF6WHg1bFF6QjNCTkw3c2lFTGl6aHhqYndvcjg5SW5HRElxS01UM0ZjUVJzdDlfdWpsZ0twTy1XUGw1N1VhS3A4T20tMk1QVno0Nk5fcXRjQg,Mental Health India,Budget focus on manufacturing to help boost exports: Exporters,2026-02-02 11:44:20,2026-02-02,Devdiscourse,budget focus on manufacturing to help boost exports exporters,0.6597,0.435,0.565,0.0,0.6597,Positive
CBMi2wFBVV95cUxQZVRKVE1uSlpDQ2Fsdkp0aEU4UVM0YkhDblNOYldubnJZTXdZR0d1TzUxUFJKR0QtYjF0M25TR001NjA0bkk5a19FaEo1WDFhODA2dnkwVXBCVjc1SEZ5aHpEdURWQnpFQ2lKVjZISFZVd3JDd2lQbkpzLUV0ZXQzZU5NRDlGZ0VXUUJOa2JmeTJvTjdPX3RlMVFQYmpDeG00SkJDMFlrSFRQNWgzQmdXRkM2b2QxajltcFhWWkZERWYtcko1a0JFemdURzJ5aWU0b0U4b3dNeFlRLVE,Mental Health India,"Economic survey flags rising digital addiction among kids, youth in India. Will govt put curbs?",2026-02-02 10:05:04,2026-02-02,MSN,economic survey flags rising digital addiction among kids youth in india will govt put curbs,0.0,0.0,1.0,0.0,0.0,Neutral
CBMi_gFBVV95cUxOYzhGTDJBdlNJTkVNcEM1UHdWdDQ4a3d1bWV1ajlxekpfX1Ftc3ZCN2NZclhDSVhILVRSTDVzUTZwT1NTZVRzRzdwMkdGeWZNWGZMdFVKeGEtR2ltWnFXeGdjaFg4MXpTMmRHX29wWF9xSmh6U21wV1lIaDVESWttUlZ3VU9LcjNpaWFNSVlNZVB6WWhqOHR6RG9pVm1QdmcyVzFyNG1vNTh3QWVVZXUyVVhHS2t6ZmpYY1RXMmJUUU9KZG9ueWh3TFNfQmdrZzdZckI3eVZtYkg4Qk5CbmZVYXAzM2xTU3JIMnpjejgtRllFVTZONmk4NFVBVFBKZw,Mental Health India,"Budget 2026: FM announces 'Lakpati Didi' expansion, NIMHANS 2.0 planned in north India",2026-02-02 09:23:40,2026-02-02,MSN,budget fm announces lakpati didi expansion nimhans planned in north india,0.0,0.0,1.0,0.0,0.0,Neutral
CBMi4AFBVV95cUxNNVlvMndDMjlxeWRidklGS3ZrMUozLWJqeEpvY3VObE1fZ0d0ejJxOTFqUVBOTUxKYWxVakJtbk5ockluVURoMUdibTlucEJ2SWg0SWxNdmVzZnNGbFRsb2hUTlI3UFVKdEFyMlp2N2N4UUVoNXVUZXZONy1NbDU2NmxobHZUUWVTWk85a3ptX0tYdFdyM3l1VDdCNUMtX3ExajFES0N0WjljelhWY0VnUzBjLUViNXE4ZEJGbWF2WmRGS29lUlRGWk5XVTU3Z0tUZ0FuVkFsenpsVG9YbjlZSQ,Mental Health India,Lola Young Opens Up About Mental Health After Emotional Grammy Win,2026-02-02 14:21:07,2026-02-02,Times of India,lola young opens up about mental health after emotional grammy win,0.6597,0.375,0.625,0.0,0.6597,Positive
CBMiaEFVX3lxTE1NS283SF93c2N6WDRfc3JBRi0zendxdl9NTDRmQXVCbmFPVFlSR0wzMl9kUTY3Q3VkRmcxM29qVGlDdk1kRFhNQ0dFdnpkbVk2YXd6VDdKakJBdTBxbEdVTjByZWs4a2RK,Mental Health India,Healthcare Industry Leaders React to Union Budget 2026,2026-02-02 08:28:56,2026-02-02,healthcareexecutive.in,healthcare industry leaders react to union budget,0.0,0.0,1.0,0.0,0.0,Neutral
CBMiYEFVX3lxTE51T09OYngyZTZmbFBVM052UTVUMDhLbHhta0RQRmRGSXNMNWE0R25CbnRpSUtjQTNUTFF0c29fWmVWRFdhM05VX3ZSXy1abWVZTVZRdHh4bkp5TTVDU1VJNw,Mental Health India,JAIN (Deemed-to-be University) Elevates Minds and Careers with the M.Sc Clinical Psychology Program at SAHS,2026-02-03 06:26:00,2026-02-02,UNITED NEWS OF INDIA,jain deemedtobe university elevates minds and careers with the msc clinical psychology program at sahs,0.0,0.0,1.0,0.0,0.0,Neutral
CBMimAFBVV95cUxQMXBvX01KZlZuaUwxRHZZNTdLUEN4ZnlGQUVTN3RaQVA3NXZ2SWFVRHNBZFZyLW9MUU03M2dhNk1sYWVsOEh5VUJaZVI4M0Q5bmNEaXdJeTZGd3V2Zl8xMTRjTnk0VDJQWF90LS1KQThITmxOMEpmUWVyeG9xLThOZXczMXRKTXkyUzhNU0UwOWpaTWdFdERUStIBpgFBVV95cUxQREpfQWRIVG1VcEF6VXpIYTEwZG5fN1F0SUM3UjVvVklGOXZlRF9nYTBlSDUyWFlFaEZMTGlVemVVX2xqVWJYRWlseDFRMzAzWFFwZEg3UFd6X1ZiV3FMUEdCOGpEVXVJQXdDanNiRXVRRWl1anFpM2RPSEFoZXdXZVdfa0FFS0xTMmFpWDJrb1VNOG9jNklkU1ZnbjhUVjY1WE9qS1J3,Mental Health India,Building India’s health as economic infrastructure,2026-02-02 14:28:41,2026-02-02,Fortune India,building indias health as economic infrastructure,0.0,0.0,1.0,0.0,0.0,Neutral
CBMihgFBVV95cUxOZWctR051MVlXUk5KdjVPUXNTdTF2cGhCZElSdC1QNjF2aGJjR05oQXp6dVJZUEVKckhmY2FjaUZhWk1EQU54M0Vadm8wVl9kc01mQUhFN3RrcWpLSUs4ZkYwYjl2NGV6NzdFUlNqaGtIN2pzR3YzZTRrRW1CZjZNeUhQV0R3dw,Mental Health India,PGIM India Asset Management draws interest from Groww and Edelweiss,2026-02-02 12:28:05,2026-02-02,Yahoo Finance,pgim india asset management draws interest from groww and edelweiss,0.6705,0.407,0.593,0.0,0.6705,Positive
CBMi7wFBVV95cUxObVpxS1ZpSjdUV1M2OUV2ZW1ad1prajdhMkRlcjBGa0VtSzRvdnU5OGdSLW5NUUZLNDM0Q05lU1JhTjdXbS1zdHlOTFhmMDJLaWo5N3prOUtEbU83U2xLVHdnRTA5UU5rblluSm9LYkdYWjJJaDhpWnU3a1k3X3pnYl8xZ2tBcGlZV2d2Mkd0V2ZPY3BCOHBZcXBkeXFlUERqYmFNNnRSbDNxWnp2V1oxb2lHaHFocTFmSWZPLWJEOF9YNUU4X1VjQ2JLWmhVajVmWFd1VTdVV3I0Nk5VUTNWRldHenBHWTR5NEdRbXZlONIB7wFBVV95cUxObVpxS1ZpSjdUV1M2OUV2ZW1ad1prajdhMkRlcjBGa0VtSzRvdnU5OGdSLW5NUUZLNDM0Q05lU1JhTjdXbS1zdHlOTFhmMDJLaWo5N3prOUtEbU83U2xLVHdnRTA5UU5rblluSm9LYkdYWjJJaDhpWnU3a1k3X3pnYl8xZ2tBcGlZV2d2Mkd0V2ZPY3BCOHBZcXBkeXFlUERqYmFNNnRSbDNxWnp2V1oxb2lHaHFocTFmSWZPLWJEOF9YNUU4X1VjQ2JLWmhVajVmWFd1VTdVV3I0Nk5VUTNWRldHenBHWTR5NEdRbXZlOA,Mental Health India,"""Healthcare has received thoughtful and well-directed attention in Budget 2026""",2026-02-02 17:33:00,2026-02-02,ANI News,healthcare has received thoughtful and welldirected attention in budget,0.3818,0.245,0.755,0.0,0.3818,Positive
CBMi1AFBVV95cUxPaGNEeU80T1E2ckxZamFnSS1GeUZmSkpwZ1VhLTNxT2V2X1IwVnFlX2k1NEJta2tSVTl1SWNhY1JhU2lsTk5PalA1S1VwMmphZVJQeFMwakFnX0t6WW9sQzdzUGdoSXR6dHZ3TEN6TEtsdV9IdGtQcmREV3J6TDc4SkQ2RVhaTHBLUUs3SnhBR25qaXJCRUZrSmtJejRza2FVSDUxek5PVzIwRlo4X0FNZnktamhjdG1TenNoT0xJUXRndzJlNXRGcFItUnVfSW53T2E5Mw,Mental Health India,Budget 2026 pushes Technology-driven AI-integrated Structural Reforms to Shape India’s Future : Dr Singh,2026-02-02 15:18:24,2026-02-02,KNS Kashmir,budget pushes technologydriven aiintegrated structural reforms to shape indias future dr singh,0.0,0.0,1.0,0.0,0.0,Neutral
CBMiygFBVV95cUxORGhVNVV5N0hVWk9UV1Q1cHBKZDZybFZOYy1ObmM1VmRMUnE0ekM2WFhpUDVoVnl3MU4yNTM3TS1FZVF5RFlCU0JXZGl4NklMck5zX0l0eGhaQ3ozOF9ZamU3aWtZVVpnaFFYc1hEdnlWM1FQRjR1X05aODVNSWNmektkczczU2h6TlU4dGVNX1Z5RjBRTmlRQTBIdWpVbjBoeElUTS12TW9odS1Dbk1vN0libS04cFJ1NXAxNHRIdHpzelRvSXJnU0x3,Mental Health India,LGBRIMH authority hails Centre's decision to upgrade institute to NIMHANS,2026-02-02 21:38:14,2026-02-02,MSN,lgbrimh authority hails centres decision to upgrade institute to nimhans,0.0772,0.126,0.874,0.0,0.0772,Positive
CBMi0gFBVV95cUxPSG5RNHBCeTViSXhsNkZyOWhNY2V3bjM4ZnVvQzB4SW1FV2hjSV9lWTdmU1RXeFY2ZXhCWFBEUnNyT3d5VTNzeG9wYmFCS1pGMEVVV2lyWlNYbHpFNjJIQmFzdF9fWTlocVEwRlRoeXV3aU5jY1JtclBFejdzaThoYzBMcHhzSDE3MFRENHhnUy1mRmcyR0lHc0pmWERxWDdGQmkzT2RyN3hPZ1ljbDRPOGdZY2VuNkhMcm9SQm1tX0otTExWbEpmRVZWMExQZmVMWlE,Mental Health India,"Maharashtra Becomes India’s First State to Launch 510 Menopause Clinics; 9,000 Women Receive Care in Two Days",2026-02-02 10:55:55,2026-02-02,The Logical Indian,maharashtra becomes indias first state to launch menopause clinics women receive care in two days,0.4939,0.186,0.814,0.0,0.4939,Positive
CBMiywFBVV95cUxOU1gzZ0NkMzZKdGJWbjFDOE1CWG9iSHlydXRrc0M3ZmV2SmNsazNWVm81OWRCRG1VeGpvQnNwdUoySEFMcnQxU2RGNG54SlNlZVhDblA0QzhPa1lVQzAzclBKRFNoVzFTelJDUmpqU3ppc2J1cl9tYzJ5OVBkakdDSThhSUE1NFpJQ0Z0eURGdllDTTQ1a25GcDlYdnZIM0thalNvRkZPc0RCaFZXejNoVzJBMjZmVzFVOENjdnJjbG9zc1M5UkhqOG4wc9IBywFBVV95cUxOU1gzZ0NkMzZKdGJWbjFDOE1CWG9iSHlydXRrc0M3ZmV2SmNsazNWVm81OWRCRG1VeGpvQnNwdUoySEFMcnQxU2RGNG54SlNlZVhDblA0QzhPa1lVQzAzclBKRFNoVzFTelJDUmpqU3ppc2J1cl9tYzJ5OVBkakdDSThhSUE1NFpJQ0Z0eURGdllDTTQ1a25GcDlYdnZIM0thalNvRkZPc0RCaFZXejNoVzJBMjZmVzFVOENjdnJjbG9zc1M5UkhqOG4wcw,Mental Health India,Kashmir's Silent Mental Health Crisis: Urgent Calls for Empathy and Action,2026-02-02 14:01:28,2026-02-02,Devdiscourse,kashmirs silent mental health crisis urgent calls for empathy and action,-0.5106,0.121,0.604,0.275,0.5106,Negative
CBMi1AFBVV95cUxQWENHMDBmMlhwZ2ZpOTZ5RXZJTjhmVlFnQWcyUUM2MXZrSVRfcVpzSzFtWlFiQ1JvZlRkS2ljYTF5T1lCX2hSbGdJa2VQOVFlTkhuQVhTS2txRGRzNmZ5MG83bTZ3Vmxubl9RanN6UFFlVktwRjFCaUpVWVIyUjZxaFo4TEpqX0JHN1hTT2E5b3h3WmQ5Uks3QjRFV3hPZmNnOHJCZEhuSUhzZzBvYnEzbmJNdTdQQ0lJLUIxNjdhTU1ESHZxSS1EbF9UMnFPUEs2VDVVSA,Mental Health India,Budget 2026 Bold Moves in Healthcare and Manufacturing: What's Still Missing?,2026-02-02 16:22:38,2026-02-02,Siliconindia,budget bold moves in healthcare and manufacturing whats still missing,0.1027,0.203,0.625,0.172,0.1027,Positive
CBMi3AJBVV95cUxQSUdwbTdpdDBrVFVTMk1QZWFER1E3Y3E0bmc1MnhZbGwzZ1ZZeWowQ19vcFY0YXJjX0dEcUlUdXRsZnlsNWFudkUydWVmYzZQVmZFbDhuajJWWHREZzJuY3JKbWh2dFJZNG85VzI5bUlqRjdNWGozRFlJRElpQW5uOXlrRzR3aXlFUVNjOUx6S2dha0ZWdHdRTDRZMm10M2VNdERFaG5RMDhqc2FId2ZGd3ZDcjdNRkFRTWF0ZW1BZWxPMHBOemZkX3BfMkc2TFJ2QkdfaWZKMWs5R09WTHRRTk5lSjE4eFkxQ0tJSXBWWHJJVWRjVDcyMnZUNlhGWHF6T2UtUnJPeWxnd2FjbmJSZ0EtWFpkRnlXOFF6R3hvTnJBOEpIVFVvOWtVanhLTGdUYVVFS2tYVkdqcU16Rm40c2pfNWx2c25tRjFQTGxzcU9QQUNoazlwSVl2bjjSAeICQVVfeXFMTTRHb1A1Q3ktOWxBODU1OUtSbElYaF9NMXNBVW5PdE5USjNTOFNXdFVobmVLOXFwZ1ltVnlva3BxOEh1U1hqYlY1NWVjdm01azFObm9LekFrYnlWcnhVVFRSbV9iNGk3YXRtSXV5QXdNd0ZqQmVkLUtNT1pWbjFmOU1jWWJvQUpvMXpMMDRuTHpFYmdPRGRQNWt2NTNfRldWZ0FMblNscDdudllKeXE1eG9OU1I2YXZRZ2RvVnlFcC1wSVA2Qm1HNGZ1TlFmY0tZTlhYZnFfY1RVbWxxUjhlUU56SFBBdzVhU0EzeTg0Q3J4SGlSdmQ1NHVTN2d5dXlaTXdkcHZJNy1wWHRxa0dxQWVFeHUzQnI0V0x4LWdXNnBza2U4Q3k1VUs1TzJvVC1Kem4xZlItTi1lRDBTaGx3TFlrVk5jaFdxNHZkaVJwM2RHU1lCcGlPV1NhbUdoRURrNi1R,Mental Health India,Union Budget 2026 Live: Govt to introduce Insolvency and Bankruptcy Code amendment Bill in second half of...,2026-02-02 16:43:21,2026-02-02,The Economic Times,union budget live govt to introduce insolvency and bankruptcy code amendment bill in second half of,0.0,0.0,1.0,0.0,0.0,Neutral
CBMigAFBVV95cUxNNkEzbzJsMmdYYlpTTFlXd3lhYnVBNjFINDc3LVZLZHdiQ3VWdGhRLTAzRDBCN1VqdGNUQ1lYR29taU1DR3ozVmZJa2FVVFgyUUFLcndwWlVFRWNtRTQ2LW1CU0tXZzQxWWFVV1VLbmQzR20tR2ZQblpqUFlLM2E2VQ,Mental Health India,Trump Cuts India Tariffs in Deal He Links to Russian Oil,2026-02-03 02:54:00,2026-02-02,Yahoo Finance,trump cuts india tariffs in deal he links to russian oil,-0.296,0.0,0.82,0.18,0.296,Negative
CBMiwwFBVV95cUxQTnRCNndRTVZzMlczSXBpUWJHOVJLSXdFNy0zY3pDT3NfclhmdUZvWFNGQ2pLNm9xZGItVG5kN19GUWpjRWE0bXlLX29abEVlRHFaRDJyVFZOSmtlamFaZkxpd1prV1pMUGYyVDNIWGxuOXZ6NnZOLWgyOTV6eHhpTUZmMllTM0Q4aGZIeFBnb01IQmY0clBqTzd4RTlLQXFEZ1Z3eUJ5N25CV2Q4bFdabHFIbmljT0Q1QkwtU1VOYjJxcEnSAcgBQVVfeXFMTjhNc0luOENKSEhQenFLYklZcHpic0xUYW9aWnBwU0p2YlpGb3hwX3l2Sl84T3V5MDNKREFla0RCaTN2aVFVbnlNRGlXYjkzWkFwWkFYcDFEUzZIRmtmMUxNNzFRYlExeC02a0NGOWlZeWRIWExLdmV5a0c3aG1KelR3WDdTakVtS0hBOFhHUHhJbXlyX3F4ZXRQV1BKTVBIeVVweThmV0FzbGctbDhjRVJneURnMFhBdTR6bXJuRzBIOVo3U0x3aGU,Mental Health India,CJ Roy Death Probe Reveals Legal Stress And Psychiatric Consultation Before Suicide,2026-02-02 15:13:17,2026-02-02,News18,cj roy death probe reveals legal stress and psychiatric consultation before suicide,-0.8934,0.072,0.386,0.541,0.8934,Negative
CBMie0FVX3lxTFA2YlNkdDJ1QUlqWXgzdWQwSi1yRi1kRGNucHlNUzlRQnVsQ3dmYmwtQ0s2QVI3LU9FNzhkZG9maWVPUUJjWHFsckRNUGdqUjZhVUlGSHJMam8yTDZMNlNremo1b1F2b01hRmdSc25jMTI2Ti1lWTU5MUNINA,Mental Health India,"US and India reach trade deal, Trump says after Modi call",2026-02-02 18:24:00,2026-02-02,Yahoo Finance,us and india reach trade deal trump says after modi call,0.0258,0.099,0.901,0.0,0.0258,Neutral
CBMimgFBVV95cUxOQldYck4ySU5Oa3JPa0FUbVRuc2g4MnJkWnlIRllRbktVeXdyNVljUjliRjlqNEF5bk1TU0FtTW82WTFkc1hrY3FsV2xfUjFQaU9kSDVHSHVrUEstX2JIZ201b21wa0ZtYy1lUXMxT0plbnBZcU5KOUU2UHVDQ29ac0c3cDJKQmF0dDI3NFVlaDdHNjJoSnJUSTNR,Mental Health India,Union Budget 2026–27: A Tech-Driven Roadmap for India’s Future,2026-02-03 02:19:18,2026-02-02,Observer Voice,union budget a techdriven roadmap for indias future,0.0,0.0,1.0,0.0,0.0,Neutral
CBMi2wFBVV95cUxObkw3N0xRTUhfSnJieWthV001OHlFcU5RYXBZM0NiY2dzQjFWU2ZjOXdFTU1vM3pEcUljcGJabkVUdl81NzNERmRMQUFHNXk0ak9XVEtGTU8yMWR1eDhzV1RQYXhPWjRhd19OXzNjaE1LeFZNSll5UjRKQ0luQXhsUjc0LTlVVlNXb042ZV9HRklaT1J4SkZJT3pUQWtQNGs4a001SW5LbGY5MnQ4SldBOXUwOFRfMXAwVEJKaXJRcG8wYmhrS1RJcHpRTV9oWkJEWEpjTUNBbTA5dnfSAdsBQVVfeXFMTm5MNzdMUU1IX0pyYnlrYVdNNTh5RXFOUWFwWTNDYmNnc0IxVlNmYzl3RU1NbzN6RHFJY3BiWm5FVHZfNTczREZkTEFBRzV5NGpPV1RLRk1PMjFkdXg4c1dUUGF4T1o0YXdfTl8zY2hNS3hWTUpZeVI0SkNJbkF4bFI3NC05VVZTV29ONmVfR0ZJWk9SeEpGSU96VEFrUDRrOGtNNUluS2xmOTJ0OEpXQTl1MDhUXzFwMFRCSmlyUXBvMGJoa0tUSXB6UU1faFpCRFhKY01DQW0wOXZ3,Mental Health India,"Middle class to gain through affordable healthcare, Budget aims long-term relief: Dr Singh",2026-02-02 13:42:30,2026-02-02,The Hans India,middle class to gain through affordable healthcare budget aims longterm relief dr singh,0.7579,0.371,0.629,0.0,0.7579,Positive
CBMirgFBVV95cUxQc0ZRVG5LSzBLVm9VQ1c1NmNoNVBiYTNHeWRqUTFsVHNuNDR1ZXNnVW85RGpqdEIzTklkaVpROVhZZF9TMDJ0YVNDLVJ0b1NGQXVNYUZNNlNmYTBZNG1BbDlKM3V5Tk1DcVhYSlhDaWNWSW8zUmVEbHNUT0tvOVRkdGJvdm1GME9IeXpweklKSjk0ekQxV0JaNDhLMEtPVWRoeWpRSC11Z0ZsamNXWkE,Mental Health India,Run Clubs and Wellness Groups Are Becoming New Medicine for Lonely Indians,2026-02-02 11:59:46,2026-02-02,The Filmy Charcha,run clubs and wellness groups are becoming new medicine for lonely indians,0.1027,0.188,0.649,0.162,0.1027,Positive
CBMikwFBVV95cUxQOEdoRWlqWFJVcWZsdHQ0MG5JbExKSVNkRXN4c1pKWnY3eDNoSzF2VVFad0M0WHVZazNndWxPSl9HTU9MUS1BaFBsc2xiZTg4cGZnei1GZ2h2aWdESUg1WlNfNVJpWWVvcElXd2UxMFVyZlE4WFlNN21YM0RLdWlQYUVfbzM2My1VeGV4NDBrc1Faa0U,Mental Health India,Budget 2026 Sets AI-Led Blueprint for India’s Future,2026-02-03 05:04:55,2026-02-02,globalgovernancenews.com,budget sets ailed blueprint for indias future,0.0,0.0,1.0,0.0,0.0,Neutral
CBMiuAFBVV95cUxPRFlMNXlxVXlyLVhqUVVXT19HdlZwTWVNTHRlZ3VjLV9LbzBHMy1DaFNqdnFXUnJvbTVETEtJRDdCYXRtQkZBUE1tTC1FQlFMaWxweUxKcXhmazU3TGFPVkFndWw3SnZCc3REQU10aDd5OGM2NjVsQkp0SXk5dXF2NHZmMUxBN3BMeThWcUJHaUc0bEdtSmR2X1hFc0xLV1htY05XMGRRM0t5bmNmVVo5aXZDUHVyb2It,Mental Health India,Cancer-Induced Mental Distress: Coimbatore Family Found Dead In Suspected Suicide Case,2026-02-03 05:30:18,2026-02-02,TimelineDaily,cancerinduced mental distress coimbatore family found dead in suspected suicide case,-0.9337,0.0,0.332,0.668,0.9337,Negative
CBMi1gFBVV95cUxNd09heE9FT3l2Q2hmbkVnOUFieUd4ck9WNTdBTXh5amZieWtkeEo1VTFkT2MwdXRmSG4yX002N3dDcUxvZ1lRZ1gtTjV1YlVMblo4eTE1TUFnZ013QlRfczd5WHh5RkFNeW8wdGk4RmxleXF1YzR6NzQ5c3ZvX1Z6SlpaYkYxZlJMbWQ3czhEbno3cGVMZWprams1RVZsbnFzQmlTTkhRT2UxWVlGaDJnTUc5ZWtlcnRyV2hxMnZBQ2VteHVicGJpTm5qVzdkakVVWkdJbGpR0gHbAUFVX3lxTFBCblh2UENRR1pjX21ueEg5WW5HTFVIYkJPMTh3ZlhETVlwX19TNTRwNVNXNE4zVDlDYThnczgwTy1WQWxzTWtuSTl2Sm9mVlRpZ1lnY096VklycEtUMmhZVEFsZ0tYQVNLcG9vcDlwVVVvR2M4UWtPWmwzdDZ0RU5uU2JaZkRITmZzQzhBc1FPSk00V29xeC1DTndrb0VjTXdCdk4zX2NQd2JlWEo5NWlySkcxbF9FSW4wTTJqZEtfOHF5SUpRT1lKb2taNVdBRkVQNUY3dEFEcTFXSQ,College Festivals India,Gourmet Nite 2K26 at IHM Celebrates the City’s Culinary Journey from Calcutta to Kolkata,2026-02-03 05:44:53,2026-02-02,Telegraph India,gourmet nite k at ihm celebrates the citys culinary journey from calcutta to kolkata,0.5719,0.236,0.764,0.0,0.5719,Positive
CBMivgFBVV95cUxNOHUwbXdhbl9yTTExdngzYkRDZGZackhyQWdwU3F6RWU4dms2ZjU2UmlxWlcwWTJTNlFNU0cxTWNxMVRnb2xDNjFzR3JpRktkUGhvNjcyNS1NQmdvejVLcV9oX0FXV3VHbUMxVDlQd3lWSmlCVElGNmluNEs4RmRhblQyRjlPYXBfRTF0cW44VDgxSnd4cXhHRUdOUWcwSnFTQmxsMzFtd2dud2tOUnpGVGU1el93ekVrUkNoTk5R0gHDAUFVX3lxTFBxWktzRzI0bUFiQ1JCVDJvNTVTQlc5QjI3dmg0U095OTItVW5pakNFMTNHMkh6UFlhZnlaT29vSW1BUVlDMzFMR3hqOGFBX3l1RDg4OTk1MFYzWDRDQWUtZ1pkcmlSQTV0VG5PQzVBakZpX0Z3Q0JHUGY2c3Y1R1JacE8xdzZKdXYyLUExYlA4eXpnNUdoMVlNNEh0SkVNX1JSZ1hFSUl0dTBDR2ZKRDZWV0RITlRpNDlrX0hsZy0zOUp3QQ,College Festivals India,Med college docs suspend op boycott,2026-02-03 03:58:00,2026-02-02,Times of India,med college docs suspend op boycott,-0.5574,0.0,0.465,0.535,0.5574,Negative
CBMinwFBVV95cUxPT29ya3NaM0kxLVlFdnRPQ2s1eVVZQmYxSEdqNkZIcWdrVFM4aVZmNWFQaThseTNwaS1SWjd5RnM3TVY5a25RcnZ0M3pHbkxkM2dTR2tyS19zNmFoM2RCYVRlQTRhNF80WXRoRFhod1ZBZHJ6Y2t1UTZiVjk1VkVPd0RueHZoX2I4N2d2cnZ6NEFwMlV1SU51R3ZBdVhLTUU,College Festivals India,"Key events in Kerala today: Mining and Geology Department seminar, Book Festival on Feb 3",2026-02-03 04:36:03,2026-02-02,Onmanorama,key events in kerala today mining and geology department seminar book festival on feb,0.4939,0.198,0.802,0.0,0.4939,Positive
CBMitwFBVV95cUxPd2VIbmVxSmtaN0JKSExrZFZXcG9KSUZEVFVEUHYzSkVaUFNvV0tnVXh3ZFhpcGttZ0YtMzRzZEFOU3FsYXpvclJTczI4ckI1QndsdDZlMnQ1eEdyRTltenBjNlBxeXNvTHBmNjhtY1JPY0Nza2o0SWNXZVN4SURXVFhaLUF0Wk50d2M3U3g4YUpyaFhVRXFfOTRYRG9CVFJybVhXRm9UUV81ZVhfVEhSc3RUTHF0dGPSAbcBQVVfeXFMT3dlSG5lcUprWjdCSkhMa2RWV3BvSklGRFRVRFB2M0pFWlBTb1dLZ1V4d2RYaXBrbWdGLTM0c2RBTlNxbGF6b3JSU3MyOHJCNUJ3bHQ2ZTJ0NXhHckU5bXpwYzZQcXlzb0xwZjY4bWNST2NDc2tqNEljV2VTeElEV1RYWi1BdFpOdHdjN1N4OGFKcmhYVUVxXzk0WERvQlRScm1YV0ZvVFFfNWVYX1RIUnN0VExxdHRj,College Festivals India,CASA BACARDÍ Unveils Vibrant Tropical Festival in Goa,2026-02-03 06:38:01,2026-02-02,Devdiscourse,casa bacard unveils vibrant tropical festival in goa,0.765,0.524,0.476,0.0,0.765,Positive
CBMiuwFBVV95cUxQMDJTMTdpM1h6TGZPelJWc3Q5OEVyUl9xSmwwaTVONjdGYVctUTIwVmE1MlQ2LXpnTEQ4S2huN2V0bXlqeDVDejVBb2xGLS1CaVp3UnZvVkxYZmhNTEJzRDlmUkZjbnJ4YjF3cHQ4T3JGN3QzX3NMM25mLVF2RHpsajNrTzVNNWkteVQ5SjlMcEFUV0RYMjVEN0tYQ3dvNzVGR2F6UGREbHBPdkNwLUMwd1NCdTR2RlVsLTNn,College Festivals India,LearnQuest Music Festival 2026 Highlights the Power of Ensembles in Indian Classical Music,2026-02-02 20:09:04,2026-02-02,INDIA New England News,learnquest music festival highlights the power of ensembles in indian classical music,0.4939,0.225,0.775,0.0,0.4939,Positive
CBMiqwFBVV95cUxOb3hLOHNMVV8yVWtSNmszZG1SdmtPdEpHaU5WUXVac0x0b0p4QW5hRDFLOUVPbVBtMFlkS2RWOXQ5aTFQMENsSEdOczRfS3BWYW9PcjVGSVV0c1ZiZm5HOFE2Q0RmRzVtYlRCNk5kODNOWXU5U1NtdVdOZ1hFbnBVMmNhNVk5X2RkQkNoQXUxU0d0UWZrcUpvdDFUQjYxSW5PT284dHJtREhGY1HSAbABQVVfeXFMUEVvQUQ0RmRtRkpQN1dhcjN3RUY0TER5MlVyelNfSTF4UXRITVl5T05NdnJuUFRLaDhfdGVKaXo1X0xadDNBOTlUeERCOHlKUjZ5TmVaMm1IZE9ldVBWSFVERUpFRGItY0NlYTNaTGY0OVNVUlY2eVdJay1DcjdGTHY3WkxnRWxhMWV5dW9vYWMxM01VcnlHV2NSc3VQZkJFcTF2UU1GMGhsY2hHTy0zVks,College Festivals India,Govt plans medical college in Pernem,2026-02-02 19:52:00,2026-02-02,Times of India,govt plans medical college in pernem,0.0,0.0,1.0,0.0,0.0,Neutral
CBMiqAFBVV95cUxPOHRqbGROSjI2WW5GLXdlZmVpUEtiRUZ4TGUycDZSWmszMGUwaG0tZ19sNjBBeEVtVlQ3a0xvRldGSlNNekdtNm5Kb3liQ0dtLXF6S3RoVjg0bnd0M3dzOHpFTEwteENSY0VGOGlZQktSdVo3N2pzTG1MaE5EUkZydk13VWhaZ0hjYmQzS25KUGZQcVMwNUlCNlV1SUlFbmRULXcxMGFUSmPSAa4BQVVfeXFMUHBJTzE4c25BTE55SjhFQmN5S051V2VpUUphZ21fd3k4VU9fM1hXV0VRZS11NVhMZVphYWpUV0xZZG5xc2NRcjhKQjZGeDU5NGdkRFhHbWwtWnhTTWI0X2FQMjExanhnUlNVSjZMNEtDUEtscXJkM2E5VHQxWDdQYW1iTlhILUdHNnJNN2xtdVBMSFBHeDI3U1MzUTg1dmtZOGtaLWFTQ2ZXNkxkRFZR,College Festivals India,"Punjab gives armed forces braveheart soldiers, says CM Bhagwant Mann",2026-02-02 15:46:03,2026-02-02,lokmattimes.com,punjab gives armed forces braveheart soldiers says cm bhagwant mann,0.0,0.0,1.0,0.0,0.0,Neutral
CBMiyAFBVV95cUxPYWZrbklRZnpvWGZ0MkdoemIzV1VVWF9RYWZYV3FrREVETTBHdVlnRmRyUlZrZV9Famh1ZkFOZ1M1NWg2Qi1wNnJRZHdtN0hvREtxOXQ4YU9Yd1BfQVBJZHh2UmlYUWtsMmRuX2xvR0ZGVHhuNEhyYUt0Yl94bFhoTldLcFU2cDYxMmpSZ2JjZENaWFNOSXJDLS1xV0ZJaS1jb0ctc0VuTGtpVWUyVllzblE4UnF4Yi1DdkZOUUh3Qk5BUFdnTU8tVg,College Festivals India,'Colleges sell courses they can't teach': A professor exposes private college system,2026-02-03 02:47:04,2026-02-02,MSN,colleges sell courses they cant teach a professor exposes private college system,0.0951,0.12,0.88,0.0,0.0951,Positive
CBMi0AFBVV95cUxQTld6RHA3b0hVb0F4ZXpVdzVzXzVxQjNNUVluRlE1MktZWkkwRFM4T0FJSEtnMDJUdEdYWEpFOEpCZ2VfX29aZmd0eXFpTmxWd2V4M1Z1aGJoR0VFQzM3d2pqRkVsb1VoZ0RFYUJBdFFFSlc2RkZmaDJSNUlDcGJkamRjQm5mRnR1cy1Sb1JZV2lUcUcwS0ZaUzZYSUluX3VueG5vVFRDRmxkcmkwTjEwcFh2YWVlSVJzSTVNWUM3ajJseHoyWUdHb2RIcEwxZnZD0gHWAUFVX3lxTE9lWHo0b2pxX0dhN2VvM0YyRTNCUTF3ajZiSjNtRDNXR0dyMmpPc1F2cDk4aEdrZVgtVHJkeTRjc0t4c2hYc3RKMk10T0dYQ044MTN5QXItMHU5Q25JZnRiNm8xLVJxbHNkNHh4a3o0RXVZRXE4SGlrTXVuV2RfOC1VNGxvUUtHaE4xUENheS05VnYyczgtalI3bjkzQjliNW1zOGxVam56ejNOaUJKOC1lYnloVFVWSGlYdzNHTFJFc0F6aG5mYzhpeHRuVDhSbjhZTkRhUVE,College Festivals India,Spicmacay Virasat to showcase Indian classical art at NITK,2026-02-02 18:04:00,2026-02-02,Times of India,spicmacay virasat to showcase indian classical art at nitk,0.0,0.0,1.0,0.0,0.0,Neutral
CBMimAFBVV95cUxOYTFhcVEtNkc4RXVHRkN6bVFjd25MVW1MU2ZDakphYkYyZUZEQ0NoQkgzLXNHcU1TX2cyalBueC1WcTFxU19nemFVWGNhSE9KVkNDak9SQ3psSmJJR21XRF9Fb2d6cmwxMTY3dmJRWG9WVnkwQ0VPSWM0aS0xXzRRaUE1a0NYb1pnSC1lUEF6elZqNU5Ob2JPZ9IBngFBVV95cUxPal8yWnZvNlBRMUtnS25sYkJJckY5WnM1Zmh4b0hNd2k0aktmWFF5LXlpYjRDRlNlNlFYbG5zMlp3c3YwSkJKakdWSXZZeUtBRFBhWFp3VkJiNVRadklEN0VaUDlQemtaRTZVcHlQUnhESXhVUC1WRmFkY2pkNDVSY2VvVTg0RG1ld0VLZFlyT2k3OVo1QjN0VXctS0Z2UQ,College Festivals India,"With tearful eyes, people pay last respects to the urn",2026-02-02 14:56:05,2026-02-02,lokmattimes.com,with tearful eyes people pay last respects to the urn,0.2263,0.197,0.684,0.12,0.2263,Positive
CBMi9wFBVV95cUxPSEJKeWFJWkZFa1dVamx6THU1MHU4ZWdnYnRndDA3a0NzcWEyV091U3BqSmUxU2JDbl9GeWg3Qzk1NHhfUGF6eHZmZWY0d1pUckQ3MGw0MVZlX3dGN3E1ZlBIR2VGOTE2c2thel9sVmRZSHdtTWh4M1FKRGhXOFZpUGxoakhEZ0RzaEVjb3lyNUZiNl9BbFRnT1F0TnRoU0dobFVTQnMtWFhLSlQ1OF9uLVRCWlFIQmVNbnI1MWJaWGIzUUJHUnlrekVha1hUclFGM21oZjVXeEdjRlk3aHZEWjE0SnZzYTZhbkJpdTFIRXEzbjV4OEd30gH8AUFVX3lxTE5MMjJ6cWY1a0s0U1JlYmkzU0g3cVFtX1Fid2d0TGRKelB6UFNBaDdqRC1EbFFaT0FlUzlPWi1vVkVobkFEWEJic1VWWEhWeG9BdDZnbmNibU83ZnhvTWdtcVFaekxXMUJZNkxrTXh3VkpmTDJYTkl2bHpyYnd1M0ZnX1d1RGVhVWx3aENvU29aa09yY0d1TW1Ob1otWHFJYVRHcXczMDJ0S3BrelFrbmJZM3ktd0Vqa1VQcldCNjhDd1U4a3RxaXNmV0UyUG1Db2tzblZSQm9WZ19pdUtCMXgxaUZ6VlhtcTVSR0ZUSXFpZkRfYklvd1BOajZ0bg,College Festivals India,Graduate employability in India: Why Tier-1 colleges win bigger in non-tech jobs,2026-02-02 11:40:00,2026-02-02,Times of India,graduate employability in india why tier colleges win bigger in nontech jobs,0.5859,0.257,0.743,0.0,0.5859,Positive
CBMi0gFBVV95cUxQajcwelhET0xua29WYUtYOGdzTm9wMnYyMi1OZU8wQjljNEJiaHNYMFl5MHVYdW1jM2JUWjFZWjcyY1Y4UnliNEcwNDRFOVB2bmFLajJMbWdhOTRpWnFPaEwwSE5RWHo1ZUdaVW1YZTZVdGVkX3BUR3ZXU2JmZDAyNFUzMHN6N2ZGdURkQ1ZjV0lKQlBKSlByQjg4OXAtaWZBS0FtcFl0dXdNQWhEdXVIYnd0TVFXR0k3NDNkU19qNEdneWJfOVNveHJtR2FEdHVDc2c,College Festivals India,"Kavyapedia’s Siddhida 2.0 Lights Up SPM College For Women With Poetry, Music And Literature",2026-02-02 12:01:00,2026-02-02,The Daily Jagran,kavyapedias siddhida lights up spm college for women with poetry music and literature,0.0,0.0,1.0,0.0,0.0,Neutral
CBMijwJBVV95cUxNU3RXTlR6M2RRVm53UF9DaXR4dXQtRlpMNlg5cVJxUVQtb2lmeUxsTTdRTV9adF8teXR4TTJPbVlQc3N0c3l4bTEybWpQSzFpYm1Ta2x2MFVNdDdPNlB1TFJHaTFLZ01Ra2RORDZNeG4zRlBlaDhCRVI0Y29Ubm5UdTdVbGxjOTdIREZLWXdYRUxWT1l4T0xFZ2RGWU9veFhhRWpCV19qczFJVVV4amVTRnk1c3ZJUWpLWEhxUFkwMFpLYlNLekg2aUlFRUk1T3pYNDFEVXp1T3ZiNG9vckFjSThDWFdTeXlfWVA4UHRWYVh6Zm96ak00MXdSWWRrZm1Wc2JCXy1rS2pySFZGaUY40gGPAkFVX3lxTE1TdFdOVHozZFFWbndQX0NpdHh1dC1GWkw2WDlxUnFRVC1vaWZ5TGxNN1FNX1p0Xy15dHhNMk9tWVBzc3RzeXhtMTJtalBLMWlibVNrbHYwVU10N082UHVMUkdpMUtnTVFrZE5ENk14bjNGUGVoOEJFUjRjb1RublR1N1VsbGM5N0hERktZd1hFTFZPWXhPTEVnZEZZT294WGFFakJXX2pzMUlVVXhqZVNGeTVzdklRaktYSHFQWTAwWktiU0t6SDZpSUVFSTVPelg0MURVenVPdmI0b29yQWNJOENYV1N5eV9ZUDhQdFZhWHpmb3pqTTQxd1JZZGtmbVZzYkJfLWtLanJIVkZpRjg,College Festivals India,Business News,2026-02-02 10:20:28,2026-02-02,LatestLY,business news,0.0,0.0,1.0,0.0,0.0,Neutral
CBMi3gFBVV95cUxNaXJWZ1NIYTlVeTl5OF9xM0h4MWhhWHE2NEV1UXBlYXB6cmRKS20tcVRlUmw1SlJRRlNINHZaeXNTLW5OZmNIeVN4MW94TE8wanYwS1gzenNub3Etc0tvZTJKaVkwdjdhbW9Nc04yODFLOFR4aGVWY2JqWlBST0FpMzZWMFZTWnZHZ3NmSUxobXNfdVBvRHdQSl90Si0yRThFNlB0UTYyMGg3SEoxUnJCQWNTemM0RUhWbEFIVTQxQzBMaW1YMEphZ2hzRGhWVXo2eWF4dm1fY1NfcUxfLWfSAeMBQVVfeXFMTmItZkN1bVZoWFpBbUtFRTR1cTdqWXBuTnRDLWZuRXNkNVVrOFVocjRKNGtCdXJSelJQWG03Zk5oeml0WGVWTnBIWHpyTml4eGRaQ2kwRHY2T1RrOG9aZzZTZUpYU19zR1JPN3lWUldWc0VtNndJVHpXQkdtU0dwaWVTcDJfOW9NSnpKLV9QNGhXMEZnT25TUkRuci1CemQyUTJBS2dxS2lUYV9zZzdDUDh5dG5ndmt5Mno5Wk9SSFlTTjBuUEh3YkVrZFVTbmJvOHhaNng5YVpsTEh4SzAwbWhUYVk,India Skill Development,ED flags WhatsApp chats as key evidence in AP skill development scam,2026-02-02 22:38:00,2026-02-02,Times of India,ed flags whatsapp chats as key evidence in ap skill development scam,-0.5719,0.0,0.748,0.252,0.5719,Negative
CBMi3wFBVV95cUxOLVJXRUxaVWlLeUJpb2ZGS2t2WkxYdHA2NEkzQS10NmxQRlhSbG5KdmlDMXVNM3hkNGxtMFZyN2tpMHZyY1czYUxSc0FXck9WaU5iN3I4X3JMM3pZQnE1LUtTWGlJdGlxa25jaXRacUk2cFhlOUJuaG5WWFVrUmtuRmJYN2ctQy1vWGs2cFdJX3BSZWFseVNINEZ1dW8zaW5nRDFzUUluWVBJVmVjT3VyVGNTak9KQUV3QlZYaUxqY1ZlVXhrMkhWRV94cUJfc0dFX1A0YWQyQXpxR1UxeG5F0gHkAUFVX3lxTFBzbEZBeklMajV1SFhfVk9uMzl3NEpiTGZ1bFJrNWhxWUtZQUMycGMxZFdFWS05SkdwUHctVjZ1OGJUbHZKdFE1bXNtczl0azExMjdpT2FlWkNiMFVKY3FBalN2bjdBdl9EN3FILUdfOTFaQWZqbUdfaklBc1ZTY1F3dHdmVGE0Z1EzMGNPWjJLeHlMNTM5YVhBcWZfOEEwOEJyMkNXMGVNbDMtTVhwUVAtYlI3aWpCSE1fQnllbk1wUlVDaDAyLXVOTF82NE5TOXF5Tmw1ZHQ3WWpQLU5oOWtYY3I5Tg,India Skill Development,IIM Kashipur collaborates with ICAI to strengthen skill development initiatives | Education,2026-02-03 05:51:42,2026-02-02,Hindustan Times,iim kashipur collaborates with icai to strengthen skill development initiatives education,0.3182,0.187,0.813,0.0,0.3182,Positive
CBMi3AFBVV95cUxQRXBCM2wwYU9GUlBQa01vSU9JX1k3dHhBT1JjWnR3RFVwNG5KcVk2dkNCYkRvelc4ZWRwOFNPbXVTekZUWnpJcVA5OTAwN24xQk1VS0huSmJYUUFSV2phTlVnNHV0Z0VFV19jMlBMaGM2VVZsNjl0Wk5xM3BweU0xMF82bnpDSUxSajk2c3Npa1lqNUlyUW82TmVzQmVIY1ZNRVlRTjZSMlp6WGtIb2V3cW5ibVhRUHAydm5GcUFlUTdGbTR0QkdlanVQN3JNaE1zVWk2YzF2aDZCMVJ50gHjAUFVX3lxTFAtTXhRQUUwRUJMMDhjT2FiaFY4NVkzTzZpYTBaZkZzY0ZDTjJ2ZTNIbTJYR1hMRVB4eWRjaUViMVZ1R3IxeDB3aEFNbUE2NlVGUndET1dEWnd4SnVMNXRHSWw0X0ZydUQzSEU4dTNMTklkODl3RHJJQ2lsZHJIeUd0WmYtZUFmSUkzY0FlRlV6Yl83Z0ttajFzMEJaU0pMU0JuUGQ2cDh3NEI4NHYtRHQwaXRyMHV2Q2pzR29XMUZMTFItWG1TX2hXSTFxQTh2ejNWVjIxdWFuNzNxTGI4bFpUcE9r,India Skill Development,Skill Ministry allocation jumps nearly fourfold in Budget 2026; upgrading ITIs under PM SETU a major focus,2026-02-03 03:52:00,2026-02-02,The Indian Express,skill ministry allocation jumps nearly fourfold in budget upgrading itis under pm setu a major focus,0.0,0.0,1.0,0.0,0.0,Neutral
CBMiywFBVV95cUxPaDRrOXptNUE1akxpZ1NZTm1uemJ2VHRCMnhWaFRkZ0g5UDRYYm9sZzlVeXNfTG5OQWN2YWNrQ0JMTndBREtaNXU2SndxelFlci1IWUkwc3NPSGZwQWRKT0RNcTdoUlE0LTlNdG9JUk5TR0twcGFHSlVWdEZQTkxEZTc4aVd2WTdkWFNZaHFPZjk2UkktbzdIVFJRTEZTMF9GcDhudTgwQzJvZUUzTElFZWptaGpvZ0Z0YTkyNFJLWVV6b0xhTGRUQ1B2Yw,India Skill Development,World Bank Fuels India's Skill Revival with $830M Loan,2026-02-02 16:07:50,2026-02-02,Whalesbook,world bank fuels indias skill revival with m loan,0.0,0.0,1.0,0.0,0.0,Neutral
CBMizAFBVV95cUxOV25McjFLUzhVM0hId20zRlVUZ1hZTnppQjg3SmVJYk9CNnplSEhWTXh5VnRmQzl0OUdVdTdPMFlIODkwSmNqemJCZTBYTWZwYV82ajkxUFpiWUUzbFByTXVQc0loWnZRMGpPdV9haWxsVElFQ0FFekpHSnFXUWl4aWNtWlRJUl9mVTlGWFJfRVRFODdkZFJ2cGZYejBpMUhvSkxsQ2lsR1VSNE96ck0zbnpEamk0eFZJQlZkZm9RQ3JMQ3pIRTFtd1Z5VjDSAdIBQVVfeXFMTlJUc1ZOWWRIVE1od0NPa2hjaExLVU5Xbm9QckRFeDFIV0FISC1XbGNLZ3VpVFRzSWNPTjVIOWFMODRsdUFFWlg3MDdEOVpOcTlhUDA4NUlMNTFXeWgyUkhveVMtNGhmOXVpNkhmNjhWUVhkRGFYMXYtRHhkN2hWWVJMOHRKN1lIOEZ5NGlNWGFEc1NOUm5ZUUhLdmVWXzF4S2dDb3pyRmY1Z090VEc5eHpUYlk3SWo1WWt4WHJvaloxU3Nlc1dzcUh2TWY3dEI3U1dB,India Skill Development,ED gives clean chit to Chandrababu Naidu in skill development case,2026-02-02 10:45:57,2026-02-02,India Today,ed gives clean chit to chandrababu naidu in skill development case,0.4019,0.213,0.787,0.0,0.4019,Positive
CBMixAFBVV95cUxPenV2dDc0TU1XSHNTVDhnYzUzZ1VfU05ud2xkVXlraHlBdGduZnh2MTBCa0E2N1JlTFZfOHJYM3NZVTYxd1NLUXNVVlFWeE1XQkxtQUJZOEFRVXFTMGFsdDN1ZGtNVmNOdG1WNDhrZFNSR082R0lKa0hneVFicHVpUWFZak56MnRQUXNrcWJCcmlDX2VIb2lVajg1YkhUTS1kM3c4UTFDVlF2VDZZQlVjUV9tNDhaTFhYN1pjZVFUZlpTdUZY0gHSAUFVX3lxTFBGaXNvaFMwbU9yNmNlN0ZULTRScm1UM0QxdUl4cEtfOGxSeHBwSE1OQmF1TVI4ZzBQY05IZ0dmT05vQ2NDNHJEbTM3ckMyU2JubFgtOXVsZnMxZTE0cllTdmhjMkpwdEZHSm51SXB4bzJBRjNXR0pETXZUaUZ6REhqZ0FNS0pObG1hVkF6VE5PcG56ZFBZQUs3YndzdHQ4Z2F0T01GNEI1LXNoOXdXYnhHWU9CTDhaTUxfcWRXclk4Q2FPdnM5bDdOcmlXa2RGaVhCdw,India Skill Development,World Bank sanctions $830-mn loan to support PM-SETU skill development scheme,2026-02-02 13:57:02,2026-02-02,Fortune India,world bank sanctions mn loan to support pmsetu skill development scheme,0.4019,0.213,0.787,0.0,0.4019,Positive
CBMi7gFBVV95cUxPbXZUTV9XTjJtakROM2Ntd053akZQNWs1c0N4VlkxbG1XRUx4V2FHNFpoOVV0ZGVWQVRSWjZCVVBVUFV0YnlsLUJfVVRaVTR3cDBUeFcxUU04RGtzX2N6dEhyaTBHczZrYTY4dGFQWmhLSy12UC0wMHZTX3FlVndlNkVRUF92YWExN0tZSVFIOHRHUDJwNlFMa0JUQXJmeGVuTC1EWUpVNTl1RDg5MWljRVFYNHBtREppdXFwRS1QOEdyNVBHSW5VMFRNSVFhbHFHaWh2TDZXVjdfZGlZanpxTnlONVRVNmppY1F5Z2530gHzAUFVX3lxTFB4SUd5V1cyODNGRWZlbkVMRlJHRXcwczBhSFh5RGVXMGxoeno3c1p1MmdjS2RnR3djNGlXVGlpMmVzTEVISnppQlZVZUxtNWxwWG40VXU2a1d3ZU5RcHU5TkNCYi15c3lFQ25ZZlBoWUMxZ0dEVVZPSnFNdU51OXpNN3JBdjk4Qzc3LVAtZjF3NGFLQmFSTnhEeW5peWVVRjdNQjQtY1RWaGtmdUlhU085QkkxalM3eENYOGV5S1prTklyU2tlbnhoR0Q4eE80QW1wZWZIdnhjazVBS3BUcl84aVJxSm05STFUX0JlYXZWZnFoaw,India Skill Development,"Skill India Mission’s JSS scheme needs higher budget, infrastructure boost: Govt cites study in parliament",2026-02-02 12:14:16,2026-02-02,Careers360,skill india missions jss scheme needs higher budget infrastructure boost govt cites study in parliament,0.4019,0.162,0.838,0.0,0.4019,Positive
CBMivwFBVV95cUxQUFk2SEdrd1hmZFdqbjNQc0NxY090M3hnTWIxVWNkUk5pMG5PM25DSmhXV1NYVzZjOWdfZ28xMVVTd2F2dzhXaHRZZVZIcWlwbXNyc3FHNlpXR2FrY2tKMnZ1SGo5eThBV2M4ZkY5bnhTQUc1NGFxTmlUblVOMENIaDVyZm9OdUJQbzFvZVRrLVhiaVdRRk9oSHZsRlJUbXIxamJHek90S1hPUy03cHI1b1ZmaUg4UW5fU200SmxUMA,India Skill Development,"ASDC Welcomes Budget 2026–27 Focus On Manufacturing, MSMEs & Skill Development",2026-02-02 11:24:50,2026-02-02,KNN India,asdc welcomes budget focus on manufacturing msmes skill development,0.4019,0.252,0.748,0.0,0.4019,Positive
CBMisgFBVV95cUxOM3oxcFY3cnJMOHZNR0l6WmdLYkNWbzdGVW1uV2ZFYUoxMnJHRmw3QWlpVXpWeU53VXJfT01DR1Y5djA4YVlSSjEtUy01ZTh3NW1PMXF4aHBEbWNDNXdLZnBtUlQxQ2tNUk4wMGpnVmZRbTdCRThDVjdtOFhMRERpWHVGOXZkT2M3bmwwWG50dDljemRHTG9UY0VJWTFKYTFmXzBFMWN5OXdUSU9pUnRUYXh3,India Skill Development,"Jharkhand Government to Partner with Jindal Foundation for Skill Development, Research, and Scholarships",2026-02-02 15:01:15,2026-02-02,Indian Masterminds,jharkhand government to partner with jindal foundation for skill development research and scholarships,0.0,0.0,1.0,0.0,0.0,Neutral
CBMiqgFBVV95cUxPTFdFb2UyVnE4QUhoUVplcFJGZU93VGVUWE9tNlBhSnYzc0N2Z0EzUDRQT0ZmR2JaS3UzT2F4MjgtTFd4Mzh4VWxnQ19ZZ25iWVRBSks3YUFmQUhOdDd3Ti1DeGNveDFfN2NKT0QxSXBiWUZfaGpsM0M0WGp3ZlduVFdaNjJQRVhldGI0SEEtaHpNdmlJZWgtOUVmU2NsMFAyeVYtU1RkZURvdw,India Skill Development,Union Budget 2026–27: A Defining Moment for India’s Skills-Led Growth Across Sectors,2026-02-02 11:07:31,2026-02-02,education21.in,union budget a defining moment for indias skillsled growth across sectors,0.3818,0.224,0.776,0.0,0.3818,Positive
CBMivAFBVV95cUxNYmZJTnh4VHJnS1ZOMHhGdWVIWVhEbENCQzZwRHdWVVhYMkxSX3JwRmkycS1ZdkJzaEFwbEx2QlVSd29hbnlwcXhRczNNOGRqSi1udEplQU9hTUF4QllmUFZJTkRnOS1pVlgxdk1SWTBFNGxLY0VrX0FFQWk0NVdYUkpHSThTY2VjdmVXN3otb192ZVI0dnZlUmpSWkd5djRNSTdrQkpSSWZvVHBkdDdfNWd0M2Y3QlRmaW13dNIBvAFBVV95cUxNYmZJTnh4VHJnS1ZOMHhGdWVIWVhEbENCQzZwRHdWVVhYMkxSX3JwRmkycS1ZdkJzaEFwbEx2QlVSd29hbnlwcXhRczNNOGRqSi1udEplQU9hTUF4QllmUFZJTkRnOS1pVlgxdk1SWTBFNGxLY0VrX0FFQWk0NVdYUkpHSThTY2VjdmVXN3otb192ZVI0dnZlUmpSWkd5djRNSTdrQkpSSWZvVHBkdDdfNWd0M2Y3QlRmaW13dA,India Skill Development,"Chandrajit Banerjee | India’s Growth Roadmap, With Focus On Services",2026-02-02 16:54:42,2026-02-02,The Asian Age,chandrajit banerjee indias growth roadmap with focus on services,0.3818,0.245,0.755,0.0,0.3818,Positive
CBMiwgFBVV95cUxQTDBwRTEwSU9lb28wYnZIZ1dZcXBuanJLVTdCS19iMWptSHNnbFkyVjlKQlc1dUFCMHl6OVRIaHJVU1JsQXN5WGFka0w2a0FvM0V5d01BakVLbUtOMDNmSXZocEF5dlZDUlBnSFM3T0hRdjNNeTFCSkR4azFtQldRM3pseWloNndBNm5MNWpGcGx5UjVETHFoV3hoSlQwTURnOS04ZEVrWERJZ2ZyY0JaekxoWHVlT0s4bkdQZEl1MlRkQQ,India Skill Development,Job creation and skill development top the agenda,2026-02-02 11:07:14,2026-02-02,ET Manufacturing,job creation and skill development top the agenda,0.4404,0.394,0.606,0.0,0.4404,Positive
CBMi0AFBVV95cUxQaWx3OTRac1VCek9qQWhtc0xsR3lMQnFGaGtxbkhtZnR3ZzhEYWRreHJ4eDNMY1dnZUczSUZRbFI0TjBJeDNYc01id01DU1UwV1ItR0RDZjY0RmV4WGJuOUZYRmtOV2tDYUZQZXZfRDdBcUdGaDl2V3dpcUZFY3dENWQ4bmhfQ3AwZXdpTGhnQlprcmdqaG9teTQ1bWVpQUFPMllPWUNBbDhQNVJhRmI1d0JQU25PSUJwSTRHSFcwVURyVmlmamZLanRhZTd5TWRs0gHQAUFVX3lxTFBpbHc5NFpzVUJ6T2pBaG1zTGxHeUxCcUZoa3FuSG1mdHdnOERhZGt4cnh4M0xjV2dlRzNJRlFsUjROMEl4M1hzTWJ3TUNTVTBXUi1HRENmNjRGZXhYYm45RlhGa05Xa0NhRlBldl9EN0FxR0ZoOXZXd2lxRkVjd0Q1ZDhuaF9DcDBld2lMaGdCWmtyZ2pob215NDVtZWlBQU8yWU9ZQ0FsOFA1UmFGYjV3QlBTbk9JQnBJNEdIVzBVRHJWaWZqZktqdGFlN3lNZGw,India Skill Development,"ED Files Chargesheet In AP Skills Development Case, Clears CM Chandrababu Naidu's Name",2026-02-02 12:51:44,2026-02-02,News18,ed files chargesheet in ap skills development case clears cm chandrababu naidus name,0.0772,0.098,0.902,0.0,0.0772,Positive
CBMi7AFBVV95cUxOdG1kT1dreGR3RGdST2h6QkgyMzI2QnhheE5TajFWcVl4RjVqc3c1b1pzX3lzSEhYekl5Xzh3R2xtd0VmUWpYSWpJRmpzUDFfQmVhd3FuSE5HTElSMTQzMGthMVRWZEo1WjhVbGd0SmRXZTFsVzZ2OVVtSE10LXhuN2VhamVtNEc5Mnl1bmZmenRGV0lZbEpBWGxVOTJ1eGRSSWljZEE0RkRpQmJPZDNnOUZOM21VRjRBUFotUTNQTlBiSFNXbHhGdFlMM2FXZ2ZlZ1ltNTFMT2tnZVRwM1JYUVNQWWFVUV9zQUJDQ9IB8gFBVV95cUxQR0tlOXlQeTF3SS1zdi1GUzhaSG14bHBYZTJyUkVrM2ZSenFKS0NyQzA3WWM1QkJSLXZCcXZKNnMxbk9OTXBpVldPenhrRGhNeFNjMFBKa04zR2RTdEFiZmUteWdEd2R3Nmw1eFdWZ0RLbWxudVFlWkxzYy1fRzNEMlNOZGg5RkQtMk9MMFFMMmp4TUNvUXlyakVFN1ZJWXFPOVhiSG9FNjh0bzh1SWVfX0dnb1BpWS1TN29DY2gyUzlHTmVDTVhiZk8tandVbXNNOV9DdERWNC1ObV81VXY3TVJ3ZzNXS2NleGdRWVF2UlNtQQ,India Skill Development,"Education Budget 2026 LIVE: Rs 1.39 lakh crore for higher ed, schools; new NID, NIPERs, NIMHANS; skilling push",2026-02-02 12:45:37,2026-02-02,Careers360,education budget live rs lakh crore for higher ed schools new nid nipers nimhans skilling push,0.0,0.0,1.0,0.0,0.0,Neutral
CBMi1wFBVV95cUxNZXdXWlpaNnpGUlljRHRuYkl2ejNPbEE0NVExUnpBckl4dW5yaGZablhoMHRrT3QyUmUzZUJzb1Y1YXJXWF9tMUtSVXNDbTBRMG1Jb0ZJcTA0SUdjYUtuQ2RnZVdYX2xLUk1raEFuQzVzU1pzWlJEMTk3TldGa0pWMTl4S1Nxem1PbWt1RVpXc3E2dWZqR01jZW5FWFFUTE43cnNfWldha1JFWkdxX0tZNW5CbUtVbkZUT2UxcHpGUWY0dTI2bHR1N05DcGtkWUlDQjVTakRORdIB1wFBVV95cUxNZXdXWlpaNnpGUlljRHRuYkl2ejNPbEE0NVExUnpBckl4dW5yaGZablhoMHRrT3QyUmUzZUJzb1Y1YXJXWF9tMUtSVXNDbTBRMG1Jb0ZJcTA0SUdjYUtuQ2RnZVdYX2xLUk1raEFuQzVzU1pzWlJEMTk3TldGa0pWMTl4S1Nxem1PbWt1RVpXc3E2dWZqR01jZW5FWFFUTE43cnNfWldha1JFWkdxX0tZNW5CbUtVbkZUT2UxcHpGUWY0dTI2bHR1N05DcGtkWUlDQjVTakRORQ,India Skill Development,"Union budget a roadmap for developed India, aimed at inclusive growth: Rajasthan CM",2026-02-02 11:47:37,2026-02-02,Devdiscourse,union budget a roadmap for developed india aimed at inclusive growth rajasthan cm,0.3818,0.191,0.809,0.0,0.3818,Positive
CBMivAFBVV95cUxPeFdKQTk5NWdETUYzaDBlYUJRV0p6ckVBdGpZYjVCZ3hweUFmUGRLRzdNc3A0U1Q5VUJxUjE1ZWRMdmdWcU1rRjE0Q3ZpMHNjVHk0V0l4c2Q4bjBVQjMyODJLT0hlcUkzbm1URF9YYnM4ZlRwbXQ3d0VPMGxZbjNfZ3pwbWxreXpBWk5MQ0ljdVQwNVEwOXktNk1fNlZnaUhNUk9GdHcxZEFBQ0x1S1gzaGYtMUtJcVVwVDNsYQ,India Skill Development,IRise Programme Inaugurated at KVK Hooghly: Creating Opportunities and Agri-Leadership Pathways for Rural Youth,2026-02-02 10:21:34,2026-02-02,Indian Council of Agricultural Research,irise programme inaugurated at kvk hooghly creating opportunities and agrileadership pathways for rural youth,0.5859,0.286,0.714,0.0,0.5859,Positive
CBMiwgFBVV95cUxOcmpjNVUwcnVrTFUyUkxKMFo3Y3QzRGE0STdWT2RaX21JXzNOTnFCY192RHA1OHZnMTFfbHQ1cTlFUzBvekxlQ1l0ZW9WdW80ZzlibHZnb3JfU3V5bnNsQ3piaE9FLWNCMG5tS0dqcFp4NDYtMmE2UkdGYXpocGRmb0o4cDFBd2xWVjdRaGlvTTBKaVRFUTVJTzhCUlh3ZklCal8tQmNXRGRTS3FqOVdqZXZSN1ZBRTMxaTU1MUNkcUxYd9IBxwFBVV95cUxNODI1bDBmV1F6cks3a0dINnkzdVhSWDR0QWpsOEpRY1IyZkF1dXJ3cWI0ZTRTeDdYNVlxSVhOSnh4bXRjUkdXOHJJTlNjT29qVHpZVndXWjVjVmEtYURiOV9BUzZ6ejdEN3BzTDc0YkU4OUJhZzFwOENGQTZDSjdIeFRTVFgzZ1pRNnpnVEpRRHNUYmttLVE3dGFQWEtDVHFhMWpaVk1FUzYzeC1fVmFtNlVYTFVvcnotSlY1eVVYTUVzX0pkVEpz,India Skill Development,"Vallabhbhai Patel Employment, Industrial Zone to be integrated hub for skills, jobs: UP govt",2026-02-02 17:48:04,2026-02-02,ThePrint,vallabhbhai patel employment industrial zone to be integrated hub for skills jobs up govt,0.0,0.0,1.0,0.0,0.0,Neutral
CBMipgFBVV95cUxPZW5zRGQzMklvM2s5QUNYSVFGR1pVX2s1QTlodlJleHhjRTNUN2F1VHlFRDhCaGdkWGxmMi14MVFpQUJHSVgyRlBDV1VSXzdXLUJVZW1RSlZBdXhkWENzLTdBRHNzZjRCWEdvMzR4ODVEbS1rbVJORUpWMUhiZHkxQ3JSRFVRV0VDRnhzbVR6b2FLYXotTkVIckFpZ09HbG5xb01OZF93,India Skill Development,Union Budget 2026–27: Reforms in Education and Skill Sectors,2026-02-02 10:11:50,2026-02-02,INSIGHTS IAS,union budget reforms in education and skill sectors,0.0,0.0,1.0,0.0,0.0,Neutral
CBMiwAFBVV95cUxOb3Z3Ui14SVVtU2djN05fM1I5MUxscWFxVUJtOVliZzlEalNISHUzcW9BMkdoZ0FuT1BZSkpkQk1vd2xtQUNPRkFsbWVTVXhETlpfZm9KRWZjT0xMTkNCXzJQcGZRajNONlJpZXdzMkdmS0lpdmxTbzUxdVBZUlltSEFGY3FQdnl2TEhNNUl3ZnBKcmFUUUMwWmFSVi1uZWsxSmxCZVdNckpRQ0lQY0FJRWJPaUZpcFppVjZmbVZ5T3nSAc4BQVVfeXFMTU5OVlBQOE92aFN2b3ZHaXJnVGEyRGRxWGlVRXVHbVFmdzMtcE1XX0QyMjJvTjc0SnhUNjZMdHBZRWNzVXBqYUpXdG9CaTJzeE11YnJqUzd0TC1XZ0I2SjlLajM4aHJSWGs5Mnk5NVR5UWtnbFV4b0VkZ0swd1BrNUozZzBhVWJ6T19hODIxdnhMSHFBcFdLbEt2Tmx4ajg5WldkWF9hbktZRjAyMXYzdjNzZXFtT1c1ZkJTVm84SkZOMzFNN05OUmdWWjc2YUE,India Skill Development,"In building waterways, is India neglecting ecosystems? Lessons from Budget 2026-27",2026-02-02 11:12:25,2026-02-02,Down To Earth,in building waterways is india neglecting ecosystems lessons from budget,-0.4019,0.0,0.769,0.231,0.4019,Negative
CBMiowFBVV95cUxQZkhwOVl0WWlsOTVhTVN6SC0yV0h1c2F3SlVWTU5rTWVjUW1hNklDM0xPSE4tVlBEUWREcHlhSlFIWWFnNlkxSFlUdmthM0prOUwteW9fTldnd293YV9nNE12T2VTdWJmRUtFX2diZHRqemVRM2Z4Q01BVjBqa1JxT0x4R3c2Ul90WkR3SUJ1blBnaFpjM2VUbzJCVjRJRGNnRmxF,India Skill Development,Union Budget 2026–27: Why Schools Are Now at the Centre of India’s Growth Story,2026-02-02 14:44:14,2026-02-02,education21.in,union budget why schools are now at the centre of indias growth story,0.3818,0.178,0.822,0.0,0.3818,Positive
CBMiygFBVV95cUxOSTVNZHF2VG1VUHpjZUw5WDVjdHIwOERiRV84UlRwTFNPQXJSTm9vOEZ1MVJfc1pTaURiMTZwdnZGQlVEV20tSzdYU0VPVXdTMnl5eF93OVdGcXd4aWNQTVRlckpaVEpublFtbW05bDFldnp4WkRNbEdEd0tPVkxLOUE2dndYMVZDNDlOdzB1WGc1cjkzc01nR1d1ZndfZ1RYck1pc0RDaE5tU1FRcWY1SVVnSkZUNndRQXFpTFZ5OTgySmRGQnZ2eXd30gHKAUFVX3lxTE5JNU1kcXZUbVVQemNlTDlYNWN0cjA4RGJFXzhSVHBMU09BclJOb284RnUxUl9zWlNpRGIxNnB2dkZCVURXbS1LN1hTRU9Vd1MyeXl4X3c5V0Zxd3hpY1BNVGVySlpUSm5uUW1tbTlsMWV2enhaRE1sR0R3S09WTEs5QTZ2d1gxVkM0OU53MHVYZzVyOTNzTWdHV3Vmd19nVFhyTWlzRENoTm1TUVFxZjVJVWdKRlQ2d1FBcWlMVnk5ODJKZEZCdnZ5d3c,India Skill Development,Experts in the industry provide their insights on the Union Budget for 2026-2027,2026-02-02 14:39:02,2026-02-02,The Hans India,experts in the industry provide their insights on the union budget for,0.0,0.0,1.0,0.0,0.0,Neutral
CBMilwFBVV95cUxOdXgyeUdrYlJVc1dIRVdEeVVnbkNIRlAzS2lEREE0YlYyb2lRTWN6QmZqWmNjY1VGMWlHNWYwY1otbm8ycTQ3MmI5aEJGOUFFdl9XanZYdEpKa05CdU0wc0xDWTgzaW0wZ3Bza2hmc3N1eXVyeFg2YWJRZkxxWUhjU3BBV3laeEd0Z3FuZVgtSW9OcTNicjZB,India Skill Development,Union Budget 2026- Allocation of frugal funds for Minorities is mere Eyewash,2026-02-02 19:30:05,2026-02-02,The Indian Awaaz,union budget allocation of frugal funds for minorities is mere eyewash,0.0,0.0,1.0,0.0,0.0,Neutral
CBMi4AFBVV95cUxNSDdtT2xyVFhBTzBLdUVoU0hYSVViQW1hZHB5ZDhzOUFhbVJRUGpuMHVZM2l0dWtjeVJIMlY2OGRVVUJyZkhyYm9qOUEzNEV2cW43QUxHSlRERlgzY2luem94enFKbVd0dGVlR0lidzlTd2ZDNHpWOEsyOGlPS29VaUFGNkdPODRUbTFzTDRIUDMzZFZ4dlhXSHE0VTY4Uk1VR0I2ZlZ0QllWS090NTFyd2F4eENwaEtGTjN6Vkh0aWFVQlcxRjR3eXluV0c2Rm9ucXIzbUpIY2pxTmphcjM0WdIB4AFBVV95cUxNSDdtT2xyVFhBTzBLdUVoU0hYSVViQW1hZHB5ZDhzOUFhbVJRUGpuMHVZM2l0dWtjeVJIMlY2OGRVVUJyZkhyYm9qOUEzNEV2cW43QUxHSlRERlgzY2luem94enFKbVd0dGVlR0lidzlTd2ZDNHpWOEsyOGlPS29VaUFGNkdPODRUbTFzTDRIUDMzZFZ4dlhXSHE0VTY4Uk1VR0I2ZlZ0QllWS090NTFyd2F4eENwaEtGTjN6Vkh0aWFVQlcxRjR3eXluV0c2Rm9ucXIzbUpIY2pxTmphcjM0WQ,India Skill Development,"Union Budget 2026 takes major steps to overcome shortcomings in Pharma sector, says ICMR DG",2026-02-02 09:01:00,2026-02-02,ANI News,union budget takes major steps to overcome shortcomings in pharma sector says icmr dg,0.0,0.0,1.0,0.0,0.0,Neutral
CBMizAFBVV95cUxOMHZBSlktNGhwYzhVdnB2a2pXS09HZkpUOWtsUy1ZRWZQQ0FRNEdnTFZCVm5jZjZYR1AzcUZSM2ktSkpWRkc2bGNrS1QzU04zTmtscEFCV3JFX2NpSFlrTms2WmE4NXh1UEIyckUzNDhvUExRcXFELVNJdXFLbWxJek11SHFmVGd0b3JTV0d1ZEl0NkxuN1o0WmRZS01UcGRCVjU5X013YXE5RzloS2RjNnp2N3BhT0duMEtTT2VBeDhvazZycHZSdTF3MzLSAdIBQVVfeXFMTWtIYTFxc2dOaHd3b3lyaEFCMzdiS3J1bEpXdGVpb2tYc2lsbkVQQzhJN2NUWDVCS2hGVExTc2NZdm1BMVhHN2RQOEFabm5IS3p1UEVXTFFYWndkOFJlV1BNWWlFNU45ZEk3YVlWbFJkeXNPMnFUc1VZUDNtWDUtaF9jRU56eE5qOFFDRVR3bkdSem5TV2ZYVFlsRlZUajktMXdNcXJ2RUcxQXJibWVjZ25nY1JOdXdQYzZVaGc5YXlrTl90N0hwX0V0M1ZkdGFxd29n,India Skill Development,Budget sustains reform momentum through people-centric approach: KPMG in India CEO,2026-02-02 11:17:40,2026-02-02,The Hans India,budget sustains reform momentum through peoplecentric approach kpmg in india ceo,0.0,0.0,1.0,0.0,0.0,Neutral
CBMi7AFBVV95cUxPa0lGOEdzUEVUbl9hUWVLWXRzUDN6SFRQUURtT2hybGRXd1lqTVBwazd4Mi1NTVZsS19KVlFGYkx2OHgyRFhhOVhaMlF2c08tY2J5dmo1WGxBODAzMHp6aVRmZXhsc19YN0stVFY3dkM3OTBsNTJhWVE1aHpRa2NoeVZ6WjlvQ2JLdFR4eDdxbW1VWlQ3V3JHMGhMbnE1T1RjdFNSV3VXd0xacWtRMEcxLW9EN2pHMEk0aFRELVJLRUFLNEg4XzQwVTFLaTBySDA4bVQwWm4xU0JVVF94YVpIRzA1ek02N0hRR2QyWtIB7AFBVV95cUxPa0lGOEdzUEVUbl9hUWVLWXRzUDN6SFRQUURtT2hybGRXd1lqTVBwazd4Mi1NTVZsS19KVlFGYkx2OHgyRFhhOVhaMlF2c08tY2J5dmo1WGxBODAzMHp6aVRmZXhsc19YN0stVFY3dkM3OTBsNTJhWVE1aHpRa2NoeVZ6WjlvQ2JLdFR4eDdxbW1VWlQ3V3JHMGhMbnE1T1RjdFNSV3VXd0xacWtRMEcxLW9EN2pHMEk0aFRELVJLRUFLNEg4XzQwVTFLaTBySDA4bVQwWm4xU0JVVF94YVpIRzA1ek02N0hRR2QyWg,India Skill Development,Uttarakhand CM launches Digital Training Management System to boost workers' skills and employment,2026-02-02 11:45:02,2026-02-02,Devdiscourse,uttarakhand cm launches digital training management system to boost workers skills and employment,0.4019,0.184,0.816,0.0,0.4019,Positive
CBMiZkFVX3lxTE0tLWJCMUo2SVRGQ0ZLV3hiQ0VlLTRuX2NmakdobjF3TkxHak1xeWFGOGtBcjZkQzN4NUNFekFVR29pNkREc0ViOUoyOHp0TjFnVDZfSTNyUW8yS01iQzBQU0VkVTdnQQ,India Skill Development,India’s $27.3 Million Budget for 2026,2026-02-02 16:16:39,2026-02-02,GAM3S.GG,indias million budget for,0.0,0.0,1.0,0.0,0.0,Neutral
CBMijwJBVV95cUxPT1AtS0hBN0RfQmdXbFg5TzR6dllWT283VGY2Z1M5SUR0S1lOckNRcFR6LTJ6dVBzaW9LWldBZThIOEk0UmM2a2t2a2lfUmJDSTFmVG9iRDEtemNqcEFRaFFqekhTOTVYOFJwT1JzWGtuNW9WZVY0WDQyUDVCTmNHQXhBdndBanQ2Mkp2UFpHQ2NyZzJNT1I5bFNrRjJKaUdmU3VQTUtwdVlBUkxFUFVxbF8xUTdrRHRGSWRjUmw1YlVCRTMtSHd4S0lqVGxjZFBXZnlXSDZBTWprLWJjVEM3NzlGa2JaeXI3Rm5BOUt2bFQxVmpRS21hOFJMTENZa0Fua3c4dmREVmJRQnhKNFBV0gGPAkFVX3lxTE9PUC1LSEE3RF9CZ1dsWDlPNHp2WVZPbzdUZjZnUzlJRHRLWU5yQ1FwVHotMnp1UHNpb0taV0FlOEg4STRSYzZra3ZraV9SYkNJMWZUb2JEMS16Y2pwQVFoUWp6SFM5NVg4UnBPUnNYa241b1ZlVjRYNDJQNUJOY0dBeEF2d0FqdDYySnZQWkdDY3JnMk1PUjlsU2tGMkppR2ZTdVBNS3B1WUFSTEVQVXFsXzFRN2tEdEZJZGNSbDViVUJFMy1Id3hLSWpUbGNkUFdmeVdINkFNamstYmNUQzc3OUZrYlp5cjdGbkE5S3ZsVDFWalFLbWE4UkxMQ1lrQW5rdzh2ZERWYlFCeEo0UFU,India Skill Development,"KRAFTON India Introduces Industry-First ‘BGMI Career Mode’ in an Attempt to Offer Real-Life, Career-Relevant Skill Insights via BGMI Gameplay",2026-02-02 12:14:09,2026-02-02,Devdiscourse,krafton india introduces industryfirst bgmi career mode in an attempt to offer reallife careerrelevant skill insights via bgmi gameplay,0.0,0.0,1.0,0.0,0.0,Neutral
CBMipgFBVV95cUxNMXpNeGlpX3R1SkpsSS1jWHd4bW0zMWxUU21kNEE5eTZLN0swQlQxWi16Nl9nVnI1M3Z3WWRmVUw4YXVuMVdHeDZtZWUtMUloVmJ3RWhWVzBVNTlKYjVyT0phRUZUcGhUYWl5T2NjeXJIWFFhaGJDQjFrSnFZRzRhb2NubWNhc2kwWlFNZDIwaXNQa3IwRTV0SEZndnRwU1JkNzlSdzd30gGmAUFVX3lxTE0xek14aWlfdHVKSmxJLWNYd3htbTMxbFRTbWQ0QTl5Nks3SzBCVDFaLXo2X2dWcjUzdndZZGZVTDhhdW4xV0d4Nm1lZS0xSWhWYndFaFZXMFU1OUpiNXJPSmFFRlRwaFRhaXlPY2N5ckhYUWFoYkNCMWtKcVlHNGFvY25tY2FzaTBaUU1kMjBpc1BrcjBFNXRIRmd2dHBTUmQ3OVJ3N3c,India Skill Development,Top 10 Entrepreneurs in India to Watch in 2026,2026-02-02 09:08:00,2026-02-02,ANI News,top entrepreneurs in india to watch in,0.2023,0.231,0.769,0.0,0.2023,Positive
CBMi2wFBVV95cUxONHdTXzVEcjUtalRzX190ZV9VX29vdkJfNHpDanJCOW1EYjc0WFhqOUhVb2ZvRmQ0ajV2dU94Wmt1NHIybG5XRXJ6Q0hGVWxlYjNRYjJMX210RTFKNmVtdFh4QUxTdUNSRXZyMUxQMnV6T1hxMjV6cXM5Q0RpRTNrLUtUMld3T3hCOXY0ZEZMSnYzLTE5RTVqS1FtNi1qUzVVYjV4M3ZRd3Z5M3lpV3V3WjRSNDNLSVA1SFZGVGpLTldUVkpGa0cxYURuVUs3bUliakoyVVVVb2lVS1E,India Skill Development,India's Semiconductor Mission 2.0: A Bold Step Towards Becoming a Global Chip Manufacturing Hub,2026-02-03 07:20:00,2026-02-02,The Daily Jagran,indias semiconductor mission a bold step towards becoming a global chip manufacturing hub,0.3818,0.206,0.794,0.0,0.3818,Positive
CBMiwwFBVV95cUxNUm9WblRKRE5YSEhfdXpHWlJ0RFBXc2lkY1pjQWlPRnJQNVBoQ1pzWVFMVWkybVNIaWJVQTNkbXVCU1ZGQk5xOG9abmVCa2pHNXNITi1ncmVPcGhNajJ4UGhCd1pnWWwyTGxNZUxYR2thMzZhSEhqZnlVUi1qcGpjTlRNV3h0OWJKRnd1OENHdUx6MTNGTkFNc3hUS3Y2WTBDbVJDMndyTVQ2WEZad2lNSjNaNlQxeTk4cXNlUEp2Z002YTQ,India Skill Development,"Union Budget 2026 Draws Industry Praise for Focus on Education, Skills and Future-Ready Growth",2026-02-02 23:38:08,2026-02-02,The Blunt Times,union budget draws industry praise for focus on education skills and futureready growth,0.7351,0.36,0.64,0.0,0.7351,Positive
CBMif0FVX3lxTFBGUmdkejNhNVZfT1hHT2c2dzRneVE1cXoyRkNLYno3N0xXLTdMYmpINkdnMTFBYVc2bHFGeUhKM1hnUE1MWXdnOXlwazNnQlZyejlhU2pUNFpXM0JLZ2FWRXU4bkZpZ05jUkFubVFMLVRyaGE3Vm1teTcxRDNZMU0,India Skill Development,Experts Provide Insights on Union Budget 2026-2027,2026-02-02 18:16:07,2026-02-02,निहारिका टाइम्स,experts provide insights on union budget,0.0,0.0,1.0,0.0,0.0,Neutral
